<?xml version="1.0" encoding="utf-8" standalone="no"?>
<gpx creator="Amazfit Bip 6" version="1.1" xmlns="http://www.topografix.com/GPX/1/1" xmlns:ns1="http://www.cluetrust.com/XML/GPXDATA/1/0" xmlns:ns2="http://www.garmin.com/xmlschemas/GpxExtensions/v3" xmlns:ns3="http://www.garmin.com/xmlschemas/TrackPointExtension/v1" xmlns:xsi="http://www.w3.org/2001/XMLSchema-instance" xsi:schemaLocation="http://www.topografix.com/GPX/1/1 http://www.topografix.com/GPX/11.xsd">
	<metadata>
		<name>Zepp</name>
		<author>
			<name>Zepp</name>
		</author>
		<time>2025-10-28T21:56:57Z</time>
	</metadata>
	<trk>
		<name>20251026093240 Corrida ao ar livre</name>
		<trkseg>
			<trkpt lat="-6.452150" lon="-35.671304">
				<time>2025-10-26T12:32:39Z</time>
				<ele>-20000.000000</ele>
				<extensions>
					<ns3:TrackPointExtension>
						<ns3:hr>134</ns3:hr>
						<ns3:speed>3.610110</ns3:speed>
						<ns3:cad>82</ns3:cad>
					</ns3:TrackPointExtension>
				</extensions>
			</trkpt>
			<trkpt lat="-6.452156" lon="-35.671271">
				<time>2025-10-26T12:32:40Z</time>
				<ele>-20000.000000</ele>
				<extensions>
					<ns3:TrackPointExtension>
						<ns3:hr>136</ns3:hr>
						<ns3:speed>3.649640</ns3:speed>
						<ns3:cad>82</ns3:cad>
					</ns3:TrackPointExtension>
				</extensions>
			</trkpt>
			<trkpt lat="-6.452161" lon="-35.671239">
				<time>2025-10-26T12:32:41Z</time>
				<ele>-20000.000000</ele>
				<extensions>
					<ns3:TrackPointExtension>
						<ns3:hr>137</ns3:hr>
						<ns3:speed>3.676470</ns3:speed>
						<ns3:cad>82</ns3:cad>
					</ns3:TrackPointExtension>
				</extensions>
			</trkpt>
			<trkpt lat="-6.452167" lon="-35.671207">
				<time>2025-10-26T12:32:42Z</time>
				<ele>-20000.000000</ele>
				<extensions>
					<ns3:TrackPointExtension>
						<ns3:hr>138</ns3:hr>
						<ns3:speed>3.676470</ns3:speed>
						<ns3:cad>83</ns3:cad>
					</ns3:TrackPointExtension>
				</extensions>
			</trkpt>
			<trkpt lat="-6.452173" lon="-35.671173">
				<time>2025-10-26T12:32:43Z</time>
				<ele>-20000.000000</ele>
				<extensions>
					<ns3:TrackPointExtension>
						<ns3:hr>138</ns3:hr>
						<ns3:speed>3.676470</ns3:speed>
						<ns3:cad>83</ns3:cad>
					</ns3:TrackPointExtension>
				</extensions>
			</trkpt>
			<trkpt lat="-6.452180" lon="-35.671139">
				<time>2025-10-26T12:32:44Z</time>
				<ele>-20000.000000</ele>
				<extensions>
					<ns3:TrackPointExtension>
						<ns3:hr>137</ns3:hr>
						<ns3:speed>3.690040</ns3:speed>
						<ns3:cad>83</ns3:cad>
					</ns3:TrackPointExtension>
				</extensions>
			</trkpt>
			<trkpt lat="-6.452190" lon="-35.671106">
				<time>2025-10-26T12:32:45Z</time>
				<ele>-20000.000000</ele>
				<extensions>
					<ns3:TrackPointExtension>
						<ns3:hr>135</ns3:hr>
						<ns3:speed>3.717470</ns3:speed>
						<ns3:cad>83</ns3:cad>
					</ns3:TrackPointExtension>
				</extensions>
			</trkpt>
			<trkpt lat="-6.452196" lon="-35.671074">
				<time>2025-10-26T12:32:46Z</time>
				<ele>-20000.000000</ele>
				<extensions>
					<ns3:TrackPointExtension>
						<ns3:hr>135</ns3:hr>
						<ns3:speed>3.717470</ns3:speed>
						<ns3:cad>82</ns3:cad>
					</ns3:TrackPointExtension>
				</extensions>
			</trkpt>
			<trkpt lat="-6.452200" lon="-35.671042">
				<time>2025-10-26T12:32:47Z</time>
				<ele>-20000.000000</ele>
				<extensions>
					<ns3:TrackPointExtension>
						<ns3:hr>137</ns3:hr>
						<ns3:speed>3.676470</ns3:speed>
						<ns3:cad>82</ns3:cad>
					</ns3:TrackPointExtension>
				</extensions>
			</trkpt>
			<trkpt lat="-6.452203" lon="-35.671011">
				<time>2025-10-26T12:32:48Z</time>
				<ele>-20000.000000</ele>
				<extensions>
					<ns3:TrackPointExtension>
						<ns3:hr>138</ns3:hr>
						<ns3:speed>3.663000</ns3:speed>
						<ns3:cad>82</ns3:cad>
					</ns3:TrackPointExtension>
				</extensions>
			</trkpt>
			<trkpt lat="-6.452206" lon="-35.670978">
				<time>2025-10-26T12:32:49Z</time>
				<ele>-20000.000000</ele>
				<extensions>
					<ns3:TrackPointExtension>
						<ns3:hr>141</ns3:hr>
						<ns3:speed>3.663000</ns3:speed>
						<ns3:cad>83</ns3:cad>
					</ns3:TrackPointExtension>
				</extensions>
			</trkpt>
			<trkpt lat="-6.452207" lon="-35.670945">
				<time>2025-10-26T12:32:50Z</time>
				<ele>-20000.000000</ele>
				<extensions>
					<ns3:TrackPointExtension>
						<ns3:hr>143</ns3:hr>
						<ns3:speed>3.649640</ns3:speed>
						<ns3:cad>83</ns3:cad>
					</ns3:TrackPointExtension>
				</extensions>
			</trkpt>
			<trkpt lat="-6.452210" lon="-35.670912">
				<time>2025-10-26T12:32:51Z</time>
				<ele>-20000.000000</ele>
				<extensions>
					<ns3:TrackPointExtension>
						<ns3:hr>141</ns3:hr>
						<ns3:speed>3.649640</ns3:speed>
						<ns3:cad>83</ns3:cad>
					</ns3:TrackPointExtension>
				</extensions>
			</trkpt>
			<trkpt lat="-6.452214" lon="-35.670878">
				<time>2025-10-26T12:32:52Z</time>
				<ele>-20000.000000</ele>
				<extensions>
					<ns3:TrackPointExtension>
						<ns3:hr>141</ns3:hr>
						<ns3:speed>3.649640</ns3:speed>
						<ns3:cad>83</ns3:cad>
					</ns3:TrackPointExtension>
				</extensions>
			</trkpt>
			<trkpt lat="-6.452217" lon="-35.670844">
				<time>2025-10-26T12:32:53Z</time>
				<ele>-20000.000000</ele>
				<extensions>
					<ns3:TrackPointExtension>
						<ns3:hr>141</ns3:hr>
						<ns3:speed>3.663000</ns3:speed>
						<ns3:cad>83</ns3:cad>
					</ns3:TrackPointExtension>
				</extensions>
			</trkpt>
			<trkpt lat="-6.452220" lon="-35.670812">
				<time>2025-10-26T12:32:54Z</time>
				<ele>-20000.000000</ele>
				<extensions>
					<ns3:TrackPointExtension>
						<ns3:hr>141</ns3:hr>
						<ns3:speed>3.676470</ns3:speed>
						<ns3:cad>83</ns3:cad>
					</ns3:TrackPointExtension>
				</extensions>
			</trkpt>
			<trkpt lat="-6.452223" lon="-35.670779">
				<time>2025-10-26T12:32:55Z</time>
				<ele>-20000.000000</ele>
				<extensions>
					<ns3:TrackPointExtension>
						<ns3:hr>140</ns3:hr>
						<ns3:speed>3.676470</ns3:speed>
						<ns3:cad>83</ns3:cad>
					</ns3:TrackPointExtension>
				</extensions>
			</trkpt>
			<trkpt lat="-6.452224" lon="-35.670746">
				<time>2025-10-26T12:32:56Z</time>
				<ele>-20000.000000</ele>
				<extensions>
					<ns3:TrackPointExtension>
						<ns3:hr>142</ns3:hr>
						<ns3:speed>3.703700</ns3:speed>
						<ns3:cad>83</ns3:cad>
					</ns3:TrackPointExtension>
				</extensions>
			</trkpt>
			<trkpt lat="-6.452226" lon="-35.670713">
				<time>2025-10-26T12:32:57Z</time>
				<ele>-20000.000000</ele>
				<extensions>
					<ns3:TrackPointExtension>
						<ns3:hr>151</ns3:hr>
						<ns3:speed>3.703700</ns3:speed>
						<ns3:cad>83</ns3:cad>
					</ns3:TrackPointExtension>
				</extensions>
			</trkpt>
			<trkpt lat="-6.452228" lon="-35.670682">
				<time>2025-10-26T12:32:58Z</time>
				<ele>-20000.000000</ele>
				<extensions>
					<ns3:TrackPointExtension>
						<ns3:hr>151</ns3:hr>
						<ns3:speed>3.703700</ns3:speed>
						<ns3:cad>83</ns3:cad>
					</ns3:TrackPointExtension>
				</extensions>
			</trkpt>
			<trkpt lat="-6.452229" lon="-35.670651">
				<time>2025-10-26T12:32:59Z</time>
				<ele>-20000.000000</ele>
				<extensions>
					<ns3:TrackPointExtension>
						<ns3:hr>152</ns3:hr>
						<ns3:speed>3.676470</ns3:speed>
						<ns3:cad>83</ns3:cad>
					</ns3:TrackPointExtension>
				</extensions>
			</trkpt>
			<trkpt lat="-6.452231" lon="-35.670619">
				<time>2025-10-26T12:33:00Z</time>
				<ele>-20000.000000</ele>
				<extensions>
					<ns3:TrackPointExtension>
						<ns3:hr>154</ns3:hr>
						<ns3:speed>3.623190</ns3:speed>
						<ns3:cad>83</ns3:cad>
					</ns3:TrackPointExtension>
				</extensions>
			</trkpt>
			<trkpt lat="-6.452233" lon="-35.670587">
				<time>2025-10-26T12:33:01Z</time>
				<ele>-20000.000000</ele>
				<extensions>
					<ns3:TrackPointExtension>
						<ns3:hr>153</ns3:hr>
						<ns3:speed>3.623190</ns3:speed>
						<ns3:cad>83</ns3:cad>
					</ns3:TrackPointExtension>
				</extensions>
			</trkpt>
			<trkpt lat="-6.452236" lon="-35.670554">
				<time>2025-10-26T12:33:02Z</time>
				<ele>-20000.000000</ele>
				<extensions>
					<ns3:TrackPointExtension>
						<ns3:hr>154</ns3:hr>
						<ns3:speed>3.610110</ns3:speed>
						<ns3:cad>83</ns3:cad>
					</ns3:TrackPointExtension>
				</extensions>
			</trkpt>
			<trkpt lat="-6.452239" lon="-35.670520">
				<time>2025-10-26T12:33:03Z</time>
				<ele>-20000.000000</ele>
				<extensions>
					<ns3:TrackPointExtension>
						<ns3:hr>155</ns3:hr>
						<ns3:speed>3.610110</ns3:speed>
						<ns3:cad>83</ns3:cad>
					</ns3:TrackPointExtension>
				</extensions>
			</trkpt>
			<trkpt lat="-6.452242" lon="-35.670486">
				<time>2025-10-26T12:33:04Z</time>
				<ele>-20000.000000</ele>
				<extensions>
					<ns3:TrackPointExtension>
						<ns3:hr>155</ns3:hr>
						<ns3:speed>3.584230</ns3:speed>
						<ns3:cad>83</ns3:cad>
					</ns3:TrackPointExtension>
				</extensions>
			</trkpt>
			<trkpt lat="-6.452244" lon="-35.670452">
				<time>2025-10-26T12:33:05Z</time>
				<ele>-20000.000000</ele>
				<extensions>
					<ns3:TrackPointExtension>
						<ns3:hr>153</ns3:hr>
						<ns3:speed>3.533570</ns3:speed>
						<ns3:cad>83</ns3:cad>
					</ns3:TrackPointExtension>
				</extensions>
			</trkpt>
			<trkpt lat="-6.452246" lon="-35.670417">
				<time>2025-10-26T12:33:06Z</time>
				<ele>-20000.000000</ele>
				<extensions>
					<ns3:TrackPointExtension>
						<ns3:hr>152</ns3:hr>
						<ns3:speed>3.521130</ns3:speed>
						<ns3:cad>83</ns3:cad>
					</ns3:TrackPointExtension>
				</extensions>
			</trkpt>
			<trkpt lat="-6.452250" lon="-35.670381">
				<time>2025-10-26T12:33:07Z</time>
				<ele>-20000.000000</ele>
				<extensions>
					<ns3:TrackPointExtension>
						<ns3:hr>152</ns3:hr>
						<ns3:speed>3.546100</ns3:speed>
						<ns3:cad>83</ns3:cad>
					</ns3:TrackPointExtension>
				</extensions>
			</trkpt>
			<trkpt lat="-6.452255" lon="-35.670347">
				<time>2025-10-26T12:33:08Z</time>
				<ele>-20000.000000</ele>
				<extensions>
					<ns3:TrackPointExtension>
						<ns3:hr>151</ns3:hr>
						<ns3:speed>3.584230</ns3:speed>
						<ns3:cad>83</ns3:cad>
					</ns3:TrackPointExtension>
				</extensions>
			</trkpt>
			<trkpt lat="-6.452258" lon="-35.670313">
				<time>2025-10-26T12:33:09Z</time>
				<ele>-20000.000000</ele>
				<extensions>
					<ns3:TrackPointExtension>
						<ns3:hr>150</ns3:hr>
						<ns3:speed>3.636360</ns3:speed>
						<ns3:cad>83</ns3:cad>
					</ns3:TrackPointExtension>
				</extensions>
			</trkpt>
			<trkpt lat="-6.452261" lon="-35.670280">
				<time>2025-10-26T12:33:10Z</time>
				<ele>-20000.000000</ele>
				<extensions>
					<ns3:TrackPointExtension>
						<ns3:hr>149</ns3:hr>
						<ns3:speed>3.676470</ns3:speed>
						<ns3:cad>83</ns3:cad>
					</ns3:TrackPointExtension>
				</extensions>
			</trkpt>
			<trkpt lat="-6.452263" lon="-35.670249">
				<time>2025-10-26T12:33:11Z</time>
				<ele>-20000.000000</ele>
				<extensions>
					<ns3:TrackPointExtension>
						<ns3:hr>149</ns3:hr>
						<ns3:speed>3.676470</ns3:speed>
						<ns3:cad>83</ns3:cad>
					</ns3:TrackPointExtension>
				</extensions>
			</trkpt>
			<trkpt lat="-6.452265" lon="-35.670218">
				<time>2025-10-26T12:33:12Z</time>
				<ele>-20000.000000</ele>
				<extensions>
					<ns3:TrackPointExtension>
						<ns3:hr>149</ns3:hr>
						<ns3:speed>3.676470</ns3:speed>
						<ns3:cad>83</ns3:cad>
					</ns3:TrackPointExtension>
				</extensions>
			</trkpt>
			<trkpt lat="-6.452267" lon="-35.670190">
				<time>2025-10-26T12:33:13Z</time>
				<ele>-20000.000000</ele>
				<extensions>
					<ns3:TrackPointExtension>
						<ns3:hr>147</ns3:hr>
						<ns3:speed>3.690040</ns3:speed>
						<ns3:cad>83</ns3:cad>
					</ns3:TrackPointExtension>
				</extensions>
			</trkpt>
			<trkpt lat="-6.452269" lon="-35.670162">
				<time>2025-10-26T12:33:14Z</time>
				<ele>-20000.000000</ele>
				<extensions>
					<ns3:TrackPointExtension>
						<ns3:hr>149</ns3:hr>
						<ns3:speed>3.703700</ns3:speed>
						<ns3:cad>83</ns3:cad>
					</ns3:TrackPointExtension>
				</extensions>
			</trkpt>
			<trkpt lat="-6.452274" lon="-35.670134">
				<time>2025-10-26T12:33:15Z</time>
				<ele>-20000.000000</ele>
				<extensions>
					<ns3:TrackPointExtension>
						<ns3:hr>151</ns3:hr>
						<ns3:speed>3.703700</ns3:speed>
						<ns3:cad>82</ns3:cad>
					</ns3:TrackPointExtension>
				</extensions>
			</trkpt>
			<trkpt lat="-6.452279" lon="-35.670109">
				<time>2025-10-26T12:33:16Z</time>
				<ele>-20000.000000</ele>
				<extensions>
					<ns3:TrackPointExtension>
						<ns3:hr>152</ns3:hr>
						<ns3:speed>3.703700</ns3:speed>
						<ns3:cad>82</ns3:cad>
					</ns3:TrackPointExtension>
				</extensions>
			</trkpt>
			<trkpt lat="-6.452286" lon="-35.670087">
				<time>2025-10-26T12:33:17Z</time>
				<ele>-20000.000000</ele>
				<extensions>
					<ns3:TrackPointExtension>
						<ns3:hr>153</ns3:hr>
						<ns3:speed>3.663000</ns3:speed>
						<ns3:cad>81</ns3:cad>
					</ns3:TrackPointExtension>
				</extensions>
			</trkpt>
			<trkpt lat="-6.452295" lon="-35.670065">
				<time>2025-10-26T12:33:18Z</time>
				<ele>-20000.000000</ele>
				<extensions>
					<ns3:TrackPointExtension>
						<ns3:hr>152</ns3:hr>
						<ns3:speed>3.663000</ns3:speed>
						<ns3:cad>81</ns3:cad>
					</ns3:TrackPointExtension>
				</extensions>
			</trkpt>
			<trkpt lat="-6.452304" lon="-35.670044">
				<time>2025-10-26T12:33:19Z</time>
				<ele>-20000.000000</ele>
				<extensions>
					<ns3:TrackPointExtension>
						<ns3:hr>153</ns3:hr>
						<ns3:speed>3.597120</ns3:speed>
						<ns3:cad>80</ns3:cad>
					</ns3:TrackPointExtension>
				</extensions>
			</trkpt>
			<trkpt lat="-6.452311" lon="-35.670022">
				<time>2025-10-26T12:33:20Z</time>
				<ele>-20000.000000</ele>
				<extensions>
					<ns3:TrackPointExtension>
						<ns3:hr>153</ns3:hr>
						<ns3:speed>3.597120</ns3:speed>
						<ns3:cad>80</ns3:cad>
					</ns3:TrackPointExtension>
				</extensions>
			</trkpt>
			<trkpt lat="-6.452319" lon="-35.670000">
				<time>2025-10-26T12:33:21Z</time>
				<ele>-20000.000000</ele>
				<extensions>
					<ns3:TrackPointExtension>
						<ns3:hr>153</ns3:hr>
						<ns3:speed>3.571430</ns3:speed>
						<ns3:cad>80</ns3:cad>
					</ns3:TrackPointExtension>
				</extensions>
			</trkpt>
			<trkpt lat="-6.452327" lon="-35.669977">
				<time>2025-10-26T12:33:22Z</time>
				<ele>-20000.000000</ele>
				<extensions>
					<ns3:TrackPointExtension>
						<ns3:hr>153</ns3:hr>
						<ns3:speed>3.174600</ns3:speed>
						<ns3:cad>80</ns3:cad>
					</ns3:TrackPointExtension>
				</extensions>
			</trkpt>
			<trkpt lat="-6.452334" lon="-35.669953">
				<time>2025-10-26T12:33:23Z</time>
				<ele>-20000.000000</ele>
				<extensions>
					<ns3:TrackPointExtension>
						<ns3:hr>153</ns3:hr>
						<ns3:speed>2.688170</ns3:speed>
						<ns3:cad>80</ns3:cad>
					</ns3:TrackPointExtension>
				</extensions>
			</trkpt>
			<trkpt lat="-6.452343" lon="-35.669929">
				<time>2025-10-26T12:33:24Z</time>
				<ele>-20000.000000</ele>
				<extensions>
					<ns3:TrackPointExtension>
						<ns3:hr>156</ns3:hr>
						<ns3:speed>2.688170</ns3:speed>
						<ns3:cad>81</ns3:cad>
					</ns3:TrackPointExtension>
				</extensions>
			</trkpt>
			<trkpt lat="-6.452354" lon="-35.669904">
				<time>2025-10-26T12:33:25Z</time>
				<ele>-20000.000000</ele>
				<extensions>
					<ns3:TrackPointExtension>
						<ns3:hr>157</ns3:hr>
						<ns3:speed>2.688170</ns3:speed>
						<ns3:cad>81</ns3:cad>
					</ns3:TrackPointExtension>
				</extensions>
			</trkpt>
			<trkpt lat="-6.452366" lon="-35.669879">
				<time>2025-10-26T12:33:26Z</time>
				<ele>-20000.000000</ele>
				<extensions>
					<ns3:TrackPointExtension>
						<ns3:hr>156</ns3:hr>
						<ns3:speed>2.680970</ns3:speed>
						<ns3:cad>81</ns3:cad>
					</ns3:TrackPointExtension>
				</extensions>
			</trkpt>
			<trkpt lat="-6.452378" lon="-35.669854">
				<time>2025-10-26T12:33:27Z</time>
				<ele>-20000.000000</ele>
				<extensions>
					<ns3:TrackPointExtension>
						<ns3:hr>156</ns3:hr>
						<ns3:speed>2.680970</ns3:speed>
						<ns3:cad>81</ns3:cad>
					</ns3:TrackPointExtension>
				</extensions>
			</trkpt>
			<trkpt lat="-6.452392" lon="-35.669829">
				<time>2025-10-26T12:33:28Z</time>
				<ele>-20000.000000</ele>
				<extensions>
					<ns3:TrackPointExtension>
						<ns3:hr>155</ns3:hr>
						<ns3:speed>2.754820</ns3:speed>
						<ns3:cad>81</ns3:cad>
					</ns3:TrackPointExtension>
				</extensions>
			</trkpt>
			<trkpt lat="-6.452407" lon="-35.669804">
				<time>2025-10-26T12:33:29Z</time>
				<ele>-20000.000000</ele>
				<extensions>
					<ns3:TrackPointExtension>
						<ns3:hr>155</ns3:hr>
						<ns3:speed>2.840910</ns3:speed>
						<ns3:cad>81</ns3:cad>
					</ns3:TrackPointExtension>
				</extensions>
			</trkpt>
			<trkpt lat="-6.452420" lon="-35.669779">
				<time>2025-10-26T12:33:30Z</time>
				<ele>-20000.000000</ele>
				<extensions>
					<ns3:TrackPointExtension>
						<ns3:hr>155</ns3:hr>
						<ns3:speed>2.840910</ns3:speed>
						<ns3:cad>81</ns3:cad>
					</ns3:TrackPointExtension>
				</extensions>
			</trkpt>
			<trkpt lat="-6.452434" lon="-35.669753">
				<time>2025-10-26T12:33:31Z</time>
				<ele>-20000.000000</ele>
				<extensions>
					<ns3:TrackPointExtension>
						<ns3:hr>156</ns3:hr>
						<ns3:speed>2.932550</ns3:speed>
						<ns3:cad>81</ns3:cad>
					</ns3:TrackPointExtension>
				</extensions>
			</trkpt>
			<trkpt lat="-6.452448" lon="-35.669727">
				<time>2025-10-26T12:33:32Z</time>
				<ele>-20000.000000</ele>
				<extensions>
					<ns3:TrackPointExtension>
						<ns3:hr>156</ns3:hr>
						<ns3:speed>3.012050</ns3:speed>
						<ns3:cad>81</ns3:cad>
					</ns3:TrackPointExtension>
				</extensions>
			</trkpt>
			<trkpt lat="-6.452460" lon="-35.669701">
				<time>2025-10-26T12:33:33Z</time>
				<ele>-20000.000000</ele>
				<extensions>
					<ns3:TrackPointExtension>
						<ns3:hr>157</ns3:hr>
						<ns3:speed>3.076920</ns3:speed>
						<ns3:cad>81</ns3:cad>
					</ns3:TrackPointExtension>
				</extensions>
			</trkpt>
			<trkpt lat="-6.452473" lon="-35.669676">
				<time>2025-10-26T12:33:34Z</time>
				<ele>-20000.000000</ele>
				<extensions>
					<ns3:TrackPointExtension>
						<ns3:hr>157</ns3:hr>
						<ns3:speed>3.115260</ns3:speed>
						<ns3:cad>81</ns3:cad>
					</ns3:TrackPointExtension>
				</extensions>
			</trkpt>
			<trkpt lat="-6.452483" lon="-35.669650">
				<time>2025-10-26T12:33:35Z</time>
				<ele>-20000.000000</ele>
				<extensions>
					<ns3:TrackPointExtension>
						<ns3:hr>157</ns3:hr>
						<ns3:speed>3.164560</ns3:speed>
						<ns3:cad>81</ns3:cad>
					</ns3:TrackPointExtension>
				</extensions>
			</trkpt>
			<trkpt lat="-6.452495" lon="-35.669625">
				<time>2025-10-26T12:33:36Z</time>
				<ele>-20000.000000</ele>
				<extensions>
					<ns3:TrackPointExtension>
						<ns3:hr>156</ns3:hr>
						<ns3:speed>3.205130</ns3:speed>
						<ns3:cad>81</ns3:cad>
					</ns3:TrackPointExtension>
				</extensions>
			</trkpt>
			<trkpt lat="-6.452503" lon="-35.669600">
				<time>2025-10-26T12:33:37Z</time>
				<ele>-20000.000000</ele>
				<extensions>
					<ns3:TrackPointExtension>
						<ns3:hr>157</ns3:hr>
						<ns3:speed>3.225810</ns3:speed>
						<ns3:cad>81</ns3:cad>
					</ns3:TrackPointExtension>
				</extensions>
			</trkpt>
			<trkpt lat="-6.452509" lon="-35.669576">
				<time>2025-10-26T12:33:38Z</time>
				<ele>-20000.000000</ele>
				<extensions>
					<ns3:TrackPointExtension>
						<ns3:hr>158</ns3:hr>
						<ns3:speed>3.225810</ns3:speed>
						<ns3:cad>81</ns3:cad>
					</ns3:TrackPointExtension>
				</extensions>
			</trkpt>
			<trkpt lat="-6.452514" lon="-35.669550">
				<time>2025-10-26T12:33:39Z</time>
				<ele>-20000.000000</ele>
				<extensions>
					<ns3:TrackPointExtension>
						<ns3:hr>159</ns3:hr>
						<ns3:speed>3.215430</ns3:speed>
						<ns3:cad>81</ns3:cad>
					</ns3:TrackPointExtension>
				</extensions>
			</trkpt>
			<trkpt lat="-6.452518" lon="-35.669525">
				<time>2025-10-26T12:33:40Z</time>
				<ele>-20000.000000</ele>
				<extensions>
					<ns3:TrackPointExtension>
						<ns3:hr>159</ns3:hr>
						<ns3:speed>3.194890</ns3:speed>
						<ns3:cad>81</ns3:cad>
					</ns3:TrackPointExtension>
				</extensions>
			</trkpt>
			<trkpt lat="-6.452521" lon="-35.669499">
				<time>2025-10-26T12:33:41Z</time>
				<ele>-20000.000000</ele>
				<extensions>
					<ns3:TrackPointExtension>
						<ns3:hr>159</ns3:hr>
						<ns3:speed>3.134800</ns3:speed>
						<ns3:cad>82</ns3:cad>
					</ns3:TrackPointExtension>
				</extensions>
			</trkpt>
			<trkpt lat="-6.452524" lon="-35.669472">
				<time>2025-10-26T12:33:42Z</time>
				<ele>-20000.000000</ele>
				<extensions>
					<ns3:TrackPointExtension>
						<ns3:hr>158</ns3:hr>
						<ns3:speed>3.058100</ns3:speed>
						<ns3:cad>81</ns3:cad>
					</ns3:TrackPointExtension>
				</extensions>
			</trkpt>
			<trkpt lat="-6.452523" lon="-35.669446">
				<time>2025-10-26T12:33:43Z</time>
				<ele>-20000.000000</ele>
				<extensions>
					<ns3:TrackPointExtension>
						<ns3:hr>156</ns3:hr>
						<ns3:speed>2.985070</ns3:speed>
						<ns3:cad>81</ns3:cad>
					</ns3:TrackPointExtension>
				</extensions>
			</trkpt>
			<trkpt lat="-6.452522" lon="-35.669422">
				<time>2025-10-26T12:33:44Z</time>
				<ele>-20000.000000</ele>
				<extensions>
					<ns3:TrackPointExtension>
						<ns3:hr>156</ns3:hr>
						<ns3:speed>2.949850</ns3:speed>
						<ns3:cad>81</ns3:cad>
					</ns3:TrackPointExtension>
				</extensions>
			</trkpt>
			<trkpt lat="-6.452523" lon="-35.669398">
				<time>2025-10-26T12:33:45Z</time>
				<ele>-20000.000000</ele>
				<extensions>
					<ns3:TrackPointExtension>
						<ns3:hr>157</ns3:hr>
						<ns3:speed>2.949850</ns3:speed>
						<ns3:cad>81</ns3:cad>
					</ns3:TrackPointExtension>
				</extensions>
			</trkpt>
			<trkpt lat="-6.452524" lon="-35.669376">
				<time>2025-10-26T12:33:46Z</time>
				<ele>-20000.000000</ele>
				<extensions>
					<ns3:TrackPointExtension>
						<ns3:hr>157</ns3:hr>
						<ns3:speed>2.941180</ns3:speed>
						<ns3:cad>81</ns3:cad>
					</ns3:TrackPointExtension>
				</extensions>
			</trkpt>
			<trkpt lat="-6.452527" lon="-35.669353">
				<time>2025-10-26T12:33:47Z</time>
				<ele>-20000.000000</ele>
				<extensions>
					<ns3:TrackPointExtension>
						<ns3:hr>158</ns3:hr>
						<ns3:speed>2.941180</ns3:speed>
						<ns3:cad>81</ns3:cad>
					</ns3:TrackPointExtension>
				</extensions>
			</trkpt>
			<trkpt lat="-6.452531" lon="-35.669330">
				<time>2025-10-26T12:33:48Z</time>
				<ele>-20000.000000</ele>
				<extensions>
					<ns3:TrackPointExtension>
						<ns3:hr>160</ns3:hr>
						<ns3:speed>2.898550</ns3:speed>
						<ns3:cad>81</ns3:cad>
					</ns3:TrackPointExtension>
				</extensions>
			</trkpt>
			<trkpt lat="-6.452536" lon="-35.669305">
				<time>2025-10-26T12:33:49Z</time>
				<ele>-20000.000000</ele>
				<extensions>
					<ns3:TrackPointExtension>
						<ns3:hr>161</ns3:hr>
						<ns3:speed>2.816900</ns3:speed>
						<ns3:cad>81</ns3:cad>
					</ns3:TrackPointExtension>
				</extensions>
			</trkpt>
			<trkpt lat="-6.452541" lon="-35.669279">
				<time>2025-10-26T12:33:50Z</time>
				<ele>-20000.000000</ele>
				<extensions>
					<ns3:TrackPointExtension>
						<ns3:hr>162</ns3:hr>
						<ns3:speed>2.724800</ns3:speed>
						<ns3:cad>81</ns3:cad>
					</ns3:TrackPointExtension>
				</extensions>
			</trkpt>
			<trkpt lat="-6.452546" lon="-35.669254">
				<time>2025-10-26T12:33:51Z</time>
				<ele>-20000.000000</ele>
				<extensions>
					<ns3:TrackPointExtension>
						<ns3:hr>161</ns3:hr>
						<ns3:speed>2.673800</ns3:speed>
						<ns3:cad>81</ns3:cad>
					</ns3:TrackPointExtension>
				</extensions>
			</trkpt>
			<trkpt lat="-6.452551" lon="-35.669228">
				<time>2025-10-26T12:33:52Z</time>
				<ele>-20000.000000</ele>
				<extensions>
					<ns3:TrackPointExtension>
						<ns3:hr>160</ns3:hr>
						<ns3:speed>2.673800</ns3:speed>
						<ns3:cad>81</ns3:cad>
					</ns3:TrackPointExtension>
				</extensions>
			</trkpt>
			<trkpt lat="-6.452556" lon="-35.669201">
				<time>2025-10-26T12:33:53Z</time>
				<ele>-20000.000000</ele>
				<extensions>
					<ns3:TrackPointExtension>
						<ns3:hr>158</ns3:hr>
						<ns3:speed>2.673800</ns3:speed>
						<ns3:cad>81</ns3:cad>
					</ns3:TrackPointExtension>
				</extensions>
			</trkpt>
			<trkpt lat="-6.452559" lon="-35.669174">
				<time>2025-10-26T12:33:54Z</time>
				<ele>-20000.000000</ele>
				<extensions>
					<ns3:TrackPointExtension>
						<ns3:hr>158</ns3:hr>
						<ns3:speed>2.673800</ns3:speed>
						<ns3:cad>80</ns3:cad>
					</ns3:TrackPointExtension>
				</extensions>
			</trkpt>
			<trkpt lat="-6.452563" lon="-35.669147">
				<time>2025-10-26T12:33:55Z</time>
				<ele>-20000.000000</ele>
				<extensions>
					<ns3:TrackPointExtension>
						<ns3:hr>158</ns3:hr>
						<ns3:speed>2.702700</ns3:speed>
						<ns3:cad>80</ns3:cad>
					</ns3:TrackPointExtension>
				</extensions>
			</trkpt>
			<trkpt lat="-6.452567" lon="-35.669121">
				<time>2025-10-26T12:33:56Z</time>
				<ele>-20000.000000</ele>
				<extensions>
					<ns3:TrackPointExtension>
						<ns3:hr>158</ns3:hr>
						<ns3:speed>2.747250</ns3:speed>
						<ns3:cad>80</ns3:cad>
					</ns3:TrackPointExtension>
				</extensions>
			</trkpt>
			<trkpt lat="-6.452569" lon="-35.669096">
				<time>2025-10-26T12:33:57Z</time>
				<ele>-20000.000000</ele>
				<extensions>
					<ns3:TrackPointExtension>
						<ns3:hr>159</ns3:hr>
						<ns3:speed>2.793300</ns3:speed>
						<ns3:cad>80</ns3:cad>
					</ns3:TrackPointExtension>
				</extensions>
			</trkpt>
			<trkpt lat="-6.452572" lon="-35.669072">
				<time>2025-10-26T12:33:58Z</time>
				<ele>-20000.000000</ele>
				<extensions>
					<ns3:TrackPointExtension>
						<ns3:hr>159</ns3:hr>
						<ns3:speed>2.840910</ns3:speed>
						<ns3:cad>80</ns3:cad>
					</ns3:TrackPointExtension>
				</extensions>
			</trkpt>
			<trkpt lat="-6.452575" lon="-35.669048">
				<time>2025-10-26T12:33:59Z</time>
				<ele>-20000.000000</ele>
				<extensions>
					<ns3:TrackPointExtension>
						<ns3:hr>160</ns3:hr>
						<ns3:speed>2.865330</ns3:speed>
						<ns3:cad>80</ns3:cad>
					</ns3:TrackPointExtension>
				</extensions>
			</trkpt>
			<trkpt lat="-6.452578" lon="-35.669025">
				<time>2025-10-26T12:34:00Z</time>
				<ele>-20000.000000</ele>
				<extensions>
					<ns3:TrackPointExtension>
						<ns3:hr>161</ns3:hr>
						<ns3:speed>2.865330</ns3:speed>
						<ns3:cad>80</ns3:cad>
					</ns3:TrackPointExtension>
				</extensions>
			</trkpt>
			<trkpt lat="-6.452580" lon="-35.669002">
				<time>2025-10-26T12:34:01Z</time>
				<ele>-20000.000000</ele>
				<extensions>
					<ns3:TrackPointExtension>
						<ns3:hr>160</ns3:hr>
						<ns3:speed>2.840910</ns3:speed>
						<ns3:cad>80</ns3:cad>
					</ns3:TrackPointExtension>
				</extensions>
			</trkpt>
			<trkpt lat="-6.452584" lon="-35.668981">
				<time>2025-10-26T12:34:02Z</time>
				<ele>-20000.000000</ele>
				<extensions>
					<ns3:TrackPointExtension>
						<ns3:hr>160</ns3:hr>
						<ns3:speed>2.808990</ns3:speed>
						<ns3:cad>80</ns3:cad>
					</ns3:TrackPointExtension>
				</extensions>
			</trkpt>
			<trkpt lat="-6.452587" lon="-35.668959">
				<time>2025-10-26T12:34:03Z</time>
				<ele>-20000.000000</ele>
				<extensions>
					<ns3:TrackPointExtension>
						<ns3:hr>161</ns3:hr>
						<ns3:speed>2.747250</ns3:speed>
						<ns3:cad>80</ns3:cad>
					</ns3:TrackPointExtension>
				</extensions>
			</trkpt>
			<trkpt lat="-6.452590" lon="-35.668935">
				<time>2025-10-26T12:34:04Z</time>
				<ele>-20000.000000</ele>
				<extensions>
					<ns3:TrackPointExtension>
						<ns3:hr>162</ns3:hr>
						<ns3:speed>2.680970</ns3:speed>
						<ns3:cad>80</ns3:cad>
					</ns3:TrackPointExtension>
				</extensions>
			</trkpt>
			<trkpt lat="-6.452593" lon="-35.668911">
				<time>2025-10-26T12:34:05Z</time>
				<ele>-20000.000000</ele>
				<extensions>
					<ns3:TrackPointExtension>
						<ns3:hr>166</ns3:hr>
						<ns3:speed>2.624670</ns3:speed>
						<ns3:cad>80</ns3:cad>
					</ns3:TrackPointExtension>
				</extensions>
			</trkpt>
			<trkpt lat="-6.452595" lon="-35.668885">
				<time>2025-10-26T12:34:06Z</time>
				<ele>-20000.000000</ele>
				<extensions>
					<ns3:TrackPointExtension>
						<ns3:hr>167</ns3:hr>
						<ns3:speed>2.583980</ns3:speed>
						<ns3:cad>80</ns3:cad>
					</ns3:TrackPointExtension>
				</extensions>
			</trkpt>
			<trkpt lat="-6.452597" lon="-35.668859">
				<time>2025-10-26T12:34:07Z</time>
				<ele>-20000.000000</ele>
				<extensions>
					<ns3:TrackPointExtension>
						<ns3:hr>166</ns3:hr>
						<ns3:speed>2.583980</ns3:speed>
						<ns3:cad>80</ns3:cad>
					</ns3:TrackPointExtension>
				</extensions>
			</trkpt>
			<trkpt lat="-6.452598" lon="-35.668832">
				<time>2025-10-26T12:34:08Z</time>
				<ele>-20000.000000</ele>
				<extensions>
					<ns3:TrackPointExtension>
						<ns3:hr>167</ns3:hr>
						<ns3:speed>2.577320</ns3:speed>
						<ns3:cad>80</ns3:cad>
					</ns3:TrackPointExtension>
				</extensions>
			</trkpt>
			<trkpt lat="-6.452600" lon="-35.668805">
				<time>2025-10-26T12:34:09Z</time>
				<ele>-20000.000000</ele>
				<extensions>
					<ns3:TrackPointExtension>
						<ns3:hr>167</ns3:hr>
						<ns3:speed>2.577320</ns3:speed>
						<ns3:cad>80</ns3:cad>
					</ns3:TrackPointExtension>
				</extensions>
			</trkpt>
			<trkpt lat="-6.452601" lon="-35.668777">
				<time>2025-10-26T12:34:10Z</time>
				<ele>-20000.000000</ele>
				<extensions>
					<ns3:TrackPointExtension>
						<ns3:hr>166</ns3:hr>
						<ns3:speed>2.624670</ns3:speed>
						<ns3:cad>81</ns3:cad>
					</ns3:TrackPointExtension>
				</extensions>
			</trkpt>
			<trkpt lat="-6.452602" lon="-35.668748">
				<time>2025-10-26T12:34:11Z</time>
				<ele>-20000.000000</ele>
				<extensions>
					<ns3:TrackPointExtension>
						<ns3:hr>166</ns3:hr>
						<ns3:speed>2.702700</ns3:speed>
						<ns3:cad>81</ns3:cad>
					</ns3:TrackPointExtension>
				</extensions>
			</trkpt>
			<trkpt lat="-6.452603" lon="-35.668717">
				<time>2025-10-26T12:34:12Z</time>
				<ele>-20000.000000</ele>
				<extensions>
					<ns3:TrackPointExtension>
						<ns3:hr>165</ns3:hr>
						<ns3:speed>2.747250</ns3:speed>
						<ns3:cad>81</ns3:cad>
					</ns3:TrackPointExtension>
				</extensions>
			</trkpt>
			<trkpt lat="-6.452604" lon="-35.668685">
				<time>2025-10-26T12:34:13Z</time>
				<ele>-20000.000000</ele>
				<extensions>
					<ns3:TrackPointExtension>
						<ns3:hr>162</ns3:hr>
						<ns3:speed>2.754820</ns3:speed>
						<ns3:cad>81</ns3:cad>
					</ns3:TrackPointExtension>
				</extensions>
			</trkpt>
			<trkpt lat="-6.452605" lon="-35.668653">
				<time>2025-10-26T12:34:14Z</time>
				<ele>-20000.000000</ele>
				<extensions>
					<ns3:TrackPointExtension>
						<ns3:hr>162</ns3:hr>
						<ns3:speed>2.762430</ns3:speed>
						<ns3:cad>81</ns3:cad>
					</ns3:TrackPointExtension>
				</extensions>
			</trkpt>
			<trkpt lat="-6.452606" lon="-35.668621">
				<time>2025-10-26T12:34:15Z</time>
				<ele>-20000.000000</ele>
				<extensions>
					<ns3:TrackPointExtension>
						<ns3:hr>161</ns3:hr>
						<ns3:speed>2.777780</ns3:speed>
						<ns3:cad>81</ns3:cad>
					</ns3:TrackPointExtension>
				</extensions>
			</trkpt>
			<trkpt lat="-6.452606" lon="-35.668589">
				<time>2025-10-26T12:34:16Z</time>
				<ele>-20000.000000</ele>
				<extensions>
					<ns3:TrackPointExtension>
						<ns3:hr>162</ns3:hr>
						<ns3:speed>2.801120</ns3:speed>
						<ns3:cad>81</ns3:cad>
					</ns3:TrackPointExtension>
				</extensions>
			</trkpt>
			<trkpt lat="-6.452606" lon="-35.668557">
				<time>2025-10-26T12:34:17Z</time>
				<ele>-20000.000000</ele>
				<extensions>
					<ns3:TrackPointExtension>
						<ns3:hr>161</ns3:hr>
						<ns3:speed>2.824860</ns3:speed>
						<ns3:cad>81</ns3:cad>
					</ns3:TrackPointExtension>
				</extensions>
			</trkpt>
			<trkpt lat="-6.452606" lon="-35.668527">
				<time>2025-10-26T12:34:18Z</time>
				<ele>-20000.000000</ele>
				<extensions>
					<ns3:TrackPointExtension>
						<ns3:hr>160</ns3:hr>
						<ns3:speed>2.857140</ns3:speed>
						<ns3:cad>81</ns3:cad>
					</ns3:TrackPointExtension>
				</extensions>
			</trkpt>
			<trkpt lat="-6.452606" lon="-35.668498">
				<time>2025-10-26T12:34:19Z</time>
				<ele>-20000.000000</ele>
				<extensions>
					<ns3:TrackPointExtension>
						<ns3:hr>159</ns3:hr>
						<ns3:speed>2.890170</ns3:speed>
						<ns3:cad>81</ns3:cad>
					</ns3:TrackPointExtension>
				</extensions>
			</trkpt>
			<trkpt lat="-6.452605" lon="-35.668469">
				<time>2025-10-26T12:34:20Z</time>
				<ele>-20000.000000</ele>
				<extensions>
					<ns3:TrackPointExtension>
						<ns3:hr>160</ns3:hr>
						<ns3:speed>3.164560</ns3:speed>
						<ns3:cad>81</ns3:cad>
					</ns3:TrackPointExtension>
				</extensions>
			</trkpt>
			<trkpt lat="-6.452604" lon="-35.668440">
				<time>2025-10-26T12:34:21Z</time>
				<ele>-20000.000000</ele>
				<extensions>
					<ns3:TrackPointExtension>
						<ns3:hr>161</ns3:hr>
						<ns3:speed>3.436430</ns3:speed>
						<ns3:cad>81</ns3:cad>
					</ns3:TrackPointExtension>
				</extensions>
			</trkpt>
			<trkpt lat="-6.452604" lon="-35.668412">
				<time>2025-10-26T12:34:22Z</time>
				<ele>-20000.000000</ele>
				<extensions>
					<ns3:TrackPointExtension>
						<ns3:hr>162</ns3:hr>
						<ns3:speed>3.436430</ns3:speed>
						<ns3:cad>81</ns3:cad>
					</ns3:TrackPointExtension>
				</extensions>
			</trkpt>
			<trkpt lat="-6.452603" lon="-35.668385">
				<time>2025-10-26T12:34:23Z</time>
				<ele>-20000.000000</ele>
				<extensions>
					<ns3:TrackPointExtension>
						<ns3:hr>162</ns3:hr>
						<ns3:speed>3.436430</ns3:speed>
						<ns3:cad>81</ns3:cad>
					</ns3:TrackPointExtension>
				</extensions>
			</trkpt>
			<trkpt lat="-6.452602" lon="-35.668359">
				<time>2025-10-26T12:34:24Z</time>
				<ele>-20000.000000</ele>
				<extensions>
					<ns3:TrackPointExtension>
						<ns3:hr>164</ns3:hr>
						<ns3:speed>3.401360</ns3:speed>
						<ns3:cad>81</ns3:cad>
					</ns3:TrackPointExtension>
				</extensions>
			</trkpt>
			<trkpt lat="-6.452602" lon="-35.668331">
				<time>2025-10-26T12:34:25Z</time>
				<ele>-20000.000000</ele>
				<extensions>
					<ns3:TrackPointExtension>
						<ns3:hr>164</ns3:hr>
						<ns3:speed>3.344480</ns3:speed>
						<ns3:cad>81</ns3:cad>
					</ns3:TrackPointExtension>
				</extensions>
			</trkpt>
			<trkpt lat="-6.452601" lon="-35.668301">
				<time>2025-10-26T12:34:26Z</time>
				<ele>-20000.000000</ele>
				<extensions>
					<ns3:TrackPointExtension>
						<ns3:hr>164</ns3:hr>
						<ns3:speed>3.289470</ns3:speed>
						<ns3:cad>81</ns3:cad>
					</ns3:TrackPointExtension>
				</extensions>
			</trkpt>
			<trkpt lat="-6.452599" lon="-35.668273">
				<time>2025-10-26T12:34:27Z</time>
				<ele>-20000.000000</ele>
				<extensions>
					<ns3:TrackPointExtension>
						<ns3:hr>163</ns3:hr>
						<ns3:speed>3.225810</ns3:speed>
						<ns3:cad>81</ns3:cad>
					</ns3:TrackPointExtension>
				</extensions>
			</trkpt>
			<trkpt lat="-6.452596" lon="-35.668250">
				<time>2025-10-26T12:34:28Z</time>
				<ele>-20000.000000</ele>
				<extensions>
					<ns3:TrackPointExtension>
						<ns3:hr>162</ns3:hr>
						<ns3:speed>3.184710</ns3:speed>
						<ns3:cad>81</ns3:cad>
					</ns3:TrackPointExtension>
				</extensions>
			</trkpt>
			<trkpt lat="-6.452593" lon="-35.668232">
				<time>2025-10-26T12:34:29Z</time>
				<ele>-20000.000000</ele>
				<extensions>
					<ns3:TrackPointExtension>
						<ns3:hr>162</ns3:hr>
						<ns3:speed>3.154570</ns3:speed>
						<ns3:cad>80</ns3:cad>
					</ns3:TrackPointExtension>
				</extensions>
			</trkpt>
			<trkpt lat="-6.452591" lon="-35.668220">
				<time>2025-10-26T12:34:30Z</time>
				<ele>-20000.000000</ele>
				<extensions>
					<ns3:TrackPointExtension>
						<ns3:hr>163</ns3:hr>
						<ns3:speed>3.115260</ns3:speed>
						<ns3:cad>80</ns3:cad>
					</ns3:TrackPointExtension>
				</extensions>
			</trkpt>
			<trkpt lat="-6.452589" lon="-35.668210">
				<time>2025-10-26T12:34:31Z</time>
				<ele>-20000.000000</ele>
				<extensions>
					<ns3:TrackPointExtension>
						<ns3:hr>165</ns3:hr>
						<ns3:speed>3.086420</ns3:speed>
						<ns3:cad>80</ns3:cad>
					</ns3:TrackPointExtension>
				</extensions>
			</trkpt>
			<trkpt lat="-6.452585" lon="-35.668203">
				<time>2025-10-26T12:34:32Z</time>
				<ele>-20000.000000</ele>
				<extensions>
					<ns3:TrackPointExtension>
						<ns3:hr>167</ns3:hr>
						<ns3:speed>2.906980</ns3:speed>
						<ns3:cad>79</ns3:cad>
					</ns3:TrackPointExtension>
				</extensions>
			</trkpt>
			<trkpt lat="-6.452580" lon="-35.668199">
				<time>2025-10-26T12:34:33Z</time>
				<ele>-20000.000000</ele>
				<extensions>
					<ns3:TrackPointExtension>
						<ns3:hr>169</ns3:hr>
						<ns3:speed>2.320190</ns3:speed>
						<ns3:cad>79</ns3:cad>
					</ns3:TrackPointExtension>
				</extensions>
			</trkpt>
			<trkpt lat="-6.452574" lon="-35.668198">
				<time>2025-10-26T12:34:34Z</time>
				<ele>-20000.000000</ele>
				<extensions>
					<ns3:TrackPointExtension>
						<ns3:hr>169</ns3:hr>
						<ns3:speed>1.564950</ns3:speed>
						<ns3:cad>78</ns3:cad>
					</ns3:TrackPointExtension>
				</extensions>
			</trkpt>
			<trkpt lat="-6.452570" lon="-35.668196">
				<time>2025-10-26T12:34:35Z</time>
				<ele>-20000.000000</ele>
				<extensions>
					<ns3:TrackPointExtension>
						<ns3:hr>171</ns3:hr>
						<ns3:speed>1.112350</ns3:speed>
						<ns3:cad>78</ns3:cad>
					</ns3:TrackPointExtension>
				</extensions>
			</trkpt>
			<trkpt lat="-6.452567" lon="-35.668196">
				<time>2025-10-26T12:34:36Z</time>
				<ele>-20000.000000</ele>
				<extensions>
					<ns3:TrackPointExtension>
						<ns3:hr>171</ns3:hr>
						<ns3:speed>1.000000</ns3:speed>
						<ns3:cad>81</ns3:cad>
					</ns3:TrackPointExtension>
				</extensions>
			</trkpt>
			<trkpt lat="-6.452564" lon="-35.668195">
				<time>2025-10-26T12:34:37Z</time>
				<ele>-20000.000000</ele>
				<extensions>
					<ns3:TrackPointExtension>
						<ns3:hr>169</ns3:hr>
						<ns3:speed>0.902530</ns3:speed>
						<ns3:cad>57</ns3:cad>
					</ns3:TrackPointExtension>
				</extensions>
			</trkpt>
			<trkpt lat="-6.452561" lon="-35.668194">
				<time>2025-10-26T12:34:38Z</time>
				<ele>-20000.000000</ele>
				<extensions>
					<ns3:TrackPointExtension>
						<ns3:hr>169</ns3:hr>
						<ns3:speed>0.749630</ns3:speed>
						<ns3:cad>57</ns3:cad>
					</ns3:TrackPointExtension>
				</extensions>
			</trkpt>
			<trkpt lat="-6.452558" lon="-35.668192">
				<time>2025-10-26T12:34:39Z</time>
				<ele>-20000.000000</ele>
				<extensions>
					<ns3:TrackPointExtension>
						<ns3:hr>169</ns3:hr>
						<ns3:speed>0.626170</ns3:speed>
						<ns3:cad>58</ns3:cad>
					</ns3:TrackPointExtension>
				</extensions>
			</trkpt>
			<trkpt lat="-6.452554" lon="-35.668192">
				<time>2025-10-26T12:34:40Z</time>
				<ele>-20000.000000</ele>
				<extensions>
					<ns3:TrackPointExtension>
						<ns3:hr>168</ns3:hr>
						<ns3:speed>0.544960</ns3:speed>
						<ns3:cad>50</ns3:cad>
					</ns3:TrackPointExtension>
				</extensions>
			</trkpt>
			<trkpt lat="-6.452548" lon="-35.668193">
				<time>2025-10-26T12:34:41Z</time>
				<ele>-20000.000000</ele>
				<extensions>
					<ns3:TrackPointExtension>
						<ns3:hr>167</ns3:hr>
						<ns3:speed>0.475960</ns3:speed>
						<ns3:cad>50</ns3:cad>
					</ns3:TrackPointExtension>
				</extensions>
			</trkpt>
			<trkpt lat="-6.452533" lon="-35.668194">
				<time>2025-10-26T12:34:42Z</time>
				<ele>-20000.000000</ele>
				<extensions>
					<ns3:TrackPointExtension>
						<ns3:hr>167</ns3:hr>
						<ns3:speed>0.426800</ns3:speed>
						<ns3:cad>50</ns3:cad>
					</ns3:TrackPointExtension>
				</extensions>
			</trkpt>
			<trkpt lat="-6.452512" lon="-35.668195">
				<time>2025-10-26T12:34:43Z</time>
				<ele>-20000.000000</ele>
				<extensions>
					<ns3:TrackPointExtension>
						<ns3:hr>167</ns3:hr>
						<ns3:speed>0.426800</ns3:speed>
						<ns3:cad>49</ns3:cad>
					</ns3:TrackPointExtension>
				</extensions>
			</trkpt>
			<trkpt lat="-6.452485" lon="-35.668196">
				<time>2025-10-26T12:34:44Z</time>
				<ele>-20000.000000</ele>
				<extensions>
					<ns3:TrackPointExtension>
						<ns3:hr>167</ns3:hr>
						<ns3:speed>0.434400</ns3:speed>
						<ns3:cad>47</ns3:cad>
					</ns3:TrackPointExtension>
				</extensions>
			</trkpt>
			<trkpt lat="-6.452455" lon="-35.668198">
				<time>2025-10-26T12:34:45Z</time>
				<ele>-20000.000000</ele>
				<extensions>
					<ns3:TrackPointExtension>
						<ns3:hr>166</ns3:hr>
						<ns3:speed>0.711740</ns3:speed>
						<ns3:cad>47</ns3:cad>
					</ns3:TrackPointExtension>
				</extensions>
			</trkpt>
			<trkpt lat="-6.452423" lon="-35.668200">
				<time>2025-10-26T12:34:46Z</time>
				<ele>-20000.000000</ele>
				<extensions>
					<ns3:TrackPointExtension>
						<ns3:hr>167</ns3:hr>
						<ns3:speed>1.379310</ns3:speed>
						<ns3:cad>77</ns3:cad>
					</ns3:TrackPointExtension>
				</extensions>
			</trkpt>
			<trkpt lat="-6.452391" lon="-35.668203">
				<time>2025-10-26T12:34:47Z</time>
				<ele>-20000.000000</ele>
				<extensions>
					<ns3:TrackPointExtension>
						<ns3:hr>165</ns3:hr>
						<ns3:speed>2.288330</ns3:speed>
						<ns3:cad>77</ns3:cad>
					</ns3:TrackPointExtension>
				</extensions>
			</trkpt>
			<trkpt lat="-6.452360" lon="-35.668206">
				<time>2025-10-26T12:34:48Z</time>
				<ele>-20000.000000</ele>
				<extensions>
					<ns3:TrackPointExtension>
						<ns3:hr>165</ns3:hr>
						<ns3:speed>2.816900</ns3:speed>
						<ns3:cad>77</ns3:cad>
					</ns3:TrackPointExtension>
				</extensions>
			</trkpt>
			<trkpt lat="-6.452328" lon="-35.668209">
				<time>2025-10-26T12:34:49Z</time>
				<ele>-20000.000000</ele>
				<extensions>
					<ns3:TrackPointExtension>
						<ns3:hr>166</ns3:hr>
						<ns3:speed>3.039510</ns3:speed>
						<ns3:cad>77</ns3:cad>
					</ns3:TrackPointExtension>
				</extensions>
			</trkpt>
			<trkpt lat="-6.452296" lon="-35.668214">
				<time>2025-10-26T12:34:50Z</time>
				<ele>-20000.000000</ele>
				<extensions>
					<ns3:TrackPointExtension>
						<ns3:hr>166</ns3:hr>
						<ns3:speed>3.311260</ns3:speed>
						<ns3:cad>77</ns3:cad>
					</ns3:TrackPointExtension>
				</extensions>
			</trkpt>
			<trkpt lat="-6.452265" lon="-35.668217">
				<time>2025-10-26T12:34:51Z</time>
				<ele>-20000.000000</ele>
				<extensions>
					<ns3:TrackPointExtension>
						<ns3:hr>165</ns3:hr>
						<ns3:speed>3.367000</ns3:speed>
						<ns3:cad>77</ns3:cad>
					</ns3:TrackPointExtension>
				</extensions>
			</trkpt>
			<trkpt lat="-6.452233" lon="-35.668220">
				<time>2025-10-26T12:34:52Z</time>
				<ele>-20000.000000</ele>
				<extensions>
					<ns3:TrackPointExtension>
						<ns3:hr>165</ns3:hr>
						<ns3:speed>3.355700</ns3:speed>
						<ns3:cad>76</ns3:cad>
					</ns3:TrackPointExtension>
				</extensions>
			</trkpt>
			<trkpt lat="-6.452200" lon="-35.668224">
				<time>2025-10-26T12:34:53Z</time>
				<ele>-20000.000000</ele>
				<extensions>
					<ns3:TrackPointExtension>
						<ns3:hr>166</ns3:hr>
						<ns3:speed>3.355700</ns3:speed>
						<ns3:cad>76</ns3:cad>
					</ns3:TrackPointExtension>
				</extensions>
			</trkpt>
			<trkpt lat="-6.452168" lon="-35.668225">
				<time>2025-10-26T12:34:54Z</time>
				<ele>-20000.000000</ele>
				<extensions>
					<ns3:TrackPointExtension>
						<ns3:hr>166</ns3:hr>
						<ns3:speed>3.378380</ns3:speed>
						<ns3:cad>76</ns3:cad>
					</ns3:TrackPointExtension>
				</extensions>
			</trkpt>
			<trkpt lat="-6.452136" lon="-35.668226">
				<time>2025-10-26T12:34:55Z</time>
				<ele>-20000.000000</ele>
				<extensions>
					<ns3:TrackPointExtension>
						<ns3:hr>167</ns3:hr>
						<ns3:speed>3.389830</ns3:speed>
						<ns3:cad>75</ns3:cad>
					</ns3:TrackPointExtension>
				</extensions>
			</trkpt>
			<trkpt lat="-6.452104" lon="-35.668227">
				<time>2025-10-26T12:34:56Z</time>
				<ele>-20000.000000</ele>
				<extensions>
					<ns3:TrackPointExtension>
						<ns3:hr>166</ns3:hr>
						<ns3:speed>3.389830</ns3:speed>
						<ns3:cad>75</ns3:cad>
					</ns3:TrackPointExtension>
				</extensions>
			</trkpt>
			<trkpt lat="-6.452072" lon="-35.668231">
				<time>2025-10-26T12:34:57Z</time>
				<ele>-20000.000000</ele>
				<extensions>
					<ns3:TrackPointExtension>
						<ns3:hr>166</ns3:hr>
						<ns3:speed>3.401360</ns3:speed>
						<ns3:cad>74</ns3:cad>
					</ns3:TrackPointExtension>
				</extensions>
			</trkpt>
			<trkpt lat="-6.452039" lon="-35.668237">
				<time>2025-10-26T12:34:58Z</time>
				<ele>-20000.000000</ele>
				<extensions>
					<ns3:TrackPointExtension>
						<ns3:hr>166</ns3:hr>
						<ns3:speed>3.412970</ns3:speed>
						<ns3:cad>74</ns3:cad>
					</ns3:TrackPointExtension>
				</extensions>
			</trkpt>
			<trkpt lat="-6.452007" lon="-35.668245">
				<time>2025-10-26T12:34:59Z</time>
				<ele>-20000.000000</ele>
				<extensions>
					<ns3:TrackPointExtension>
						<ns3:hr>166</ns3:hr>
						<ns3:speed>3.424660</ns3:speed>
						<ns3:cad>74</ns3:cad>
					</ns3:TrackPointExtension>
				</extensions>
			</trkpt>
			<trkpt lat="-6.451980" lon="-35.668253">
				<time>2025-10-26T12:35:00Z</time>
				<ele>-20000.000000</ele>
				<extensions>
					<ns3:TrackPointExtension>
						<ns3:hr>168</ns3:hr>
						<ns3:speed>3.424660</ns3:speed>
						<ns3:cad>74</ns3:cad>
					</ns3:TrackPointExtension>
				</extensions>
			</trkpt>
			<trkpt lat="-6.451958" lon="-35.668256">
				<time>2025-10-26T12:35:01Z</time>
				<ele>-20000.000000</ele>
				<extensions>
					<ns3:TrackPointExtension>
						<ns3:hr>168</ns3:hr>
						<ns3:speed>3.436430</ns3:speed>
						<ns3:cad>74</ns3:cad>
					</ns3:TrackPointExtension>
				</extensions>
			</trkpt>
			<trkpt lat="-6.451943" lon="-35.668258">
				<time>2025-10-26T12:35:02Z</time>
				<ele>-20000.000000</ele>
				<extensions>
					<ns3:TrackPointExtension>
						<ns3:hr>168</ns3:hr>
						<ns3:speed>3.424660</ns3:speed>
						<ns3:cad>75</ns3:cad>
					</ns3:TrackPointExtension>
				</extensions>
			</trkpt>
			<trkpt lat="-6.451935" lon="-35.668259">
				<time>2025-10-26T12:35:03Z</time>
				<ele>-20000.000000</ele>
				<extensions>
					<ns3:TrackPointExtension>
						<ns3:hr>167</ns3:hr>
						<ns3:speed>3.424660</ns3:speed>
						<ns3:cad>75</ns3:cad>
					</ns3:TrackPointExtension>
				</extensions>
			</trkpt>
			<trkpt lat="-6.451930" lon="-35.668261">
				<time>2025-10-26T12:35:04Z</time>
				<ele>-20000.000000</ele>
				<extensions>
					<ns3:TrackPointExtension>
						<ns3:hr>168</ns3:hr>
						<ns3:speed>3.389830</ns3:speed>
						<ns3:cad>76</ns3:cad>
					</ns3:TrackPointExtension>
				</extensions>
			</trkpt>
			<trkpt lat="-6.451928" lon="-35.668265">
				<time>2025-10-26T12:35:05Z</time>
				<ele>-20000.000000</ele>
				<extensions>
					<ns3:TrackPointExtension>
						<ns3:hr>168</ns3:hr>
						<ns3:speed>3.125000</ns3:speed>
						<ns3:cad>76</ns3:cad>
					</ns3:TrackPointExtension>
				</extensions>
			</trkpt>
			<trkpt lat="-6.451927" lon="-35.668269">
				<time>2025-10-26T12:35:06Z</time>
				<ele>-20000.000000</ele>
				<extensions>
					<ns3:TrackPointExtension>
						<ns3:hr>169</ns3:hr>
						<ns3:speed>2.551020</ns3:speed>
						<ns3:cad>77</ns3:cad>
					</ns3:TrackPointExtension>
				</extensions>
			</trkpt>
			<trkpt lat="-6.451923" lon="-35.668273">
				<time>2025-10-26T12:35:07Z</time>
				<ele>-20000.000000</ele>
				<extensions>
					<ns3:TrackPointExtension>
						<ns3:hr>169</ns3:hr>
						<ns3:speed>1.631320</ns3:speed>
						<ns3:cad>76</ns3:cad>
					</ns3:TrackPointExtension>
				</extensions>
			</trkpt>
			<trkpt lat="-6.451918" lon="-35.668275">
				<time>2025-10-26T12:35:08Z</time>
				<ele>-20000.000000</ele>
				<extensions>
					<ns3:TrackPointExtension>
						<ns3:hr>170</ns3:hr>
						<ns3:speed>0.838930</ns3:speed>
						<ns3:cad>75</ns3:cad>
					</ns3:TrackPointExtension>
				</extensions>
			</trkpt>
			<trkpt lat="-6.451912" lon="-35.668276">
				<time>2025-10-26T12:35:09Z</time>
				<ele>-20000.000000</ele>
				<extensions>
					<ns3:TrackPointExtension>
						<ns3:hr>170</ns3:hr>
						<ns3:speed>0.527430</ns3:speed>
						<ns3:cad>75</ns3:cad>
					</ns3:TrackPointExtension>
				</extensions>
			</trkpt>
			<trkpt lat="-6.451906" lon="-35.668275">
				<time>2025-10-26T12:35:10Z</time>
				<ele>-20000.000000</ele>
				<extensions>
					<ns3:TrackPointExtension>
						<ns3:hr>169</ns3:hr>
						<ns3:speed>0.535620</ns3:speed>
						<ns3:cad>75</ns3:cad>
					</ns3:TrackPointExtension>
				</extensions>
			</trkpt>
			<trkpt lat="-6.451901" lon="-35.668275">
				<time>2025-10-26T12:35:11Z</time>
				<ele>-20000.000000</ele>
				<extensions>
					<ns3:TrackPointExtension>
						<ns3:hr>170</ns3:hr>
						<ns3:speed>0.638980</ns3:speed>
						<ns3:cad>57</ns3:cad>
					</ns3:TrackPointExtension>
				</extensions>
			</trkpt>
			<trkpt lat="-6.451899" lon="-35.668275">
				<time>2025-10-26T12:35:12Z</time>
				<ele>-20000.000000</ele>
				<extensions>
					<ns3:TrackPointExtension>
						<ns3:hr>171</ns3:hr>
						<ns3:speed>0.648090</ns3:speed>
						<ns3:cad>58</ns3:cad>
					</ns3:TrackPointExtension>
				</extensions>
			</trkpt>
			<trkpt lat="-6.451897" lon="-35.668277">
				<time>2025-10-26T12:35:13Z</time>
				<ele>-20000.000000</ele>
				<extensions>
					<ns3:TrackPointExtension>
						<ns3:hr>169</ns3:hr>
						<ns3:speed>0.680740</ns3:speed>
						<ns3:cad>58</ns3:cad>
					</ns3:TrackPointExtension>
				</extensions>
			</trkpt>
			<trkpt lat="-6.451893" lon="-35.668278">
				<time>2025-10-26T12:35:14Z</time>
				<ele>-20000.000000</ele>
				<extensions>
					<ns3:TrackPointExtension>
						<ns3:hr>169</ns3:hr>
						<ns3:speed>0.704230</ns3:speed>
						<ns3:cad>61</ns3:cad>
					</ns3:TrackPointExtension>
				</extensions>
			</trkpt>
			<trkpt lat="-6.451885" lon="-35.668278">
				<time>2025-10-26T12:35:15Z</time>
				<ele>-20000.000000</ele>
				<extensions>
					<ns3:TrackPointExtension>
						<ns3:hr>170</ns3:hr>
						<ns3:speed>0.704230</ns3:speed>
						<ns3:cad>62</ns3:cad>
					</ns3:TrackPointExtension>
				</extensions>
			</trkpt>
			<trkpt lat="-6.451875" lon="-35.668278">
				<time>2025-10-26T12:35:16Z</time>
				<ele>-20000.000000</ele>
				<extensions>
					<ns3:TrackPointExtension>
						<ns3:hr>169</ns3:hr>
						<ns3:speed>0.772200</ns3:speed>
						<ns3:cad>62</ns3:cad>
					</ns3:TrackPointExtension>
				</extensions>
			</trkpt>
			<trkpt lat="-6.451861" lon="-35.668277">
				<time>2025-10-26T12:35:17Z</time>
				<ele>-20000.000000</ele>
				<extensions>
					<ns3:TrackPointExtension>
						<ns3:hr>168</ns3:hr>
						<ns3:speed>0.725160</ns3:speed>
						<ns3:cad>63</ns3:cad>
					</ns3:TrackPointExtension>
				</extensions>
			</trkpt>
			<trkpt lat="-6.451842" lon="-35.668275">
				<time>2025-10-26T12:35:18Z</time>
				<ele>-20000.000000</ele>
				<extensions>
					<ns3:TrackPointExtension>
						<ns3:hr>167</ns3:hr>
						<ns3:speed>0.609380</ns3:speed>
						<ns3:cad>63</ns3:cad>
					</ns3:TrackPointExtension>
				</extensions>
			</trkpt>
			<trkpt lat="-6.451819" lon="-35.668269">
				<time>2025-10-26T12:35:19Z</time>
				<ele>-20000.000000</ele>
				<extensions>
					<ns3:TrackPointExtension>
						<ns3:hr>167</ns3:hr>
						<ns3:speed>0.643920</ns3:speed>
						<ns3:cad>58</ns3:cad>
					</ns3:TrackPointExtension>
				</extensions>
			</trkpt>
			<trkpt lat="-6.451791" lon="-35.668260">
				<time>2025-10-26T12:35:20Z</time>
				<ele>-20000.000000</ele>
				<extensions>
					<ns3:TrackPointExtension>
						<ns3:hr>167</ns3:hr>
						<ns3:speed>0.735290</ns3:speed>
						<ns3:cad>58</ns3:cad>
					</ns3:TrackPointExtension>
				</extensions>
			</trkpt>
			<trkpt lat="-6.451763" lon="-35.668250">
				<time>2025-10-26T12:35:21Z</time>
				<ele>-20000.000000</ele>
				<extensions>
					<ns3:TrackPointExtension>
						<ns3:hr>166</ns3:hr>
						<ns3:speed>0.991080</ns3:speed>
						<ns3:cad>77</ns3:cad>
					</ns3:TrackPointExtension>
				</extensions>
			</trkpt>
			<trkpt lat="-6.451734" lon="-35.668241">
				<time>2025-10-26T12:35:22Z</time>
				<ele>-20000.000000</ele>
				<extensions>
					<ns3:TrackPointExtension>
						<ns3:hr>166</ns3:hr>
						<ns3:speed>1.466280</ns3:speed>
						<ns3:cad>77</ns3:cad>
					</ns3:TrackPointExtension>
				</extensions>
			</trkpt>
			<trkpt lat="-6.451706" lon="-35.668234">
				<time>2025-10-26T12:35:23Z</time>
				<ele>-20000.000000</ele>
				<extensions>
					<ns3:TrackPointExtension>
						<ns3:hr>166</ns3:hr>
						<ns3:speed>2.079000</ns3:speed>
						<ns3:cad>77</ns3:cad>
					</ns3:TrackPointExtension>
				</extensions>
			</trkpt>
			<trkpt lat="-6.451677" lon="-35.668228">
				<time>2025-10-26T12:35:24Z</time>
				<ele>-20000.000000</ele>
				<extensions>
					<ns3:TrackPointExtension>
						<ns3:hr>165</ns3:hr>
						<ns3:speed>2.688170</ns3:speed>
						<ns3:cad>77</ns3:cad>
					</ns3:TrackPointExtension>
				</extensions>
			</trkpt>
			<trkpt lat="-6.451649" lon="-35.668224">
				<time>2025-10-26T12:35:25Z</time>
				<ele>-20000.000000</ele>
				<extensions>
					<ns3:TrackPointExtension>
						<ns3:hr>165</ns3:hr>
						<ns3:speed>3.154570</ns3:speed>
						<ns3:cad>76</ns3:cad>
					</ns3:TrackPointExtension>
				</extensions>
			</trkpt>
			<trkpt lat="-6.451620" lon="-35.668220">
				<time>2025-10-26T12:35:26Z</time>
				<ele>-20000.000000</ele>
				<extensions>
					<ns3:TrackPointExtension>
						<ns3:hr>166</ns3:hr>
						<ns3:speed>3.154570</ns3:speed>
						<ns3:cad>76</ns3:cad>
					</ns3:TrackPointExtension>
				</extensions>
			</trkpt>
			<trkpt lat="-6.451591" lon="-35.668215">
				<time>2025-10-26T12:35:27Z</time>
				<ele>-20000.000000</ele>
				<extensions>
					<ns3:TrackPointExtension>
						<ns3:hr>167</ns3:hr>
						<ns3:speed>3.154570</ns3:speed>
						<ns3:cad>76</ns3:cad>
					</ns3:TrackPointExtension>
				</extensions>
			</trkpt>
			<trkpt lat="-6.451563" lon="-35.668209">
				<time>2025-10-26T12:35:28Z</time>
				<ele>-20000.000000</ele>
				<extensions>
					<ns3:TrackPointExtension>
						<ns3:hr>168</ns3:hr>
						<ns3:speed>3.174600</ns3:speed>
						<ns3:cad>75</ns3:cad>
					</ns3:TrackPointExtension>
				</extensions>
			</trkpt>
			<trkpt lat="-6.451537" lon="-35.668202">
				<time>2025-10-26T12:35:29Z</time>
				<ele>-20000.000000</ele>
				<extensions>
					<ns3:TrackPointExtension>
						<ns3:hr>169</ns3:hr>
						<ns3:speed>3.134800</ns3:speed>
						<ns3:cad>75</ns3:cad>
					</ns3:TrackPointExtension>
				</extensions>
			</trkpt>
			<trkpt lat="-6.451514" lon="-35.668197">
				<time>2025-10-26T12:35:30Z</time>
				<ele>-20000.000000</ele>
				<extensions>
					<ns3:TrackPointExtension>
						<ns3:hr>169</ns3:hr>
						<ns3:speed>3.086420</ns3:speed>
						<ns3:cad>75</ns3:cad>
					</ns3:TrackPointExtension>
				</extensions>
			</trkpt>
			<trkpt lat="-6.451494" lon="-35.668196">
				<time>2025-10-26T12:35:31Z</time>
				<ele>-20000.000000</ele>
				<extensions>
					<ns3:TrackPointExtension>
						<ns3:hr>169</ns3:hr>
						<ns3:speed>3.076920</ns3:speed>
						<ns3:cad>75</ns3:cad>
					</ns3:TrackPointExtension>
				</extensions>
			</trkpt>
			<trkpt lat="-6.451475" lon="-35.668194">
				<time>2025-10-26T12:35:32Z</time>
				<ele>-20000.000000</ele>
				<extensions>
					<ns3:TrackPointExtension>
						<ns3:hr>168</ns3:hr>
						<ns3:speed>3.076920</ns3:speed>
						<ns3:cad>75</ns3:cad>
					</ns3:TrackPointExtension>
				</extensions>
			</trkpt>
			<trkpt lat="-6.451456" lon="-35.668189">
				<time>2025-10-26T12:35:33Z</time>
				<ele>-20000.000000</ele>
				<extensions>
					<ns3:TrackPointExtension>
						<ns3:hr>168</ns3:hr>
						<ns3:speed>2.865330</ns3:speed>
						<ns3:cad>75</ns3:cad>
					</ns3:TrackPointExtension>
				</extensions>
			</trkpt>
			<trkpt lat="-6.451433" lon="-35.668181">
				<time>2025-10-26T12:35:34Z</time>
				<ele>-20000.000000</ele>
				<extensions>
					<ns3:TrackPointExtension>
						<ns3:hr>168</ns3:hr>
						<ns3:speed>2.331000</ns3:speed>
						<ns3:cad>74</ns3:cad>
					</ns3:TrackPointExtension>
				</extensions>
			</trkpt>
			<trkpt lat="-6.451406" lon="-35.668173">
				<time>2025-10-26T12:35:35Z</time>
				<ele>-20000.000000</ele>
				<extensions>
					<ns3:TrackPointExtension>
						<ns3:hr>168</ns3:hr>
						<ns3:speed>2.331000</ns3:speed>
						<ns3:cad>74</ns3:cad>
					</ns3:TrackPointExtension>
				</extensions>
			</trkpt>
			<trkpt lat="-6.451378" lon="-35.668168">
				<time>2025-10-26T12:35:36Z</time>
				<ele>-20000.000000</ele>
				<extensions>
					<ns3:TrackPointExtension>
						<ns3:hr>167</ns3:hr>
						<ns3:speed>2.150540</ns3:speed>
						<ns3:cad>73</ns3:cad>
					</ns3:TrackPointExtension>
				</extensions>
			</trkpt>
			<trkpt lat="-6.451349" lon="-35.668163">
				<time>2025-10-26T12:35:37Z</time>
				<ele>-20000.000000</ele>
				<extensions>
					<ns3:TrackPointExtension>
						<ns3:hr>167</ns3:hr>
						<ns3:speed>2.320190</ns3:speed>
						<ns3:cad>78</ns3:cad>
					</ns3:TrackPointExtension>
				</extensions>
			</trkpt>
			<trkpt lat="-6.451322" lon="-35.668159">
				<time>2025-10-26T12:35:38Z</time>
				<ele>-20000.000000</ele>
				<extensions>
					<ns3:TrackPointExtension>
						<ns3:hr>168</ns3:hr>
						<ns3:speed>2.320190</ns3:speed>
						<ns3:cad>80</ns3:cad>
					</ns3:TrackPointExtension>
				</extensions>
			</trkpt>
			<trkpt lat="-6.451301" lon="-35.668154">
				<time>2025-10-26T12:35:39Z</time>
				<ele>-20000.000000</ele>
				<extensions>
					<ns3:TrackPointExtension>
						<ns3:hr>169</ns3:hr>
						<ns3:speed>2.538070</ns3:speed>
						<ns3:cad>81</ns3:cad>
					</ns3:TrackPointExtension>
				</extensions>
			</trkpt>
			<trkpt lat="-6.451287" lon="-35.668149">
				<time>2025-10-26T12:35:40Z</time>
				<ele>-20000.000000</ele>
				<extensions>
					<ns3:TrackPointExtension>
						<ns3:hr>170</ns3:hr>
						<ns3:speed>2.932550</ns3:speed>
						<ns3:cad>80</ns3:cad>
					</ns3:TrackPointExtension>
				</extensions>
			</trkpt>
			<trkpt lat="-6.451279" lon="-35.668147">
				<time>2025-10-26T12:35:41Z</time>
				<ele>-20000.000000</ele>
				<extensions>
					<ns3:TrackPointExtension>
						<ns3:hr>171</ns3:hr>
						<ns3:speed>3.095980</ns3:speed>
						<ns3:cad>79</ns3:cad>
					</ns3:TrackPointExtension>
				</extensions>
			</trkpt>
			<trkpt lat="-6.451275" lon="-35.668146">
				<time>2025-10-26T12:35:42Z</time>
				<ele>-20000.000000</ele>
				<extensions>
					<ns3:TrackPointExtension>
						<ns3:hr>174</ns3:hr>
						<ns3:speed>3.095980</ns3:speed>
						<ns3:cad>78</ns3:cad>
					</ns3:TrackPointExtension>
				</extensions>
			</trkpt>
			<trkpt lat="-6.451273" lon="-35.668148">
				<time>2025-10-26T12:35:43Z</time>
				<ele>-20000.000000</ele>
				<extensions>
					<ns3:TrackPointExtension>
						<ns3:hr>173</ns3:hr>
						<ns3:speed>0.000000</ns3:speed>
						<ns3:cad>77</ns3:cad>
					</ns3:TrackPointExtension>
				</extensions>
			</trkpt>
			<trkpt lat="-6.451271" lon="-35.668151">
				<time>2025-10-26T12:35:44Z</time>
				<ele>-20000.000000</ele>
				<extensions>
					<ns3:TrackPointExtension>
						<ns3:hr>174</ns3:hr>
						<ns3:speed>0.000000</ns3:speed>
						<ns3:cad>0</ns3:cad>
					</ns3:TrackPointExtension>
				</extensions>
			</trkpt>
			<trkpt lat="-6.451271" lon="-35.668154">
				<time>2025-10-26T12:35:45Z</time>
				<ele>-20000.000000</ele>
				<extensions>
					<ns3:TrackPointExtension>
						<ns3:hr>174</ns3:hr>
						<ns3:speed>0.000000</ns3:speed>
						<ns3:cad>0</ns3:cad>
					</ns3:TrackPointExtension>
				</extensions>
			</trkpt>
			<trkpt lat="-6.451273" lon="-35.668158">
				<time>2025-10-26T12:35:46Z</time>
				<ele>-20000.000000</ele>
				<extensions>
					<ns3:TrackPointExtension>
						<ns3:hr>173</ns3:hr>
						<ns3:speed>0.000000</ns3:speed>
						<ns3:cad>0</ns3:cad>
					</ns3:TrackPointExtension>
				</extensions>
			</trkpt>
			<trkpt lat="-6.451273" lon="-35.668168">
				<time>2025-10-26T12:35:47Z</time>
				<ele>-20000.000000</ele>
				<extensions>
					<ns3:TrackPointExtension>
						<ns3:hr>172</ns3:hr>
						<ns3:speed>0.334450</ns3:speed>
						<ns3:cad>72</ns3:cad>
					</ns3:TrackPointExtension>
				</extensions>
			</trkpt>
			<trkpt lat="-6.451274" lon="-35.668176">
				<time>2025-10-26T12:35:48Z</time>
				<ele>-20000.000000</ele>
				<extensions>
					<ns3:TrackPointExtension>
						<ns3:hr>171</ns3:hr>
						<ns3:speed>0.462750</ns3:speed>
						<ns3:cad>72</ns3:cad>
					</ns3:TrackPointExtension>
				</extensions>
			</trkpt>
			<trkpt lat="-6.451277" lon="-35.668182">
				<time>2025-10-26T12:35:49Z</time>
				<ele>-20000.000000</ele>
				<extensions>
					<ns3:TrackPointExtension>
						<ns3:hr>170</ns3:hr>
						<ns3:speed>0.434220</ns3:speed>
						<ns3:cad>73</ns3:cad>
					</ns3:TrackPointExtension>
				</extensions>
			</trkpt>
			<trkpt lat="-6.451280" lon="-35.668185">
				<time>2025-10-26T12:35:50Z</time>
				<ele>-20000.000000</ele>
				<extensions>
					<ns3:TrackPointExtension>
						<ns3:hr>170</ns3:hr>
						<ns3:speed>0.353230</ns3:speed>
						<ns3:cad>74</ns3:cad>
					</ns3:TrackPointExtension>
				</extensions>
			</trkpt>
			<trkpt lat="-6.451283" lon="-35.668187">
				<time>2025-10-26T12:35:51Z</time>
				<ele>-20000.000000</ele>
				<extensions>
					<ns3:TrackPointExtension>
						<ns3:hr>169</ns3:hr>
						<ns3:speed>0.344710</ns3:speed>
						<ns3:cad>44</ns3:cad>
					</ns3:TrackPointExtension>
				</extensions>
			</trkpt>
			<trkpt lat="-6.451287" lon="-35.668188">
				<time>2025-10-26T12:35:52Z</time>
				<ele>-20000.000000</ele>
				<extensions>
					<ns3:TrackPointExtension>
						<ns3:hr>168</ns3:hr>
						<ns3:speed>0.375380</ns3:speed>
						<ns3:cad>43</ns3:cad>
					</ns3:TrackPointExtension>
				</extensions>
			</trkpt>
			<trkpt lat="-6.451291" lon="-35.668188">
				<time>2025-10-26T12:35:53Z</time>
				<ele>-20000.000000</ele>
				<extensions>
					<ns3:TrackPointExtension>
						<ns3:hr>168</ns3:hr>
						<ns3:speed>0.409000</ns3:speed>
						<ns3:cad>43</ns3:cad>
					</ns3:TrackPointExtension>
				</extensions>
			</trkpt>
			<trkpt lat="-6.451296" lon="-35.668187">
				<time>2025-10-26T12:35:54Z</time>
				<ele>-20000.000000</ele>
				<extensions>
					<ns3:TrackPointExtension>
						<ns3:hr>168</ns3:hr>
						<ns3:speed>0.420170</ns3:speed>
						<ns3:cad>43</ns3:cad>
					</ns3:TrackPointExtension>
				</extensions>
			</trkpt>
			<trkpt lat="-6.451303" lon="-35.668185">
				<time>2025-10-26T12:35:55Z</time>
				<ele>-20000.000000</ele>
				<extensions>
					<ns3:TrackPointExtension>
						<ns3:hr>168</ns3:hr>
						<ns3:speed>0.408160</ns3:speed>
						<ns3:cad>42</ns3:cad>
					</ns3:TrackPointExtension>
				</extensions>
			</trkpt>
			<trkpt lat="-6.451313" lon="-35.668182">
				<time>2025-10-26T12:35:56Z</time>
				<ele>-20000.000000</ele>
				<extensions>
					<ns3:TrackPointExtension>
						<ns3:hr>167</ns3:hr>
						<ns3:speed>0.428080</ns3:speed>
						<ns3:cad>40</ns3:cad>
					</ns3:TrackPointExtension>
				</extensions>
			</trkpt>
			<trkpt lat="-6.451324" lon="-35.668178">
				<time>2025-10-26T12:35:57Z</time>
				<ele>-20000.000000</ele>
				<extensions>
					<ns3:TrackPointExtension>
						<ns3:hr>167</ns3:hr>
						<ns3:speed>0.459980</ns3:speed>
						<ns3:cad>39</ns3:cad>
					</ns3:TrackPointExtension>
				</extensions>
			</trkpt>
			<trkpt lat="-6.451332" lon="-35.668177">
				<time>2025-10-26T12:35:58Z</time>
				<ele>-20000.000000</ele>
				<extensions>
					<ns3:TrackPointExtension>
						<ns3:hr>168</ns3:hr>
						<ns3:speed>0.459980</ns3:speed>
						<ns3:cad>39</ns3:cad>
					</ns3:TrackPointExtension>
				</extensions>
			</trkpt>
			<trkpt lat="-6.451342" lon="-35.668178">
				<time>2025-10-26T12:35:59Z</time>
				<ele>-20000.000000</ele>
				<extensions>
					<ns3:TrackPointExtension>
						<ns3:hr>168</ns3:hr>
						<ns3:speed>0.452080</ns3:speed>
						<ns3:cad>39</ns3:cad>
					</ns3:TrackPointExtension>
				</extensions>
			</trkpt>
			<trkpt lat="-6.451354" lon="-35.668179">
				<time>2025-10-26T12:36:00Z</time>
				<ele>-20000.000000</ele>
				<extensions>
					<ns3:TrackPointExtension>
						<ns3:hr>167</ns3:hr>
						<ns3:speed>0.474160</ns3:speed>
						<ns3:cad>40</ns3:cad>
					</ns3:TrackPointExtension>
				</extensions>
			</trkpt>
			<trkpt lat="-6.451368" lon="-35.668182">
				<time>2025-10-26T12:36:01Z</time>
				<ele>-20000.000000</ele>
				<extensions>
					<ns3:TrackPointExtension>
						<ns3:hr>167</ns3:hr>
						<ns3:speed>0.550660</ns3:speed>
						<ns3:cad>50</ns3:cad>
					</ns3:TrackPointExtension>
				</extensions>
			</trkpt>
			<trkpt lat="-6.451384" lon="-35.668184">
				<time>2025-10-26T12:36:02Z</time>
				<ele>-20000.000000</ele>
				<extensions>
					<ns3:TrackPointExtension>
						<ns3:hr>167</ns3:hr>
						<ns3:speed>0.604590</ns3:speed>
						<ns3:cad>52</ns3:cad>
					</ns3:TrackPointExtension>
				</extensions>
			</trkpt>
			<trkpt lat="-6.451406" lon="-35.668187">
				<time>2025-10-26T12:36:03Z</time>
				<ele>-20000.000000</ele>
				<extensions>
					<ns3:TrackPointExtension>
						<ns3:hr>167</ns3:hr>
						<ns3:speed>0.602050</ns3:speed>
						<ns3:cad>52</ns3:cad>
					</ns3:TrackPointExtension>
				</extensions>
			</trkpt>
			<trkpt lat="-6.451427" lon="-35.668185">
				<time>2025-10-26T12:36:04Z</time>
				<ele>-20000.000000</ele>
				<extensions>
					<ns3:TrackPointExtension>
						<ns3:hr>167</ns3:hr>
						<ns3:speed>0.611620</ns3:speed>
						<ns3:cad>51</ns3:cad>
					</ns3:TrackPointExtension>
				</extensions>
			</trkpt>
			<trkpt lat="-6.451440" lon="-35.668183">
				<time>2025-10-26T12:36:05Z</time>
				<ele>-20000.000000</ele>
				<extensions>
					<ns3:TrackPointExtension>
						<ns3:hr>167</ns3:hr>
						<ns3:speed>0.706710</ns3:speed>
						<ns3:cad>55</ns3:cad>
					</ns3:TrackPointExtension>
				</extensions>
			</trkpt>
			<trkpt lat="-6.451448" lon="-35.668180">
				<time>2025-10-26T12:36:06Z</time>
				<ele>-20000.000000</ele>
				<extensions>
					<ns3:TrackPointExtension>
						<ns3:hr>169</ns3:hr>
						<ns3:speed>0.880280</ns3:speed>
						<ns3:cad>76</ns3:cad>
					</ns3:TrackPointExtension>
				</extensions>
			</trkpt>
			<trkpt lat="-6.451454" lon="-35.668177">
				<time>2025-10-26T12:36:07Z</time>
				<ele>-20000.000000</ele>
				<extensions>
					<ns3:TrackPointExtension>
						<ns3:hr>169</ns3:hr>
						<ns3:speed>0.869570</ns3:speed>
						<ns3:cad>75</ns3:cad>
					</ns3:TrackPointExtension>
				</extensions>
			</trkpt>
			<trkpt lat="-6.451458" lon="-35.668175">
				<time>2025-10-26T12:36:08Z</time>
				<ele>-20000.000000</ele>
				<extensions>
					<ns3:TrackPointExtension>
						<ns3:hr>168</ns3:hr>
						<ns3:speed>0.869570</ns3:speed>
						<ns3:cad>75</ns3:cad>
					</ns3:TrackPointExtension>
				</extensions>
			</trkpt>
			<trkpt lat="-6.451460" lon="-35.668169">
				<time>2025-10-26T12:36:09Z</time>
				<ele>-20000.000000</ele>
				<extensions>
					<ns3:TrackPointExtension>
						<ns3:hr>167</ns3:hr>
						<ns3:speed>0.869570</ns3:speed>
						<ns3:cad>75</ns3:cad>
					</ns3:TrackPointExtension>
				</extensions>
			</trkpt>
			<trkpt lat="-6.451462" lon="-35.668164">
				<time>2025-10-26T12:36:10Z</time>
				<ele>-20000.000000</ele>
				<extensions>
					<ns3:TrackPointExtension>
						<ns3:hr>166</ns3:hr>
						<ns3:speed>0.784930</ns3:speed>
						<ns3:cad>74</ns3:cad>
					</ns3:TrackPointExtension>
				</extensions>
			</trkpt>
			<trkpt lat="-6.451467" lon="-35.668156">
				<time>2025-10-26T12:36:11Z</time>
				<ele>-20000.000000</ele>
				<extensions>
					<ns3:TrackPointExtension>
						<ns3:hr>165</ns3:hr>
						<ns3:speed>0.579040</ns3:speed>
						<ns3:cad>73</ns3:cad>
					</ns3:TrackPointExtension>
				</extensions>
			</trkpt>
			<trkpt lat="-6.451471" lon="-35.668147">
				<time>2025-10-26T12:36:12Z</time>
				<ele>-20000.000000</ele>
				<extensions>
					<ns3:TrackPointExtension>
						<ns3:hr>164</ns3:hr>
						<ns3:speed>0.491400</ns3:speed>
						<ns3:cad>72</ns3:cad>
					</ns3:TrackPointExtension>
				</extensions>
			</trkpt>
			<trkpt lat="-6.451476" lon="-35.668138">
				<time>2025-10-26T12:36:13Z</time>
				<ele>-20000.000000</ele>
				<extensions>
					<ns3:TrackPointExtension>
						<ns3:hr>164</ns3:hr>
						<ns3:speed>0.524930</ns3:speed>
						<ns3:cad>67</ns3:cad>
					</ns3:TrackPointExtension>
				</extensions>
			</trkpt>
			<trkpt lat="-6.451481" lon="-35.668129">
				<time>2025-10-26T12:36:14Z</time>
				<ele>-20000.000000</ele>
				<extensions>
					<ns3:TrackPointExtension>
						<ns3:hr>164</ns3:hr>
						<ns3:speed>0.524930</ns3:speed>
						<ns3:cad>67</ns3:cad>
					</ns3:TrackPointExtension>
				</extensions>
			</trkpt>
			<trkpt lat="-6.451486" lon="-35.668119">
				<time>2025-10-26T12:36:15Z</time>
				<ele>-20000.000000</ele>
				<extensions>
					<ns3:TrackPointExtension>
						<ns3:hr>165</ns3:hr>
						<ns3:speed>0.628540</ns3:speed>
						<ns3:cad>67</ns3:cad>
					</ns3:TrackPointExtension>
				</extensions>
			</trkpt>
			<trkpt lat="-6.451490" lon="-35.668109">
				<time>2025-10-26T12:36:16Z</time>
				<ele>-20000.000000</ele>
				<extensions>
					<ns3:TrackPointExtension>
						<ns3:hr>163</ns3:hr>
						<ns3:speed>0.785550</ns3:speed>
						<ns3:cad>72</ns3:cad>
					</ns3:TrackPointExtension>
				</extensions>
			</trkpt>
			<trkpt lat="-6.451495" lon="-35.668099">
				<time>2025-10-26T12:36:17Z</time>
				<ele>-20000.000000</ele>
				<extensions>
					<ns3:TrackPointExtension>
						<ns3:hr>162</ns3:hr>
						<ns3:speed>0.900900</ns3:speed>
						<ns3:cad>73</ns3:cad>
					</ns3:TrackPointExtension>
				</extensions>
			</trkpt>
			<trkpt lat="-6.451498" lon="-35.668091">
				<time>2025-10-26T12:36:18Z</time>
				<ele>-20000.000000</ele>
				<extensions>
					<ns3:TrackPointExtension>
						<ns3:hr>162</ns3:hr>
						<ns3:speed>0.891270</ns3:speed>
						<ns3:cad>73</ns3:cad>
					</ns3:TrackPointExtension>
				</extensions>
			</trkpt>
			<trkpt lat="-6.451503" lon="-35.668082">
				<time>2025-10-26T12:36:19Z</time>
				<ele>-20000.000000</ele>
				<extensions>
					<ns3:TrackPointExtension>
						<ns3:hr>162</ns3:hr>
						<ns3:speed>0.930230</ns3:speed>
						<ns3:cad>54</ns3:cad>
					</ns3:TrackPointExtension>
				</extensions>
			</trkpt>
			<trkpt lat="-6.451507" lon="-35.668073">
				<time>2025-10-26T12:36:20Z</time>
				<ele>-20000.000000</ele>
				<extensions>
					<ns3:TrackPointExtension>
						<ns3:hr>162</ns3:hr>
						<ns3:speed>1.040580</ns3:speed>
						<ns3:cad>54</ns3:cad>
					</ns3:TrackPointExtension>
				</extensions>
			</trkpt>
			<trkpt lat="-6.451511" lon="-35.668064">
				<time>2025-10-26T12:36:21Z</time>
				<ele>-20000.000000</ele>
				<extensions>
					<ns3:TrackPointExtension>
						<ns3:hr>162</ns3:hr>
						<ns3:speed>1.039500</ns3:speed>
						<ns3:cad>53</ns3:cad>
					</ns3:TrackPointExtension>
				</extensions>
			</trkpt>
			<trkpt lat="-6.451515" lon="-35.668055">
				<time>2025-10-26T12:36:22Z</time>
				<ele>-20000.000000</ele>
				<extensions>
					<ns3:TrackPointExtension>
						<ns3:hr>162</ns3:hr>
						<ns3:speed>1.038420</ns3:speed>
						<ns3:cad>52</ns3:cad>
					</ns3:TrackPointExtension>
				</extensions>
			</trkpt>
			<trkpt lat="-6.451520" lon="-35.668045">
				<time>2025-10-26T12:36:23Z</time>
				<ele>-20000.000000</ele>
				<extensions>
					<ns3:TrackPointExtension>
						<ns3:hr>160</ns3:hr>
						<ns3:speed>1.057080</ns3:speed>
						<ns3:cad>47</ns3:cad>
					</ns3:TrackPointExtension>
				</extensions>
			</trkpt>
			<trkpt lat="-6.451524" lon="-35.668036">
				<time>2025-10-26T12:36:24Z</time>
				<ele>-20000.000000</ele>
				<extensions>
					<ns3:TrackPointExtension>
						<ns3:hr>159</ns3:hr>
						<ns3:speed>1.071810</ns3:speed>
						<ns3:cad>45</ns3:cad>
					</ns3:TrackPointExtension>
				</extensions>
			</trkpt>
			<trkpt lat="-6.451528" lon="-35.668024">
				<time>2025-10-26T12:36:25Z</time>
				<ele>-20000.000000</ele>
				<extensions>
					<ns3:TrackPointExtension>
						<ns3:hr>158</ns3:hr>
						<ns3:speed>1.068380</ns3:speed>
						<ns3:cad>45</ns3:cad>
					</ns3:TrackPointExtension>
				</extensions>
			</trkpt>
			<trkpt lat="-6.451531" lon="-35.668009">
				<time>2025-10-26T12:36:26Z</time>
				<ele>-20000.000000</ele>
				<extensions>
					<ns3:TrackPointExtension>
						<ns3:hr>158</ns3:hr>
						<ns3:speed>1.068380</ns3:speed>
						<ns3:cad>47</ns3:cad>
					</ns3:TrackPointExtension>
				</extensions>
			</trkpt>
			<trkpt lat="-6.451535" lon="-35.667990">
				<time>2025-10-26T12:36:27Z</time>
				<ele>-20000.000000</ele>
				<extensions>
					<ns3:TrackPointExtension>
						<ns3:hr>159</ns3:hr>
						<ns3:speed>1.072960</ns3:speed>
						<ns3:cad>49</ns3:cad>
					</ns3:TrackPointExtension>
				</extensions>
			</trkpt>
			<trkpt lat="-6.451537" lon="-35.667966">
				<time>2025-10-26T12:36:28Z</time>
				<ele>-20000.000000</ele>
				<extensions>
					<ns3:TrackPointExtension>
						<ns3:hr>160</ns3:hr>
						<ns3:speed>1.085780</ns3:speed>
						<ns3:cad>49</ns3:cad>
					</ns3:TrackPointExtension>
				</extensions>
			</trkpt>
			<trkpt lat="-6.451540" lon="-35.667938">
				<time>2025-10-26T12:36:29Z</time>
				<ele>-20000.000000</ele>
				<extensions>
					<ns3:TrackPointExtension>
						<ns3:hr>160</ns3:hr>
						<ns3:speed>1.117320</ns3:speed>
						<ns3:cad>51</ns3:cad>
					</ns3:TrackPointExtension>
				</extensions>
			</trkpt>
			<trkpt lat="-6.451544" lon="-35.667908">
				<time>2025-10-26T12:36:30Z</time>
				<ele>-20000.000000</ele>
				<extensions>
					<ns3:TrackPointExtension>
						<ns3:hr>161</ns3:hr>
						<ns3:speed>1.201920</ns3:speed>
						<ns3:cad>51</ns3:cad>
					</ns3:TrackPointExtension>
				</extensions>
			</trkpt>
			<trkpt lat="-6.451548" lon="-35.667874">
				<time>2025-10-26T12:36:31Z</time>
				<ele>-20000.000000</ele>
				<extensions>
					<ns3:TrackPointExtension>
						<ns3:hr>163</ns3:hr>
						<ns3:speed>1.453490</ns3:speed>
						<ns3:cad>80</ns3:cad>
					</ns3:TrackPointExtension>
				</extensions>
			</trkpt>
			<trkpt lat="-6.451554" lon="-35.667838">
				<time>2025-10-26T12:36:32Z</time>
				<ele>-20000.000000</ele>
				<extensions>
					<ns3:TrackPointExtension>
						<ns3:hr>164</ns3:hr>
						<ns3:speed>1.897530</ns3:speed>
						<ns3:cad>80</ns3:cad>
					</ns3:TrackPointExtension>
				</extensions>
			</trkpt>
			<trkpt lat="-6.451560" lon="-35.667801">
				<time>2025-10-26T12:36:33Z</time>
				<ele>-20000.000000</ele>
				<extensions>
					<ns3:TrackPointExtension>
						<ns3:hr>165</ns3:hr>
						<ns3:speed>2.427180</ns3:speed>
						<ns3:cad>80</ns3:cad>
					</ns3:TrackPointExtension>
				</extensions>
			</trkpt>
			<trkpt lat="-6.451566" lon="-35.667763">
				<time>2025-10-26T12:36:34Z</time>
				<ele>-20000.000000</ele>
				<extensions>
					<ns3:TrackPointExtension>
						<ns3:hr>165</ns3:hr>
						<ns3:speed>2.941180</ns3:speed>
						<ns3:cad>80</ns3:cad>
					</ns3:TrackPointExtension>
				</extensions>
			</trkpt>
			<trkpt lat="-6.451572" lon="-35.667726">
				<time>2025-10-26T12:36:35Z</time>
				<ele>-20000.000000</ele>
				<extensions>
					<ns3:TrackPointExtension>
						<ns3:hr>166</ns3:hr>
						<ns3:speed>3.322260</ns3:speed>
						<ns3:cad>81</ns3:cad>
					</ns3:TrackPointExtension>
				</extensions>
			</trkpt>
			<trkpt lat="-6.451578" lon="-35.667687">
				<time>2025-10-26T12:36:36Z</time>
				<ele>-20000.000000</ele>
				<extensions>
					<ns3:TrackPointExtension>
						<ns3:hr>166</ns3:hr>
						<ns3:speed>3.623190</ns3:speed>
						<ns3:cad>81</ns3:cad>
					</ns3:TrackPointExtension>
				</extensions>
			</trkpt>
			<trkpt lat="-6.451585" lon="-35.667649">
				<time>2025-10-26T12:36:37Z</time>
				<ele>-20000.000000</ele>
				<extensions>
					<ns3:TrackPointExtension>
						<ns3:hr>165</ns3:hr>
						<ns3:speed>3.802280</ns3:speed>
						<ns3:cad>82</ns3:cad>
					</ns3:TrackPointExtension>
				</extensions>
			</trkpt>
			<trkpt lat="-6.451592" lon="-35.667611">
				<time>2025-10-26T12:36:38Z</time>
				<ele>-20000.000000</ele>
				<extensions>
					<ns3:TrackPointExtension>
						<ns3:hr>165</ns3:hr>
						<ns3:speed>3.875970</ns3:speed>
						<ns3:cad>82</ns3:cad>
					</ns3:TrackPointExtension>
				</extensions>
			</trkpt>
			<trkpt lat="-6.451601" lon="-35.667574">
				<time>2025-10-26T12:36:39Z</time>
				<ele>-20000.000000</ele>
				<extensions>
					<ns3:TrackPointExtension>
						<ns3:hr>165</ns3:hr>
						<ns3:speed>3.952570</ns3:speed>
						<ns3:cad>83</ns3:cad>
					</ns3:TrackPointExtension>
				</extensions>
			</trkpt>
			<trkpt lat="-6.451608" lon="-35.667537">
				<time>2025-10-26T12:36:40Z</time>
				<ele>-20000.000000</ele>
				<extensions>
					<ns3:TrackPointExtension>
						<ns3:hr>164</ns3:hr>
						<ns3:speed>4.016060</ns3:speed>
						<ns3:cad>83</ns3:cad>
					</ns3:TrackPointExtension>
				</extensions>
			</trkpt>
			<trkpt lat="-6.451615" lon="-35.667501">
				<time>2025-10-26T12:36:41Z</time>
				<ele>-20000.000000</ele>
				<extensions>
					<ns3:TrackPointExtension>
						<ns3:hr>164</ns3:hr>
						<ns3:speed>4.065040</ns3:speed>
						<ns3:cad>83</ns3:cad>
					</ns3:TrackPointExtension>
				</extensions>
			</trkpt>
			<trkpt lat="-6.451622" lon="-35.667464">
				<time>2025-10-26T12:36:42Z</time>
				<ele>-20000.000000</ele>
				<extensions>
					<ns3:TrackPointExtension>
						<ns3:hr>165</ns3:hr>
						<ns3:speed>4.081630</ns3:speed>
						<ns3:cad>83</ns3:cad>
					</ns3:TrackPointExtension>
				</extensions>
			</trkpt>
			<trkpt lat="-6.451629" lon="-35.667428">
				<time>2025-10-26T12:36:43Z</time>
				<ele>-20000.000000</ele>
				<extensions>
					<ns3:TrackPointExtension>
						<ns3:hr>166</ns3:hr>
						<ns3:speed>4.098360</ns3:speed>
						<ns3:cad>84</ns3:cad>
					</ns3:TrackPointExtension>
				</extensions>
			</trkpt>
			<trkpt lat="-6.451635" lon="-35.667393">
				<time>2025-10-26T12:36:44Z</time>
				<ele>-20000.000000</ele>
				<extensions>
					<ns3:TrackPointExtension>
						<ns3:hr>167</ns3:hr>
						<ns3:speed>4.098360</ns3:speed>
						<ns3:cad>84</ns3:cad>
					</ns3:TrackPointExtension>
				</extensions>
			</trkpt>
			<trkpt lat="-6.451639" lon="-35.667359">
				<time>2025-10-26T12:36:45Z</time>
				<ele>-20000.000000</ele>
				<extensions>
					<ns3:TrackPointExtension>
						<ns3:hr>168</ns3:hr>
						<ns3:speed>4.098360</ns3:speed>
						<ns3:cad>84</ns3:cad>
					</ns3:TrackPointExtension>
				</extensions>
			</trkpt>
			<trkpt lat="-6.451643" lon="-35.667326">
				<time>2025-10-26T12:36:46Z</time>
				<ele>-20000.000000</ele>
				<extensions>
					<ns3:TrackPointExtension>
						<ns3:hr>168</ns3:hr>
						<ns3:speed>4.081630</ns3:speed>
						<ns3:cad>84</ns3:cad>
					</ns3:TrackPointExtension>
				</extensions>
			</trkpt>
			<trkpt lat="-6.451646" lon="-35.667292">
				<time>2025-10-26T12:36:47Z</time>
				<ele>-20000.000000</ele>
				<extensions>
					<ns3:TrackPointExtension>
						<ns3:hr>167</ns3:hr>
						<ns3:speed>4.065040</ns3:speed>
						<ns3:cad>84</ns3:cad>
					</ns3:TrackPointExtension>
				</extensions>
			</trkpt>
			<trkpt lat="-6.451650" lon="-35.667258">
				<time>2025-10-26T12:36:48Z</time>
				<ele>-20000.000000</ele>
				<extensions>
					<ns3:TrackPointExtension>
						<ns3:hr>167</ns3:hr>
						<ns3:speed>4.032260</ns3:speed>
						<ns3:cad>83</ns3:cad>
					</ns3:TrackPointExtension>
				</extensions>
			</trkpt>
			<trkpt lat="-6.451652" lon="-35.667223">
				<time>2025-10-26T12:36:49Z</time>
				<ele>-20000.000000</ele>
				<extensions>
					<ns3:TrackPointExtension>
						<ns3:hr>167</ns3:hr>
						<ns3:speed>3.984060</ns3:speed>
						<ns3:cad>83</ns3:cad>
					</ns3:TrackPointExtension>
				</extensions>
			</trkpt>
			<trkpt lat="-6.451653" lon="-35.667190">
				<time>2025-10-26T12:36:50Z</time>
				<ele>-20000.000000</ele>
				<extensions>
					<ns3:TrackPointExtension>
						<ns3:hr>167</ns3:hr>
						<ns3:speed>3.906250</ns3:speed>
						<ns3:cad>82</ns3:cad>
					</ns3:TrackPointExtension>
				</extensions>
			</trkpt>
			<trkpt lat="-6.451655" lon="-35.667157">
				<time>2025-10-26T12:36:51Z</time>
				<ele>-20000.000000</ele>
				<extensions>
					<ns3:TrackPointExtension>
						<ns3:hr>168</ns3:hr>
						<ns3:speed>3.831420</ns3:speed>
						<ns3:cad>82</ns3:cad>
					</ns3:TrackPointExtension>
				</extensions>
			</trkpt>
			<trkpt lat="-6.451659" lon="-35.667124">
				<time>2025-10-26T12:36:52Z</time>
				<ele>-20000.000000</ele>
				<extensions>
					<ns3:TrackPointExtension>
						<ns3:hr>168</ns3:hr>
						<ns3:speed>3.802280</ns3:speed>
						<ns3:cad>82</ns3:cad>
					</ns3:TrackPointExtension>
				</extensions>
			</trkpt>
			<trkpt lat="-6.451662" lon="-35.667093">
				<time>2025-10-26T12:36:53Z</time>
				<ele>-20000.000000</ele>
				<extensions>
					<ns3:TrackPointExtension>
						<ns3:hr>169</ns3:hr>
						<ns3:speed>3.802280</ns3:speed>
						<ns3:cad>82</ns3:cad>
					</ns3:TrackPointExtension>
				</extensions>
			</trkpt>
			<trkpt lat="-6.451665" lon="-35.667062">
				<time>2025-10-26T12:36:54Z</time>
				<ele>-20000.000000</ele>
				<extensions>
					<ns3:TrackPointExtension>
						<ns3:hr>170</ns3:hr>
						<ns3:speed>3.759400</ns3:speed>
						<ns3:cad>82</ns3:cad>
					</ns3:TrackPointExtension>
				</extensions>
			</trkpt>
			<trkpt lat="-6.451668" lon="-35.667030">
				<time>2025-10-26T12:36:55Z</time>
				<ele>-20000.000000</ele>
				<extensions>
					<ns3:TrackPointExtension>
						<ns3:hr>170</ns3:hr>
						<ns3:speed>3.703700</ns3:speed>
						<ns3:cad>82</ns3:cad>
					</ns3:TrackPointExtension>
				</extensions>
			</trkpt>
			<trkpt lat="-6.451671" lon="-35.667000">
				<time>2025-10-26T12:36:56Z</time>
				<ele>-20000.000000</ele>
				<extensions>
					<ns3:TrackPointExtension>
						<ns3:hr>170</ns3:hr>
						<ns3:speed>3.649640</ns3:speed>
						<ns3:cad>81</ns3:cad>
					</ns3:TrackPointExtension>
				</extensions>
			</trkpt>
			<trkpt lat="-6.451673" lon="-35.666968">
				<time>2025-10-26T12:36:57Z</time>
				<ele>-20000.000000</ele>
				<extensions>
					<ns3:TrackPointExtension>
						<ns3:hr>172</ns3:hr>
						<ns3:speed>3.610110</ns3:speed>
						<ns3:cad>80</ns3:cad>
					</ns3:TrackPointExtension>
				</extensions>
			</trkpt>
			<trkpt lat="-6.451675" lon="-35.666940">
				<time>2025-10-26T12:36:58Z</time>
				<ele>-20000.000000</ele>
				<extensions>
					<ns3:TrackPointExtension>
						<ns3:hr>172</ns3:hr>
						<ns3:speed>3.558720</ns3:speed>
						<ns3:cad>80</ns3:cad>
					</ns3:TrackPointExtension>
				</extensions>
			</trkpt>
			<trkpt lat="-6.451678" lon="-35.666913">
				<time>2025-10-26T12:36:59Z</time>
				<ele>-20000.000000</ele>
				<extensions>
					<ns3:TrackPointExtension>
						<ns3:hr>173</ns3:hr>
						<ns3:speed>3.521130</ns3:speed>
						<ns3:cad>80</ns3:cad>
					</ns3:TrackPointExtension>
				</extensions>
			</trkpt>
			<trkpt lat="-6.451682" lon="-35.666890">
				<time>2025-10-26T12:37:00Z</time>
				<ele>-20000.000000</ele>
				<extensions>
					<ns3:TrackPointExtension>
						<ns3:hr>172</ns3:hr>
						<ns3:speed>3.484320</ns3:speed>
						<ns3:cad>80</ns3:cad>
					</ns3:TrackPointExtension>
				</extensions>
			</trkpt>
			<trkpt lat="-6.451690" lon="-35.666875">
				<time>2025-10-26T12:37:01Z</time>
				<ele>-20000.000000</ele>
				<extensions>
					<ns3:TrackPointExtension>
						<ns3:hr>172</ns3:hr>
						<ns3:speed>3.472220</ns3:speed>
						<ns3:cad>80</ns3:cad>
					</ns3:TrackPointExtension>
				</extensions>
			</trkpt>
			<trkpt lat="-6.451701" lon="-35.666862">
				<time>2025-10-26T12:37:02Z</time>
				<ele>-20000.000000</ele>
				<extensions>
					<ns3:TrackPointExtension>
						<ns3:hr>172</ns3:hr>
						<ns3:speed>3.460210</ns3:speed>
						<ns3:cad>80</ns3:cad>
					</ns3:TrackPointExtension>
				</extensions>
			</trkpt>
			<trkpt lat="-6.451711" lon="-35.666852">
				<time>2025-10-26T12:37:03Z</time>
				<ele>-20000.000000</ele>
				<extensions>
					<ns3:TrackPointExtension>
						<ns3:hr>172</ns3:hr>
						<ns3:speed>3.460210</ns3:speed>
						<ns3:cad>79</ns3:cad>
					</ns3:TrackPointExtension>
				</extensions>
			</trkpt>
			<trkpt lat="-6.451722" lon="-35.666842">
				<time>2025-10-26T12:37:04Z</time>
				<ele>-20000.000000</ele>
				<extensions>
					<ns3:TrackPointExtension>
						<ns3:hr>172</ns3:hr>
						<ns3:speed>2.949850</ns3:speed>
						<ns3:cad>78</ns3:cad>
					</ns3:TrackPointExtension>
				</extensions>
			</trkpt>
			<trkpt lat="-6.451732" lon="-35.666835">
				<time>2025-10-26T12:37:05Z</time>
				<ele>-20000.000000</ele>
				<extensions>
					<ns3:TrackPointExtension>
						<ns3:hr>172</ns3:hr>
						<ns3:speed>2.247190</ns3:speed>
						<ns3:cad>78</ns3:cad>
					</ns3:TrackPointExtension>
				</extensions>
			</trkpt>
			<trkpt lat="-6.451743" lon="-35.666829">
				<time>2025-10-26T12:37:06Z</time>
				<ele>-20000.000000</ele>
				<extensions>
					<ns3:TrackPointExtension>
						<ns3:hr>172</ns3:hr>
						<ns3:speed>1.838240</ns3:speed>
						<ns3:cad>77</ns3:cad>
					</ns3:TrackPointExtension>
				</extensions>
			</trkpt>
			<trkpt lat="-6.451754" lon="-35.666824">
				<time>2025-10-26T12:37:07Z</time>
				<ele>-20000.000000</ele>
				<extensions>
					<ns3:TrackPointExtension>
						<ns3:hr>171</ns3:hr>
						<ns3:speed>1.607720</ns3:speed>
						<ns3:cad>76</ns3:cad>
					</ns3:TrackPointExtension>
				</extensions>
			</trkpt>
			<trkpt lat="-6.451764" lon="-35.666820">
				<time>2025-10-26T12:37:08Z</time>
				<ele>-20000.000000</ele>
				<extensions>
					<ns3:TrackPointExtension>
						<ns3:hr>171</ns3:hr>
						<ns3:speed>1.497010</ns3:speed>
						<ns3:cad>76</ns3:cad>
					</ns3:TrackPointExtension>
				</extensions>
			</trkpt>
			<trkpt lat="-6.451774" lon="-35.666816">
				<time>2025-10-26T12:37:09Z</time>
				<ele>-20000.000000</ele>
				<extensions>
					<ns3:TrackPointExtension>
						<ns3:hr>171</ns3:hr>
						<ns3:speed>1.422480</ns3:speed>
						<ns3:cad>71</ns3:cad>
					</ns3:TrackPointExtension>
				</extensions>
			</trkpt>
			<trkpt lat="-6.451784" lon="-35.666812">
				<time>2025-10-26T12:37:10Z</time>
				<ele>-20000.000000</ele>
				<extensions>
					<ns3:TrackPointExtension>
						<ns3:hr>171</ns3:hr>
						<ns3:speed>1.360540</ns3:speed>
						<ns3:cad>52</ns3:cad>
					</ns3:TrackPointExtension>
				</extensions>
			</trkpt>
			<trkpt lat="-6.451796" lon="-35.666808">
				<time>2025-10-26T12:37:11Z</time>
				<ele>-20000.000000</ele>
				<extensions>
					<ns3:TrackPointExtension>
						<ns3:hr>170</ns3:hr>
						<ns3:speed>1.360540</ns3:speed>
						<ns3:cad>52</ns3:cad>
					</ns3:TrackPointExtension>
				</extensions>
			</trkpt>
			<trkpt lat="-6.451810" lon="-35.666803">
				<time>2025-10-26T12:37:12Z</time>
				<ele>-20000.000000</ele>
				<extensions>
					<ns3:TrackPointExtension>
						<ns3:hr>169</ns3:hr>
						<ns3:speed>1.314060</ns3:speed>
						<ns3:cad>52</ns3:cad>
					</ns3:TrackPointExtension>
				</extensions>
			</trkpt>
			<trkpt lat="-6.451825" lon="-35.666796">
				<time>2025-10-26T12:37:13Z</time>
				<ele>-20000.000000</ele>
				<extensions>
					<ns3:TrackPointExtension>
						<ns3:hr>169</ns3:hr>
						<ns3:speed>1.300390</ns3:speed>
						<ns3:cad>52</ns3:cad>
					</ns3:TrackPointExtension>
				</extensions>
			</trkpt>
			<trkpt lat="-6.451839" lon="-35.666786">
				<time>2025-10-26T12:37:14Z</time>
				<ele>-20000.000000</ele>
				<extensions>
					<ns3:TrackPointExtension>
						<ns3:hr>169</ns3:hr>
						<ns3:speed>1.300390</ns3:speed>
						<ns3:cad>52</ns3:cad>
					</ns3:TrackPointExtension>
				</extensions>
			</trkpt>
			<trkpt lat="-6.451851" lon="-35.666775">
				<time>2025-10-26T12:37:15Z</time>
				<ele>-20000.000000</ele>
				<extensions>
					<ns3:TrackPointExtension>
						<ns3:hr>169</ns3:hr>
						<ns3:speed>1.447180</ns3:speed>
						<ns3:cad>51</ns3:cad>
					</ns3:TrackPointExtension>
				</extensions>
			</trkpt>
			<trkpt lat="-6.451862" lon="-35.666762">
				<time>2025-10-26T12:37:16Z</time>
				<ele>-20000.000000</ele>
				<extensions>
					<ns3:TrackPointExtension>
						<ns3:hr>169</ns3:hr>
						<ns3:speed>1.683500</ns3:speed>
						<ns3:cad>75</ns3:cad>
					</ns3:TrackPointExtension>
				</extensions>
			</trkpt>
			<trkpt lat="-6.451869" lon="-35.666749">
				<time>2025-10-26T12:37:17Z</time>
				<ele>-20000.000000</ele>
				<extensions>
					<ns3:TrackPointExtension>
						<ns3:hr>169</ns3:hr>
						<ns3:speed>1.683500</ns3:speed>
						<ns3:cad>75</ns3:cad>
					</ns3:TrackPointExtension>
				</extensions>
			</trkpt>
			<trkpt lat="-6.451872" lon="-35.666738">
				<time>2025-10-26T12:37:18Z</time>
				<ele>-20000.000000</ele>
				<extensions>
					<ns3:TrackPointExtension>
						<ns3:hr>169</ns3:hr>
						<ns3:speed>1.879700</ns3:speed>
						<ns3:cad>75</ns3:cad>
					</ns3:TrackPointExtension>
				</extensions>
			</trkpt>
			<trkpt lat="-6.451874" lon="-35.666729">
				<time>2025-10-26T12:37:19Z</time>
				<ele>-20000.000000</ele>
				<extensions>
					<ns3:TrackPointExtension>
						<ns3:hr>169</ns3:hr>
						<ns3:speed>1.886790</ns3:speed>
						<ns3:cad>75</ns3:cad>
					</ns3:TrackPointExtension>
				</extensions>
			</trkpt>
			<trkpt lat="-6.451878" lon="-35.666720">
				<time>2025-10-26T12:37:20Z</time>
				<ele>-20000.000000</ele>
				<extensions>
					<ns3:TrackPointExtension>
						<ns3:hr>169</ns3:hr>
						<ns3:speed>1.814880</ns3:speed>
						<ns3:cad>75</ns3:cad>
					</ns3:TrackPointExtension>
				</extensions>
			</trkpt>
			<trkpt lat="-6.451884" lon="-35.666712">
				<time>2025-10-26T12:37:21Z</time>
				<ele>-20000.000000</ele>
				<extensions>
					<ns3:TrackPointExtension>
						<ns3:hr>170</ns3:hr>
						<ns3:speed>1.814880</ns3:speed>
						<ns3:cad>75</ns3:cad>
					</ns3:TrackPointExtension>
				</extensions>
			</trkpt>
			<trkpt lat="-6.451890" lon="-35.666705">
				<time>2025-10-26T12:37:22Z</time>
				<ele>-20000.000000</ele>
				<extensions>
					<ns3:TrackPointExtension>
						<ns3:hr>169</ns3:hr>
						<ns3:speed>1.675040</ns3:speed>
						<ns3:cad>75</ns3:cad>
					</ns3:TrackPointExtension>
				</extensions>
			</trkpt>
			<trkpt lat="-6.451894" lon="-35.666696">
				<time>2025-10-26T12:37:23Z</time>
				<ele>-20000.000000</ele>
				<extensions>
					<ns3:TrackPointExtension>
						<ns3:hr>169</ns3:hr>
						<ns3:speed>1.445090</ns3:speed>
						<ns3:cad>75</ns3:cad>
					</ns3:TrackPointExtension>
				</extensions>
			</trkpt>
			<trkpt lat="-6.451896" lon="-35.666688">
				<time>2025-10-26T12:37:24Z</time>
				<ele>-20000.000000</ele>
				<extensions>
					<ns3:TrackPointExtension>
						<ns3:hr>169</ns3:hr>
						<ns3:speed>1.298700</ns3:speed>
						<ns3:cad>73</ns3:cad>
					</ns3:TrackPointExtension>
				</extensions>
			</trkpt>
			<trkpt lat="-6.451897" lon="-35.666681">
				<time>2025-10-26T12:37:25Z</time>
				<ele>-20000.000000</ele>
				<extensions>
					<ns3:TrackPointExtension>
						<ns3:hr>168</ns3:hr>
						<ns3:speed>1.250000</ns3:speed>
						<ns3:cad>72</ns3:cad>
					</ns3:TrackPointExtension>
				</extensions>
			</trkpt>
			<trkpt lat="-6.451895" lon="-35.666676">
				<time>2025-10-26T12:37:26Z</time>
				<ele>-20000.000000</ele>
				<extensions>
					<ns3:TrackPointExtension>
						<ns3:hr>168</ns3:hr>
						<ns3:speed>1.221000</ns3:speed>
						<ns3:cad>68</ns3:cad>
					</ns3:TrackPointExtension>
				</extensions>
			</trkpt>
			<trkpt lat="-6.451893" lon="-35.666672">
				<time>2025-10-26T12:37:27Z</time>
				<ele>-20000.000000</ele>
				<extensions>
					<ns3:TrackPointExtension>
						<ns3:hr>169</ns3:hr>
						<ns3:speed>1.204820</ns3:speed>
						<ns3:cad>63</ns3:cad>
					</ns3:TrackPointExtension>
				</extensions>
			</trkpt>
			<trkpt lat="-6.451891" lon="-35.666670">
				<time>2025-10-26T12:37:28Z</time>
				<ele>-20000.000000</ele>
				<extensions>
					<ns3:TrackPointExtension>
						<ns3:hr>168</ns3:hr>
						<ns3:speed>1.207730</ns3:speed>
						<ns3:cad>60</ns3:cad>
					</ns3:TrackPointExtension>
				</extensions>
			</trkpt>
			<trkpt lat="-6.451890" lon="-35.666667">
				<time>2025-10-26T12:37:29Z</time>
				<ele>-20000.000000</ele>
				<extensions>
					<ns3:TrackPointExtension>
						<ns3:hr>167</ns3:hr>
						<ns3:speed>1.122330</ns3:speed>
						<ns3:cad>61</ns3:cad>
					</ns3:TrackPointExtension>
				</extensions>
			</trkpt>
			<trkpt lat="-6.451890" lon="-35.666665">
				<time>2025-10-26T12:37:30Z</time>
				<ele>-20000.000000</ele>
				<extensions>
					<ns3:TrackPointExtension>
						<ns3:hr>167</ns3:hr>
						<ns3:speed>0.983280</ns3:speed>
						<ns3:cad>60</ns3:cad>
					</ns3:TrackPointExtension>
				</extensions>
			</trkpt>
			<trkpt lat="-6.451890" lon="-35.666663">
				<time>2025-10-26T12:37:31Z</time>
				<ele>-20000.000000</ele>
				<extensions>
					<ns3:TrackPointExtension>
						<ns3:hr>167</ns3:hr>
						<ns3:speed>0.920810</ns3:speed>
						<ns3:cad>62</ns3:cad>
					</ns3:TrackPointExtension>
				</extensions>
			</trkpt>
			<trkpt lat="-6.451891" lon="-35.666662">
				<time>2025-10-26T12:37:32Z</time>
				<ele>-20000.000000</ele>
				<extensions>
					<ns3:TrackPointExtension>
						<ns3:hr>167</ns3:hr>
						<ns3:speed>0.868060</ns3:speed>
						<ns3:cad>57</ns3:cad>
					</ns3:TrackPointExtension>
				</extensions>
			</trkpt>
			<trkpt lat="-6.451892" lon="-35.666661">
				<time>2025-10-26T12:37:33Z</time>
				<ele>-20000.000000</ele>
				<extensions>
					<ns3:TrackPointExtension>
						<ns3:hr>167</ns3:hr>
						<ns3:speed>0.745160</ns3:speed>
						<ns3:cad>56</ns3:cad>
					</ns3:TrackPointExtension>
				</extensions>
			</trkpt>
			<trkpt lat="-6.451893" lon="-35.666658">
				<time>2025-10-26T12:37:34Z</time>
				<ele>-20000.000000</ele>
				<extensions>
					<ns3:TrackPointExtension>
						<ns3:hr>167</ns3:hr>
						<ns3:speed>0.619960</ns3:speed>
						<ns3:cad>56</ns3:cad>
					</ns3:TrackPointExtension>
				</extensions>
			</trkpt>
			<trkpt lat="-6.451894" lon="-35.666655">
				<time>2025-10-26T12:37:35Z</time>
				<ele>-20000.000000</ele>
				<extensions>
					<ns3:TrackPointExtension>
						<ns3:hr>166</ns3:hr>
						<ns3:speed>0.502510</ns3:speed>
						<ns3:cad>52</ns3:cad>
					</ns3:TrackPointExtension>
				</extensions>
			</trkpt>
			<trkpt lat="-6.451896" lon="-35.666652">
				<time>2025-10-26T12:37:36Z</time>
				<ele>-20000.000000</ele>
				<extensions>
					<ns3:TrackPointExtension>
						<ns3:hr>166</ns3:hr>
						<ns3:speed>0.446030</ns3:speed>
						<ns3:cad>51</ns3:cad>
					</ns3:TrackPointExtension>
				</extensions>
			</trkpt>
			<trkpt lat="-6.451896" lon="-35.666650">
				<time>2025-10-26T12:37:37Z</time>
				<ele>-20000.000000</ele>
				<extensions>
					<ns3:TrackPointExtension>
						<ns3:hr>165</ns3:hr>
						<ns3:speed>0.409000</ns3:speed>
						<ns3:cad>50</ns3:cad>
					</ns3:TrackPointExtension>
				</extensions>
			</trkpt>
			<trkpt lat="-6.451898" lon="-35.666647">
				<time>2025-10-26T12:37:38Z</time>
				<ele>-20000.000000</ele>
				<extensions>
					<ns3:TrackPointExtension>
						<ns3:hr>165</ns3:hr>
						<ns3:speed>0.409000</ns3:speed>
						<ns3:cad>50</ns3:cad>
					</ns3:TrackPointExtension>
				</extensions>
			</trkpt>
			<trkpt lat="-6.451898" lon="-35.666645">
				<time>2025-10-26T12:37:39Z</time>
				<ele>-20000.000000</ele>
				<extensions>
					<ns3:TrackPointExtension>
						<ns3:hr>165</ns3:hr>
						<ns3:speed>0.323100</ns3:speed>
						<ns3:cad>50</ns3:cad>
					</ns3:TrackPointExtension>
				</extensions>
			</trkpt>
			<trkpt lat="-6.451897" lon="-35.666643">
				<time>2025-10-26T12:37:40Z</time>
				<ele>-20000.000000</ele>
				<extensions>
					<ns3:TrackPointExtension>
						<ns3:hr>165</ns3:hr>
						<ns3:speed>0.288020</ns3:speed>
						<ns3:cad>49</ns3:cad>
					</ns3:TrackPointExtension>
				</extensions>
			</trkpt>
			<trkpt lat="-6.451895" lon="-35.666642">
				<time>2025-10-26T12:37:41Z</time>
				<ele>-20000.000000</ele>
				<extensions>
					<ns3:TrackPointExtension>
						<ns3:hr>165</ns3:hr>
						<ns3:speed>0.000000</ns3:speed>
						<ns3:cad>0</ns3:cad>
					</ns3:TrackPointExtension>
				</extensions>
			</trkpt>
			<trkpt lat="-6.451894" lon="-35.666641">
				<time>2025-10-26T12:37:42Z</time>
				<ele>-20000.000000</ele>
				<extensions>
					<ns3:TrackPointExtension>
						<ns3:hr>166</ns3:hr>
						<ns3:speed>0.425530</ns3:speed>
						<ns3:cad>37</ns3:cad>
					</ns3:TrackPointExtension>
				</extensions>
			</trkpt>
			<trkpt lat="-6.451892" lon="-35.666640">
				<time>2025-10-26T12:37:43Z</time>
				<ele>-20000.000000</ele>
				<extensions>
					<ns3:TrackPointExtension>
						<ns3:hr>166</ns3:hr>
						<ns3:speed>0.425530</ns3:speed>
						<ns3:cad>37</ns3:cad>
					</ns3:TrackPointExtension>
				</extensions>
			</trkpt>
			<trkpt lat="-6.451891" lon="-35.666640">
				<time>2025-10-26T12:37:44Z</time>
				<ele>-20000.000000</ele>
				<extensions>
					<ns3:TrackPointExtension>
						<ns3:hr>166</ns3:hr>
						<ns3:speed>0.368190</ns3:speed>
						<ns3:cad>39</ns3:cad>
					</ns3:TrackPointExtension>
				</extensions>
			</trkpt>
			<trkpt lat="-6.451891" lon="-35.666639">
				<time>2025-10-26T12:37:45Z</time>
				<ele>-20000.000000</ele>
				<extensions>
					<ns3:TrackPointExtension>
						<ns3:hr>166</ns3:hr>
						<ns3:speed>0.368190</ns3:speed>
						<ns3:cad>39</ns3:cad>
					</ns3:TrackPointExtension>
				</extensions>
			</trkpt>
			<trkpt lat="-6.451894" lon="-35.666637">
				<time>2025-10-26T12:37:46Z</time>
				<ele>-20000.000000</ele>
				<extensions>
					<ns3:TrackPointExtension>
						<ns3:hr>167</ns3:hr>
						<ns3:speed>0.314070</ns3:speed>
						<ns3:cad>40</ns3:cad>
					</ns3:TrackPointExtension>
				</extensions>
			</trkpt>
			<trkpt lat="-6.451903" lon="-35.666628">
				<time>2025-10-26T12:37:47Z</time>
				<ele>-20000.000000</ele>
				<extensions>
					<ns3:TrackPointExtension>
						<ns3:hr>167</ns3:hr>
						<ns3:speed>0.294810</ns3:speed>
						<ns3:cad>39</ns3:cad>
					</ns3:TrackPointExtension>
				</extensions>
			</trkpt>
			<trkpt lat="-6.451912" lon="-35.666616">
				<time>2025-10-26T12:37:48Z</time>
				<ele>-20000.000000</ele>
				<extensions>
					<ns3:TrackPointExtension>
						<ns3:hr>166</ns3:hr>
						<ns3:speed>0.345420</ns3:speed>
						<ns3:cad>40</ns3:cad>
					</ns3:TrackPointExtension>
				</extensions>
			</trkpt>
			<trkpt lat="-6.451920" lon="-35.666598">
				<time>2025-10-26T12:37:49Z</time>
				<ele>-20000.000000</ele>
				<extensions>
					<ns3:TrackPointExtension>
						<ns3:hr>166</ns3:hr>
						<ns3:speed>0.389410</ns3:speed>
						<ns3:cad>40</ns3:cad>
					</ns3:TrackPointExtension>
				</extensions>
			</trkpt>
			<trkpt lat="-6.451926" lon="-35.666577">
				<time>2025-10-26T12:37:50Z</time>
				<ele>-20000.000000</ele>
				<extensions>
					<ns3:TrackPointExtension>
						<ns3:hr>166</ns3:hr>
						<ns3:speed>0.533620</ns3:speed>
						<ns3:cad>79</ns3:cad>
					</ns3:TrackPointExtension>
				</extensions>
			</trkpt>
			<trkpt lat="-6.451933" lon="-35.666554">
				<time>2025-10-26T12:37:51Z</time>
				<ele>-20000.000000</ele>
				<extensions>
					<ns3:TrackPointExtension>
						<ns3:hr>166</ns3:hr>
						<ns3:speed>0.533620</ns3:speed>
						<ns3:cad>79</ns3:cad>
					</ns3:TrackPointExtension>
				</extensions>
			</trkpt>
			<trkpt lat="-6.451940" lon="-35.666529">
				<time>2025-10-26T12:37:52Z</time>
				<ele>-20000.000000</ele>
				<extensions>
					<ns3:TrackPointExtension>
						<ns3:hr>165</ns3:hr>
						<ns3:speed>1.017290</ns3:speed>
						<ns3:cad>79</ns3:cad>
					</ns3:TrackPointExtension>
				</extensions>
			</trkpt>
			<trkpt lat="-6.451948" lon="-35.666503">
				<time>2025-10-26T12:37:53Z</time>
				<ele>-20000.000000</ele>
				<extensions>
					<ns3:TrackPointExtension>
						<ns3:hr>164</ns3:hr>
						<ns3:speed>1.610310</ns3:speed>
						<ns3:cad>78</ns3:cad>
					</ns3:TrackPointExtension>
				</extensions>
			</trkpt>
			<trkpt lat="-6.451957" lon="-35.666477">
				<time>2025-10-26T12:37:54Z</time>
				<ele>-20000.000000</ele>
				<extensions>
					<ns3:TrackPointExtension>
						<ns3:hr>164</ns3:hr>
						<ns3:speed>2.087680</ns3:speed>
						<ns3:cad>78</ns3:cad>
					</ns3:TrackPointExtension>
				</extensions>
			</trkpt>
			<trkpt lat="-6.451967" lon="-35.666448">
				<time>2025-10-26T12:37:55Z</time>
				<ele>-20000.000000</ele>
				<extensions>
					<ns3:TrackPointExtension>
						<ns3:hr>164</ns3:hr>
						<ns3:speed>2.347420</ns3:speed>
						<ns3:cad>77</ns3:cad>
					</ns3:TrackPointExtension>
				</extensions>
			</trkpt>
			<trkpt lat="-6.451976" lon="-35.666418">
				<time>2025-10-26T12:37:56Z</time>
				<ele>-20000.000000</ele>
				<extensions>
					<ns3:TrackPointExtension>
						<ns3:hr>165</ns3:hr>
						<ns3:speed>2.500000</ns3:speed>
						<ns3:cad>77</ns3:cad>
					</ns3:TrackPointExtension>
				</extensions>
			</trkpt>
			<trkpt lat="-6.451983" lon="-35.666387">
				<time>2025-10-26T12:37:57Z</time>
				<ele>-20000.000000</ele>
				<extensions>
					<ns3:TrackPointExtension>
						<ns3:hr>166</ns3:hr>
						<ns3:speed>2.617800</ns3:speed>
						<ns3:cad>77</ns3:cad>
					</ns3:TrackPointExtension>
				</extensions>
			</trkpt>
			<trkpt lat="-6.451990" lon="-35.666356">
				<time>2025-10-26T12:37:58Z</time>
				<ele>-20000.000000</ele>
				<extensions>
					<ns3:TrackPointExtension>
						<ns3:hr>166</ns3:hr>
						<ns3:speed>2.747250</ns3:speed>
						<ns3:cad>77</ns3:cad>
					</ns3:TrackPointExtension>
				</extensions>
			</trkpt>
			<trkpt lat="-6.451997" lon="-35.666326">
				<time>2025-10-26T12:37:59Z</time>
				<ele>-20000.000000</ele>
				<extensions>
					<ns3:TrackPointExtension>
						<ns3:hr>166</ns3:hr>
						<ns3:speed>2.865330</ns3:speed>
						<ns3:cad>78</ns3:cad>
					</ns3:TrackPointExtension>
				</extensions>
			</trkpt>
			<trkpt lat="-6.452002" lon="-35.666298">
				<time>2025-10-26T12:38:00Z</time>
				<ele>-20000.000000</ele>
				<extensions>
					<ns3:TrackPointExtension>
						<ns3:hr>166</ns3:hr>
						<ns3:speed>2.967360</ns3:speed>
						<ns3:cad>80</ns3:cad>
					</ns3:TrackPointExtension>
				</extensions>
			</trkpt>
			<trkpt lat="-6.452009" lon="-35.666273">
				<time>2025-10-26T12:38:01Z</time>
				<ele>-20000.000000</ele>
				<extensions>
					<ns3:TrackPointExtension>
						<ns3:hr>166</ns3:hr>
						<ns3:speed>3.058100</ns3:speed>
						<ns3:cad>81</ns3:cad>
					</ns3:TrackPointExtension>
				</extensions>
			</trkpt>
			<trkpt lat="-6.452016" lon="-35.666253">
				<time>2025-10-26T12:38:02Z</time>
				<ele>-20000.000000</ele>
				<extensions>
					<ns3:TrackPointExtension>
						<ns3:hr>166</ns3:hr>
						<ns3:speed>3.105590</ns3:speed>
						<ns3:cad>81</ns3:cad>
					</ns3:TrackPointExtension>
				</extensions>
			</trkpt>
			<trkpt lat="-6.452023" lon="-35.666238">
				<time>2025-10-26T12:38:03Z</time>
				<ele>-20000.000000</ele>
				<extensions>
					<ns3:TrackPointExtension>
						<ns3:hr>167</ns3:hr>
						<ns3:speed>3.105590</ns3:speed>
						<ns3:cad>81</ns3:cad>
					</ns3:TrackPointExtension>
				</extensions>
			</trkpt>
			<trkpt lat="-6.452031" lon="-35.666224">
				<time>2025-10-26T12:38:04Z</time>
				<ele>-20000.000000</ele>
				<extensions>
					<ns3:TrackPointExtension>
						<ns3:hr>167</ns3:hr>
						<ns3:speed>3.125000</ns3:speed>
						<ns3:cad>81</ns3:cad>
					</ns3:TrackPointExtension>
				</extensions>
			</trkpt>
			<trkpt lat="-6.452039" lon="-35.666211">
				<time>2025-10-26T12:38:05Z</time>
				<ele>-20000.000000</ele>
				<extensions>
					<ns3:TrackPointExtension>
						<ns3:hr>169</ns3:hr>
						<ns3:speed>3.003000</ns3:speed>
						<ns3:cad>80</ns3:cad>
					</ns3:TrackPointExtension>
				</extensions>
			</trkpt>
			<trkpt lat="-6.452046" lon="-35.666200">
				<time>2025-10-26T12:38:06Z</time>
				<ele>-20000.000000</ele>
				<extensions>
					<ns3:TrackPointExtension>
						<ns3:hr>169</ns3:hr>
						<ns3:speed>2.457000</ns3:speed>
						<ns3:cad>78</ns3:cad>
					</ns3:TrackPointExtension>
				</extensions>
			</trkpt>
			<trkpt lat="-6.452054" lon="-35.666192">
				<time>2025-10-26T12:38:07Z</time>
				<ele>-20000.000000</ele>
				<extensions>
					<ns3:TrackPointExtension>
						<ns3:hr>168</ns3:hr>
						<ns3:speed>1.779360</ns3:speed>
						<ns3:cad>77</ns3:cad>
					</ns3:TrackPointExtension>
				</extensions>
			</trkpt>
			<trkpt lat="-6.452061" lon="-35.666183">
				<time>2025-10-26T12:38:08Z</time>
				<ele>-20000.000000</ele>
				<extensions>
					<ns3:TrackPointExtension>
						<ns3:hr>168</ns3:hr>
						<ns3:speed>1.420450</ns3:speed>
						<ns3:cad>76</ns3:cad>
					</ns3:TrackPointExtension>
				</extensions>
			</trkpt>
			<trkpt lat="-6.452066" lon="-35.666176">
				<time>2025-10-26T12:38:09Z</time>
				<ele>-20000.000000</ele>
				<extensions>
					<ns3:TrackPointExtension>
						<ns3:hr>170</ns3:hr>
						<ns3:speed>1.305480</ns3:speed>
						<ns3:cad>60</ns3:cad>
					</ns3:TrackPointExtension>
				</extensions>
			</trkpt>
			<trkpt lat="-6.452070" lon="-35.666170">
				<time>2025-10-26T12:38:10Z</time>
				<ele>-20000.000000</ele>
				<extensions>
					<ns3:TrackPointExtension>
						<ns3:hr>169</ns3:hr>
						<ns3:speed>1.157410</ns3:speed>
						<ns3:cad>52</ns3:cad>
					</ns3:TrackPointExtension>
				</extensions>
			</trkpt>
			<trkpt lat="-6.452072" lon="-35.666163">
				<time>2025-10-26T12:38:11Z</time>
				<ele>-20000.000000</ele>
				<extensions>
					<ns3:TrackPointExtension>
						<ns3:hr>169</ns3:hr>
						<ns3:speed>1.157410</ns3:speed>
						<ns3:cad>52</ns3:cad>
					</ns3:TrackPointExtension>
				</extensions>
			</trkpt>
			<trkpt lat="-6.452071" lon="-35.666154">
				<time>2025-10-26T12:38:12Z</time>
				<ele>-20000.000000</ele>
				<extensions>
					<ns3:TrackPointExtension>
						<ns3:hr>168</ns3:hr>
						<ns3:speed>1.140250</ns3:speed>
						<ns3:cad>54</ns3:cad>
					</ns3:TrackPointExtension>
				</extensions>
			</trkpt>
			<trkpt lat="-6.452071" lon="-35.666145">
				<time>2025-10-26T12:38:13Z</time>
				<ele>-20000.000000</ele>
				<extensions>
					<ns3:TrackPointExtension>
						<ns3:hr>170</ns3:hr>
						<ns3:speed>1.146790</ns3:speed>
						<ns3:cad>55</ns3:cad>
					</ns3:TrackPointExtension>
				</extensions>
			</trkpt>
			<trkpt lat="-6.452072" lon="-35.666134">
				<time>2025-10-26T12:38:14Z</time>
				<ele>-20000.000000</ele>
				<extensions>
					<ns3:TrackPointExtension>
						<ns3:hr>170</ns3:hr>
						<ns3:speed>1.039500</ns3:speed>
						<ns3:cad>55</ns3:cad>
					</ns3:TrackPointExtension>
				</extensions>
			</trkpt>
			<trkpt lat="-6.452076" lon="-35.666123">
				<time>2025-10-26T12:38:15Z</time>
				<ele>-20000.000000</ele>
				<extensions>
					<ns3:TrackPointExtension>
						<ns3:hr>170</ns3:hr>
						<ns3:speed>1.039500</ns3:speed>
						<ns3:cad>55</ns3:cad>
					</ns3:TrackPointExtension>
				</extensions>
			</trkpt>
			<trkpt lat="-6.452081" lon="-35.666111">
				<time>2025-10-26T12:38:16Z</time>
				<ele>-20000.000000</ele>
				<extensions>
					<ns3:TrackPointExtension>
						<ns3:hr>169</ns3:hr>
						<ns3:speed>1.022490</ns3:speed>
						<ns3:cad>55</ns3:cad>
					</ns3:TrackPointExtension>
				</extensions>
			</trkpt>
			<trkpt lat="-6.452088" lon="-35.666100">
				<time>2025-10-26T12:38:17Z</time>
				<ele>-20000.000000</ele>
				<extensions>
					<ns3:TrackPointExtension>
						<ns3:hr>169</ns3:hr>
						<ns3:speed>1.028810</ns3:speed>
						<ns3:cad>55</ns3:cad>
					</ns3:TrackPointExtension>
				</extensions>
			</trkpt>
			<trkpt lat="-6.452096" lon="-35.666090">
				<time>2025-10-26T12:38:18Z</time>
				<ele>-20000.000000</ele>
				<extensions>
					<ns3:TrackPointExtension>
						<ns3:hr>169</ns3:hr>
						<ns3:speed>1.028810</ns3:speed>
						<ns3:cad>55</ns3:cad>
					</ns3:TrackPointExtension>
				</extensions>
			</trkpt>
			<trkpt lat="-6.452106" lon="-35.666081">
				<time>2025-10-26T12:38:19Z</time>
				<ele>-20000.000000</ele>
				<extensions>
					<ns3:TrackPointExtension>
						<ns3:hr>169</ns3:hr>
						<ns3:speed>1.078750</ns3:speed>
						<ns3:cad>55</ns3:cad>
					</ns3:TrackPointExtension>
				</extensions>
			</trkpt>
			<trkpt lat="-6.452120" lon="-35.666072">
				<time>2025-10-26T12:38:20Z</time>
				<ele>-20000.000000</ele>
				<extensions>
					<ns3:TrackPointExtension>
						<ns3:hr>170</ns3:hr>
						<ns3:speed>1.169590</ns3:speed>
						<ns3:cad>56</ns3:cad>
					</ns3:TrackPointExtension>
				</extensions>
			</trkpt>
			<trkpt lat="-6.452137" lon="-35.666064">
				<time>2025-10-26T12:38:21Z</time>
				<ele>-20000.000000</ele>
				<extensions>
					<ns3:TrackPointExtension>
						<ns3:hr>169</ns3:hr>
						<ns3:speed>1.257860</ns3:speed>
						<ns3:cad>56</ns3:cad>
					</ns3:TrackPointExtension>
				</extensions>
			</trkpt>
			<trkpt lat="-6.452154" lon="-35.666057">
				<time>2025-10-26T12:38:22Z</time>
				<ele>-20000.000000</ele>
				<extensions>
					<ns3:TrackPointExtension>
						<ns3:hr>169</ns3:hr>
						<ns3:speed>1.336900</ns3:speed>
						<ns3:cad>56</ns3:cad>
					</ns3:TrackPointExtension>
				</extensions>
			</trkpt>
			<trkpt lat="-6.452170" lon="-35.666053">
				<time>2025-10-26T12:38:23Z</time>
				<ele>-20000.000000</ele>
				<extensions>
					<ns3:TrackPointExtension>
						<ns3:hr>169</ns3:hr>
						<ns3:speed>1.420450</ns3:speed>
						<ns3:cad>66</ns3:cad>
					</ns3:TrackPointExtension>
				</extensions>
			</trkpt>
			<trkpt lat="-6.452180" lon="-35.666048">
				<time>2025-10-26T12:38:24Z</time>
				<ele>-20000.000000</ele>
				<extensions>
					<ns3:TrackPointExtension>
						<ns3:hr>171</ns3:hr>
						<ns3:speed>1.533740</ns3:speed>
						<ns3:cad>71</ns3:cad>
					</ns3:TrackPointExtension>
				</extensions>
			</trkpt>
			<trkpt lat="-6.452186" lon="-35.666044">
				<time>2025-10-26T12:38:25Z</time>
				<ele>-20000.000000</ele>
				<extensions>
					<ns3:TrackPointExtension>
						<ns3:hr>171</ns3:hr>
						<ns3:speed>1.594900</ns3:speed>
						<ns3:cad>74</ns3:cad>
					</ns3:TrackPointExtension>
				</extensions>
			</trkpt>
			<trkpt lat="-6.452190" lon="-35.666042">
				<time>2025-10-26T12:38:26Z</time>
				<ele>-20000.000000</ele>
				<extensions>
					<ns3:TrackPointExtension>
						<ns3:hr>172</ns3:hr>
						<ns3:speed>1.592360</ns3:speed>
						<ns3:cad>74</ns3:cad>
					</ns3:TrackPointExtension>
				</extensions>
			</trkpt>
			<trkpt lat="-6.452192" lon="-35.666041">
				<time>2025-10-26T12:38:27Z</time>
				<ele>-20000.000000</ele>
				<extensions>
					<ns3:TrackPointExtension>
						<ns3:hr>173</ns3:hr>
						<ns3:speed>0.000000</ns3:speed>
						<ns3:cad>0</ns3:cad>
					</ns3:TrackPointExtension>
				</extensions>
			</trkpt>
			<trkpt lat="-6.452194" lon="-35.666041">
				<time>2025-10-26T12:38:28Z</time>
				<ele>-20000.000000</ele>
				<extensions>
					<ns3:TrackPointExtension>
						<ns3:hr>171</ns3:hr>
						<ns3:speed>0.000000</ns3:speed>
						<ns3:cad>0</ns3:cad>
					</ns3:TrackPointExtension>
				</extensions>
			</trkpt>
			<trkpt lat="-6.452195" lon="-35.666041">
				<time>2025-10-26T12:38:29Z</time>
				<ele>-20000.000000</ele>
				<extensions>
					<ns3:TrackPointExtension>
						<ns3:hr>171</ns3:hr>
						<ns3:speed>0.000000</ns3:speed>
						<ns3:cad>0</ns3:cad>
					</ns3:TrackPointExtension>
				</extensions>
			</trkpt>
			<trkpt lat="-6.452195" lon="-35.666041">
				<time>2025-10-26T12:38:30Z</time>
				<ele>-20000.000000</ele>
				<extensions>
					<ns3:TrackPointExtension>
						<ns3:hr>171</ns3:hr>
						<ns3:speed>0.000000</ns3:speed>
						<ns3:cad>0</ns3:cad>
					</ns3:TrackPointExtension>
				</extensions>
			</trkpt>
			<trkpt lat="-6.452196" lon="-35.666041">
				<time>2025-10-26T12:38:31Z</time>
				<ele>-20000.000000</ele>
				<extensions>
					<ns3:TrackPointExtension>
						<ns3:hr>170</ns3:hr>
						<ns3:speed>0.000000</ns3:speed>
						<ns3:cad>0</ns3:cad>
					</ns3:TrackPointExtension>
				</extensions>
			</trkpt>
			<trkpt lat="-6.452199" lon="-35.666044">
				<time>2025-10-26T12:38:32Z</time>
				<ele>-20000.000000</ele>
				<extensions>
					<ns3:TrackPointExtension>
						<ns3:hr>169</ns3:hr>
						<ns3:speed>0.000000</ns3:speed>
						<ns3:cad>0</ns3:cad>
					</ns3:TrackPointExtension>
				</extensions>
			</trkpt>
			<trkpt lat="-6.452204" lon="-35.666046">
				<time>2025-10-26T12:38:33Z</time>
				<ele>-20000.000000</ele>
				<extensions>
					<ns3:TrackPointExtension>
						<ns3:hr>169</ns3:hr>
						<ns3:speed>0.000000</ns3:speed>
						<ns3:cad>0</ns3:cad>
					</ns3:TrackPointExtension>
				</extensions>
			</trkpt>
			<trkpt lat="-6.452214" lon="-35.666047">
				<time>2025-10-26T12:38:34Z</time>
				<ele>-20000.000000</ele>
				<extensions>
					<ns3:TrackPointExtension>
						<ns3:hr>169</ns3:hr>
						<ns3:speed>0.000000</ns3:speed>
						<ns3:cad>44</ns3:cad>
					</ns3:TrackPointExtension>
				</extensions>
			</trkpt>
			<trkpt lat="-6.452227" lon="-35.666048">
				<time>2025-10-26T12:38:35Z</time>
				<ele>-20000.000000</ele>
				<extensions>
					<ns3:TrackPointExtension>
						<ns3:hr>169</ns3:hr>
						<ns3:speed>0.321850</ns3:speed>
						<ns3:cad>44</ns3:cad>
					</ns3:TrackPointExtension>
				</extensions>
			</trkpt>
			<trkpt lat="-6.452243" lon="-35.666050">
				<time>2025-10-26T12:38:36Z</time>
				<ele>-20000.000000</ele>
				<extensions>
					<ns3:TrackPointExtension>
						<ns3:hr>169</ns3:hr>
						<ns3:speed>0.437830</ns3:speed>
						<ns3:cad>45</ns3:cad>
					</ns3:TrackPointExtension>
				</extensions>
			</trkpt>
			<trkpt lat="-6.452264" lon="-35.666051">
				<time>2025-10-26T12:38:37Z</time>
				<ele>-20000.000000</ele>
				<extensions>
					<ns3:TrackPointExtension>
						<ns3:hr>169</ns3:hr>
						<ns3:speed>0.598440</ns3:speed>
						<ns3:cad>46</ns3:cad>
					</ns3:TrackPointExtension>
				</extensions>
			</trkpt>
			<trkpt lat="-6.452288" lon="-35.666055">
				<time>2025-10-26T12:38:38Z</time>
				<ele>-20000.000000</ele>
				<extensions>
					<ns3:TrackPointExtension>
						<ns3:hr>169</ns3:hr>
						<ns3:speed>0.795540</ns3:speed>
						<ns3:cad>46</ns3:cad>
					</ns3:TrackPointExtension>
				</extensions>
			</trkpt>
			<trkpt lat="-6.452314" lon="-35.666062">
				<time>2025-10-26T12:38:39Z</time>
				<ele>-20000.000000</ele>
				<extensions>
					<ns3:TrackPointExtension>
						<ns3:hr>169</ns3:hr>
						<ns3:speed>1.773050</ns3:speed>
						<ns3:cad>45</ns3:cad>
					</ns3:TrackPointExtension>
				</extensions>
			</trkpt>
			<trkpt lat="-6.452343" lon="-35.666067">
				<time>2025-10-26T12:38:40Z</time>
				<ele>-20000.000000</ele>
				<extensions>
					<ns3:TrackPointExtension>
						<ns3:hr>170</ns3:hr>
						<ns3:speed>2.155170</ns3:speed>
						<ns3:cad>44</ns3:cad>
					</ns3:TrackPointExtension>
				</extensions>
			</trkpt>
			<trkpt lat="-6.452372" lon="-35.666074">
				<time>2025-10-26T12:38:41Z</time>
				<ele>-20000.000000</ele>
				<extensions>
					<ns3:TrackPointExtension>
						<ns3:hr>170</ns3:hr>
						<ns3:speed>1.672240</ns3:speed>
						<ns3:cad>79</ns3:cad>
					</ns3:TrackPointExtension>
				</extensions>
			</trkpt>
			<trkpt lat="-6.452401" lon="-35.666082">
				<time>2025-10-26T12:38:42Z</time>
				<ele>-20000.000000</ele>
				<extensions>
					<ns3:TrackPointExtension>
						<ns3:hr>171</ns3:hr>
						<ns3:speed>1.980200</ns3:speed>
						<ns3:cad>79</ns3:cad>
					</ns3:TrackPointExtension>
				</extensions>
			</trkpt>
			<trkpt lat="-6.452430" lon="-35.666091">
				<time>2025-10-26T12:38:43Z</time>
				<ele>-20000.000000</ele>
				<extensions>
					<ns3:TrackPointExtension>
						<ns3:hr>171</ns3:hr>
						<ns3:speed>2.564100</ns3:speed>
						<ns3:cad>80</ns3:cad>
					</ns3:TrackPointExtension>
				</extensions>
			</trkpt>
			<trkpt lat="-6.452457" lon="-35.666101">
				<time>2025-10-26T12:38:44Z</time>
				<ele>-20000.000000</ele>
				<extensions>
					<ns3:TrackPointExtension>
						<ns3:hr>171</ns3:hr>
						<ns3:speed>2.958580</ns3:speed>
						<ns3:cad>80</ns3:cad>
					</ns3:TrackPointExtension>
				</extensions>
			</trkpt>
			<trkpt lat="-6.452483" lon="-35.666111">
				<time>2025-10-26T12:38:45Z</time>
				<ele>-20000.000000</ele>
				<extensions>
					<ns3:TrackPointExtension>
						<ns3:hr>171</ns3:hr>
						<ns3:speed>3.134800</ns3:speed>
						<ns3:cad>80</ns3:cad>
					</ns3:TrackPointExtension>
				</extensions>
			</trkpt>
			<trkpt lat="-6.452506" lon="-35.666120">
				<time>2025-10-26T12:38:46Z</time>
				<ele>-20000.000000</ele>
				<extensions>
					<ns3:TrackPointExtension>
						<ns3:hr>171</ns3:hr>
						<ns3:speed>3.205130</ns3:speed>
						<ns3:cad>81</ns3:cad>
					</ns3:TrackPointExtension>
				</extensions>
			</trkpt>
			<trkpt lat="-6.452526" lon="-35.666124">
				<time>2025-10-26T12:38:47Z</time>
				<ele>-20000.000000</ele>
				<extensions>
					<ns3:TrackPointExtension>
						<ns3:hr>170</ns3:hr>
						<ns3:speed>3.205130</ns3:speed>
						<ns3:cad>81</ns3:cad>
					</ns3:TrackPointExtension>
				</extensions>
			</trkpt>
			<trkpt lat="-6.452541" lon="-35.666110">
				<time>2025-10-26T12:38:48Z</time>
				<ele>-20000.000000</ele>
				<extensions>
					<ns3:TrackPointExtension>
						<ns3:hr>170</ns3:hr>
						<ns3:speed>3.205130</ns3:speed>
						<ns3:cad>81</ns3:cad>
					</ns3:TrackPointExtension>
				</extensions>
			</trkpt>
			<trkpt lat="-6.452552" lon="-35.666090">
				<time>2025-10-26T12:38:49Z</time>
				<ele>-20000.000000</ele>
				<extensions>
					<ns3:TrackPointExtension>
						<ns3:hr>170</ns3:hr>
						<ns3:speed>3.067480</ns3:speed>
						<ns3:cad>81</ns3:cad>
					</ns3:TrackPointExtension>
				</extensions>
			</trkpt>
			<trkpt lat="-6.452559" lon="-35.666057">
				<time>2025-10-26T12:38:50Z</time>
				<ele>-20000.000000</ele>
				<extensions>
					<ns3:TrackPointExtension>
						<ns3:hr>171</ns3:hr>
						<ns3:speed>3.067480</ns3:speed>
						<ns3:cad>81</ns3:cad>
					</ns3:TrackPointExtension>
				</extensions>
			</trkpt>
			<trkpt lat="-6.452565" lon="-35.666020">
				<time>2025-10-26T12:38:51Z</time>
				<ele>-20000.000000</ele>
				<extensions>
					<ns3:TrackPointExtension>
						<ns3:hr>171</ns3:hr>
						<ns3:speed>2.906980</ns3:speed>
						<ns3:cad>81</ns3:cad>
					</ns3:TrackPointExtension>
				</extensions>
			</trkpt>
			<trkpt lat="-6.452570" lon="-35.665980">
				<time>2025-10-26T12:38:52Z</time>
				<ele>-20000.000000</ele>
				<extensions>
					<ns3:TrackPointExtension>
						<ns3:hr>171</ns3:hr>
						<ns3:speed>2.808990</ns3:speed>
						<ns3:cad>81</ns3:cad>
					</ns3:TrackPointExtension>
				</extensions>
			</trkpt>
			<trkpt lat="-6.452574" lon="-35.665938">
				<time>2025-10-26T12:38:53Z</time>
				<ele>-20000.000000</ele>
				<extensions>
					<ns3:TrackPointExtension>
						<ns3:hr>171</ns3:hr>
						<ns3:speed>2.808990</ns3:speed>
						<ns3:cad>81</ns3:cad>
					</ns3:TrackPointExtension>
				</extensions>
			</trkpt>
			<trkpt lat="-6.452579" lon="-35.665897">
				<time>2025-10-26T12:38:54Z</time>
				<ele>-20000.000000</ele>
				<extensions>
					<ns3:TrackPointExtension>
						<ns3:hr>172</ns3:hr>
						<ns3:speed>2.915450</ns3:speed>
						<ns3:cad>81</ns3:cad>
					</ns3:TrackPointExtension>
				</extensions>
			</trkpt>
			<trkpt lat="-6.452584" lon="-35.665856">
				<time>2025-10-26T12:38:55Z</time>
				<ele>-20000.000000</ele>
				<extensions>
					<ns3:TrackPointExtension>
						<ns3:hr>173</ns3:hr>
						<ns3:speed>3.194890</ns3:speed>
						<ns3:cad>82</ns3:cad>
					</ns3:TrackPointExtension>
				</extensions>
			</trkpt>
			<trkpt lat="-6.452588" lon="-35.665816">
				<time>2025-10-26T12:38:56Z</time>
				<ele>-20000.000000</ele>
				<extensions>
					<ns3:TrackPointExtension>
						<ns3:hr>173</ns3:hr>
						<ns3:speed>3.676470</ns3:speed>
						<ns3:cad>82</ns3:cad>
					</ns3:TrackPointExtension>
				</extensions>
			</trkpt>
			<trkpt lat="-6.452592" lon="-35.665775">
				<time>2025-10-26T12:38:57Z</time>
				<ele>-20000.000000</ele>
				<extensions>
					<ns3:TrackPointExtension>
						<ns3:hr>175</ns3:hr>
						<ns3:speed>4.115230</ns3:speed>
						<ns3:cad>82</ns3:cad>
					</ns3:TrackPointExtension>
				</extensions>
			</trkpt>
			<trkpt lat="-6.452594" lon="-35.665734">
				<time>2025-10-26T12:38:58Z</time>
				<ele>-20000.000000</ele>
				<extensions>
					<ns3:TrackPointExtension>
						<ns3:hr>175</ns3:hr>
						<ns3:speed>4.115230</ns3:speed>
						<ns3:cad>82</ns3:cad>
					</ns3:TrackPointExtension>
				</extensions>
			</trkpt>
			<trkpt lat="-6.452596" lon="-35.665693">
				<time>2025-10-26T12:38:59Z</time>
				<ele>-20000.000000</ele>
				<extensions>
					<ns3:TrackPointExtension>
						<ns3:hr>176</ns3:hr>
						<ns3:speed>4.149380</ns3:speed>
						<ns3:cad>82</ns3:cad>
					</ns3:TrackPointExtension>
				</extensions>
			</trkpt>
			<trkpt lat="-6.452595" lon="-35.665652">
				<time>2025-10-26T12:39:00Z</time>
				<ele>-20000.000000</ele>
				<extensions>
					<ns3:TrackPointExtension>
						<ns3:hr>176</ns3:hr>
						<ns3:speed>4.166670</ns3:speed>
						<ns3:cad>82</ns3:cad>
					</ns3:TrackPointExtension>
				</extensions>
			</trkpt>
			<trkpt lat="-6.452592" lon="-35.665611">
				<time>2025-10-26T12:39:01Z</time>
				<ele>-20000.000000</ele>
				<extensions>
					<ns3:TrackPointExtension>
						<ns3:hr>177</ns3:hr>
						<ns3:speed>4.237290</ns3:speed>
						<ns3:cad>82</ns3:cad>
					</ns3:TrackPointExtension>
				</extensions>
			</trkpt>
			<trkpt lat="-6.452587" lon="-35.665572">
				<time>2025-10-26T12:39:02Z</time>
				<ele>-20000.000000</ele>
				<extensions>
					<ns3:TrackPointExtension>
						<ns3:hr>177</ns3:hr>
						<ns3:speed>4.237290</ns3:speed>
						<ns3:cad>82</ns3:cad>
					</ns3:TrackPointExtension>
				</extensions>
			</trkpt>
			<trkpt lat="-6.452579" lon="-35.665535">
				<time>2025-10-26T12:39:03Z</time>
				<ele>-20000.000000</ele>
				<extensions>
					<ns3:TrackPointExtension>
						<ns3:hr>178</ns3:hr>
						<ns3:speed>4.237290</ns3:speed>
						<ns3:cad>82</ns3:cad>
					</ns3:TrackPointExtension>
				</extensions>
			</trkpt>
			<trkpt lat="-6.452567" lon="-35.665503">
				<time>2025-10-26T12:39:04Z</time>
				<ele>-20000.000000</ele>
				<extensions>
					<ns3:TrackPointExtension>
						<ns3:hr>178</ns3:hr>
						<ns3:speed>4.291850</ns3:speed>
						<ns3:cad>83</ns3:cad>
					</ns3:TrackPointExtension>
				</extensions>
			</trkpt>
			<trkpt lat="-6.452552" lon="-35.665474">
				<time>2025-10-26T12:39:05Z</time>
				<ele>-20000.000000</ele>
				<extensions>
					<ns3:TrackPointExtension>
						<ns3:hr>178</ns3:hr>
						<ns3:speed>4.347830</ns3:speed>
						<ns3:cad>83</ns3:cad>
					</ns3:TrackPointExtension>
				</extensions>
			</trkpt>
			<trkpt lat="-6.452534" lon="-35.665447">
				<time>2025-10-26T12:39:06Z</time>
				<ele>-20000.000000</ele>
				<extensions>
					<ns3:TrackPointExtension>
						<ns3:hr>178</ns3:hr>
						<ns3:speed>4.329000</ns3:speed>
						<ns3:cad>83</ns3:cad>
					</ns3:TrackPointExtension>
				</extensions>
			</trkpt>
			<trkpt lat="-6.452514" lon="-35.665420">
				<time>2025-10-26T12:39:07Z</time>
				<ele>-20000.000000</ele>
				<extensions>
					<ns3:TrackPointExtension>
						<ns3:hr>177</ns3:hr>
						<ns3:speed>4.291850</ns3:speed>
						<ns3:cad>83</ns3:cad>
					</ns3:TrackPointExtension>
				</extensions>
			</trkpt>
			<trkpt lat="-6.452494" lon="-35.665393">
				<time>2025-10-26T12:39:08Z</time>
				<ele>-20000.000000</ele>
				<extensions>
					<ns3:TrackPointExtension>
						<ns3:hr>178</ns3:hr>
						<ns3:speed>4.184100</ns3:speed>
						<ns3:cad>83</ns3:cad>
					</ns3:TrackPointExtension>
				</extensions>
			</trkpt>
			<trkpt lat="-6.452473" lon="-35.665367">
				<time>2025-10-26T12:39:09Z</time>
				<ele>-20000.000000</ele>
				<extensions>
					<ns3:TrackPointExtension>
						<ns3:hr>179</ns3:hr>
						<ns3:speed>4.016060</ns3:speed>
						<ns3:cad>82</ns3:cad>
					</ns3:TrackPointExtension>
				</extensions>
			</trkpt>
			<trkpt lat="-6.452453" lon="-35.665343">
				<time>2025-10-26T12:39:10Z</time>
				<ele>-20000.000000</ele>
				<extensions>
					<ns3:TrackPointExtension>
						<ns3:hr>179</ns3:hr>
						<ns3:speed>3.846150</ns3:speed>
						<ns3:cad>82</ns3:cad>
					</ns3:TrackPointExtension>
				</extensions>
			</trkpt>
			<trkpt lat="-6.452433" lon="-35.665320">
				<time>2025-10-26T12:39:11Z</time>
				<ele>-20000.000000</ele>
				<extensions>
					<ns3:TrackPointExtension>
						<ns3:hr>178</ns3:hr>
						<ns3:speed>3.717470</ns3:speed>
						<ns3:cad>82</ns3:cad>
					</ns3:TrackPointExtension>
				</extensions>
			</trkpt>
			<trkpt lat="-6.452413" lon="-35.665297">
				<time>2025-10-26T12:39:12Z</time>
				<ele>-20000.000000</ele>
				<extensions>
					<ns3:TrackPointExtension>
						<ns3:hr>178</ns3:hr>
						<ns3:speed>3.676470</ns3:speed>
						<ns3:cad>81</ns3:cad>
					</ns3:TrackPointExtension>
				</extensions>
			</trkpt>
			<trkpt lat="-6.452392" lon="-35.665275">
				<time>2025-10-26T12:39:13Z</time>
				<ele>-20000.000000</ele>
				<extensions>
					<ns3:TrackPointExtension>
						<ns3:hr>178</ns3:hr>
						<ns3:speed>3.649640</ns3:speed>
						<ns3:cad>81</ns3:cad>
					</ns3:TrackPointExtension>
				</extensions>
			</trkpt>
			<trkpt lat="-6.452374" lon="-35.665254">
				<time>2025-10-26T12:39:14Z</time>
				<ele>-20000.000000</ele>
				<extensions>
					<ns3:TrackPointExtension>
						<ns3:hr>178</ns3:hr>
						<ns3:speed>3.597120</ns3:speed>
						<ns3:cad>81</ns3:cad>
					</ns3:TrackPointExtension>
				</extensions>
			</trkpt>
			<trkpt lat="-6.452356" lon="-35.665235">
				<time>2025-10-26T12:39:15Z</time>
				<ele>-20000.000000</ele>
				<extensions>
					<ns3:TrackPointExtension>
						<ns3:hr>178</ns3:hr>
						<ns3:speed>3.496500</ns3:speed>
						<ns3:cad>81</ns3:cad>
					</ns3:TrackPointExtension>
				</extensions>
			</trkpt>
			<trkpt lat="-6.452339" lon="-35.665216">
				<time>2025-10-26T12:39:16Z</time>
				<ele>-20000.000000</ele>
				<extensions>
					<ns3:TrackPointExtension>
						<ns3:hr>178</ns3:hr>
						<ns3:speed>3.424660</ns3:speed>
						<ns3:cad>81</ns3:cad>
					</ns3:TrackPointExtension>
				</extensions>
			</trkpt>
			<trkpt lat="-6.452321" lon="-35.665199">
				<time>2025-10-26T12:39:17Z</time>
				<ele>-20000.000000</ele>
				<extensions>
					<ns3:TrackPointExtension>
						<ns3:hr>178</ns3:hr>
						<ns3:speed>3.378380</ns3:speed>
						<ns3:cad>81</ns3:cad>
					</ns3:TrackPointExtension>
				</extensions>
			</trkpt>
			<trkpt lat="-6.452302" lon="-35.665181">
				<time>2025-10-26T12:39:18Z</time>
				<ele>-20000.000000</ele>
				<extensions>
					<ns3:TrackPointExtension>
						<ns3:hr>178</ns3:hr>
						<ns3:speed>3.333330</ns3:speed>
						<ns3:cad>80</ns3:cad>
					</ns3:TrackPointExtension>
				</extensions>
			</trkpt>
			<trkpt lat="-6.452284" lon="-35.665162">
				<time>2025-10-26T12:39:19Z</time>
				<ele>-20000.000000</ele>
				<extensions>
					<ns3:TrackPointExtension>
						<ns3:hr>178</ns3:hr>
						<ns3:speed>3.225810</ns3:speed>
						<ns3:cad>80</ns3:cad>
					</ns3:TrackPointExtension>
				</extensions>
			</trkpt>
			<trkpt lat="-6.452266" lon="-35.665144">
				<time>2025-10-26T12:39:20Z</time>
				<ele>-20000.000000</ele>
				<extensions>
					<ns3:TrackPointExtension>
						<ns3:hr>178</ns3:hr>
						<ns3:speed>3.076920</ns3:speed>
						<ns3:cad>80</ns3:cad>
					</ns3:TrackPointExtension>
				</extensions>
			</trkpt>
			<trkpt lat="-6.452248" lon="-35.665127">
				<time>2025-10-26T12:39:21Z</time>
				<ele>-20000.000000</ele>
				<extensions>
					<ns3:TrackPointExtension>
						<ns3:hr>178</ns3:hr>
						<ns3:speed>2.949850</ns3:speed>
						<ns3:cad>80</ns3:cad>
					</ns3:TrackPointExtension>
				</extensions>
			</trkpt>
			<trkpt lat="-6.452228" lon="-35.665108">
				<time>2025-10-26T12:39:22Z</time>
				<ele>-20000.000000</ele>
				<extensions>
					<ns3:TrackPointExtension>
						<ns3:hr>177</ns3:hr>
						<ns3:speed>2.906980</ns3:speed>
						<ns3:cad>80</ns3:cad>
					</ns3:TrackPointExtension>
				</extensions>
			</trkpt>
			<trkpt lat="-6.452208" lon="-35.665089">
				<time>2025-10-26T12:39:23Z</time>
				<ele>-20000.000000</ele>
				<extensions>
					<ns3:TrackPointExtension>
						<ns3:hr>178</ns3:hr>
						<ns3:speed>2.898550</ns3:speed>
						<ns3:cad>80</ns3:cad>
					</ns3:TrackPointExtension>
				</extensions>
			</trkpt>
			<trkpt lat="-6.452186" lon="-35.665067">
				<time>2025-10-26T12:39:24Z</time>
				<ele>-20000.000000</ele>
				<extensions>
					<ns3:TrackPointExtension>
						<ns3:hr>179</ns3:hr>
						<ns3:speed>2.865330</ns3:speed>
						<ns3:cad>80</ns3:cad>
					</ns3:TrackPointExtension>
				</extensions>
			</trkpt>
			<trkpt lat="-6.452165" lon="-35.665045">
				<time>2025-10-26T12:39:25Z</time>
				<ele>-20000.000000</ele>
				<extensions>
					<ns3:TrackPointExtension>
						<ns3:hr>179</ns3:hr>
						<ns3:speed>2.840910</ns3:speed>
						<ns3:cad>80</ns3:cad>
					</ns3:TrackPointExtension>
				</extensions>
			</trkpt>
			<trkpt lat="-6.452144" lon="-35.665021">
				<time>2025-10-26T12:39:26Z</time>
				<ele>-20000.000000</ele>
				<extensions>
					<ns3:TrackPointExtension>
						<ns3:hr>178</ns3:hr>
						<ns3:speed>2.857140</ns3:speed>
						<ns3:cad>80</ns3:cad>
					</ns3:TrackPointExtension>
				</extensions>
			</trkpt>
			<trkpt lat="-6.452122" lon="-35.664998">
				<time>2025-10-26T12:39:27Z</time>
				<ele>-20000.000000</ele>
				<extensions>
					<ns3:TrackPointExtension>
						<ns3:hr>178</ns3:hr>
						<ns3:speed>2.898550</ns3:speed>
						<ns3:cad>80</ns3:cad>
					</ns3:TrackPointExtension>
				</extensions>
			</trkpt>
			<trkpt lat="-6.452098" lon="-35.664976">
				<time>2025-10-26T12:39:28Z</time>
				<ele>-20000.000000</ele>
				<extensions>
					<ns3:TrackPointExtension>
						<ns3:hr>178</ns3:hr>
						<ns3:speed>2.976190</ns3:speed>
						<ns3:cad>81</ns3:cad>
					</ns3:TrackPointExtension>
				</extensions>
			</trkpt>
			<trkpt lat="-6.452075" lon="-35.664953">
				<time>2025-10-26T12:39:29Z</time>
				<ele>-20000.000000</ele>
				<extensions>
					<ns3:TrackPointExtension>
						<ns3:hr>177</ns3:hr>
						<ns3:speed>3.095980</ns3:speed>
						<ns3:cad>81</ns3:cad>
					</ns3:TrackPointExtension>
				</extensions>
			</trkpt>
			<trkpt lat="-6.452052" lon="-35.664931">
				<time>2025-10-26T12:39:30Z</time>
				<ele>-20000.000000</ele>
				<extensions>
					<ns3:TrackPointExtension>
						<ns3:hr>178</ns3:hr>
						<ns3:speed>3.236250</ns3:speed>
						<ns3:cad>82</ns3:cad>
					</ns3:TrackPointExtension>
				</extensions>
			</trkpt>
			<trkpt lat="-6.452030" lon="-35.664910">
				<time>2025-10-26T12:39:31Z</time>
				<ele>-20000.000000</ele>
				<extensions>
					<ns3:TrackPointExtension>
						<ns3:hr>177</ns3:hr>
						<ns3:speed>3.322260</ns3:speed>
						<ns3:cad>82</ns3:cad>
					</ns3:TrackPointExtension>
				</extensions>
			</trkpt>
			<trkpt lat="-6.452013" lon="-35.664889">
				<time>2025-10-26T12:39:32Z</time>
				<ele>-20000.000000</ele>
				<extensions>
					<ns3:TrackPointExtension>
						<ns3:hr>177</ns3:hr>
						<ns3:speed>3.378380</ns3:speed>
						<ns3:cad>81</ns3:cad>
					</ns3:TrackPointExtension>
				</extensions>
			</trkpt>
			<trkpt lat="-6.452000" lon="-35.664873">
				<time>2025-10-26T12:39:33Z</time>
				<ele>-20000.000000</ele>
				<extensions>
					<ns3:TrackPointExtension>
						<ns3:hr>177</ns3:hr>
						<ns3:speed>3.412970</ns3:speed>
						<ns3:cad>81</ns3:cad>
					</ns3:TrackPointExtension>
				</extensions>
			</trkpt>
			<trkpt lat="-6.451989" lon="-35.664859">
				<time>2025-10-26T12:39:34Z</time>
				<ele>-20000.000000</ele>
				<extensions>
					<ns3:TrackPointExtension>
						<ns3:hr>177</ns3:hr>
						<ns3:speed>3.412970</ns3:speed>
						<ns3:cad>80</ns3:cad>
					</ns3:TrackPointExtension>
				</extensions>
			</trkpt>
			<trkpt lat="-6.451980" lon="-35.664845">
				<time>2025-10-26T12:39:35Z</time>
				<ele>-20000.000000</ele>
				<extensions>
					<ns3:TrackPointExtension>
						<ns3:hr>177</ns3:hr>
						<ns3:speed>3.424660</ns3:speed>
						<ns3:cad>79</ns3:cad>
					</ns3:TrackPointExtension>
				</extensions>
			</trkpt>
			<trkpt lat="-6.451971" lon="-35.664834">
				<time>2025-10-26T12:39:36Z</time>
				<ele>-20000.000000</ele>
				<extensions>
					<ns3:TrackPointExtension>
						<ns3:hr>177</ns3:hr>
						<ns3:speed>3.300330</ns3:speed>
						<ns3:cad>79</ns3:cad>
					</ns3:TrackPointExtension>
				</extensions>
			</trkpt>
			<trkpt lat="-6.451964" lon="-35.664826">
				<time>2025-10-26T12:39:37Z</time>
				<ele>-20000.000000</ele>
				<extensions>
					<ns3:TrackPointExtension>
						<ns3:hr>175</ns3:hr>
						<ns3:speed>2.906980</ns3:speed>
						<ns3:cad>78</ns3:cad>
					</ns3:TrackPointExtension>
				</extensions>
			</trkpt>
			<trkpt lat="-6.451958" lon="-35.664820">
				<time>2025-10-26T12:39:38Z</time>
				<ele>-20000.000000</ele>
				<extensions>
					<ns3:TrackPointExtension>
						<ns3:hr>176</ns3:hr>
						<ns3:speed>2.178650</ns3:speed>
						<ns3:cad>78</ns3:cad>
					</ns3:TrackPointExtension>
				</extensions>
			</trkpt>
			<trkpt lat="-6.451953" lon="-35.664815">
				<time>2025-10-26T12:39:39Z</time>
				<ele>-20000.000000</ele>
				<extensions>
					<ns3:TrackPointExtension>
						<ns3:hr>177</ns3:hr>
						<ns3:speed>1.564950</ns3:speed>
						<ns3:cad>75</ns3:cad>
					</ns3:TrackPointExtension>
				</extensions>
			</trkpt>
			<trkpt lat="-6.451947" lon="-35.664810">
				<time>2025-10-26T12:39:40Z</time>
				<ele>-20000.000000</ele>
				<extensions>
					<ns3:TrackPointExtension>
						<ns3:hr>177</ns3:hr>
						<ns3:speed>1.326260</ns3:speed>
						<ns3:cad>74</ns3:cad>
					</ns3:TrackPointExtension>
				</extensions>
			</trkpt>
			<trkpt lat="-6.451941" lon="-35.664804">
				<time>2025-10-26T12:39:41Z</time>
				<ele>-20000.000000</ele>
				<extensions>
					<ns3:TrackPointExtension>
						<ns3:hr>177</ns3:hr>
						<ns3:speed>1.160090</ns3:speed>
						<ns3:cad>74</ns3:cad>
					</ns3:TrackPointExtension>
				</extensions>
			</trkpt>
			<trkpt lat="-6.451934" lon="-35.664797">
				<time>2025-10-26T12:39:42Z</time>
				<ele>-20000.000000</ele>
				<extensions>
					<ns3:TrackPointExtension>
						<ns3:hr>177</ns3:hr>
						<ns3:speed>1.108650</ns3:speed>
						<ns3:cad>51</ns3:cad>
					</ns3:TrackPointExtension>
				</extensions>
			</trkpt>
			<trkpt lat="-6.451927" lon="-35.664791">
				<time>2025-10-26T12:39:43Z</time>
				<ele>-20000.000000</ele>
				<extensions>
					<ns3:TrackPointExtension>
						<ns3:hr>176</ns3:hr>
						<ns3:speed>1.082250</ns3:speed>
						<ns3:cad>51</ns3:cad>
					</ns3:TrackPointExtension>
				</extensions>
			</trkpt>
			<trkpt lat="-6.451919" lon="-35.664784">
				<time>2025-10-26T12:39:44Z</time>
				<ele>-20000.000000</ele>
				<extensions>
					<ns3:TrackPointExtension>
						<ns3:hr>176</ns3:hr>
						<ns3:speed>1.052630</ns3:speed>
						<ns3:cad>51</ns3:cad>
					</ns3:TrackPointExtension>
				</extensions>
			</trkpt>
			<trkpt lat="-6.451911" lon="-35.664777">
				<time>2025-10-26T12:39:45Z</time>
				<ele>-20000.000000</ele>
				<extensions>
					<ns3:TrackPointExtension>
						<ns3:hr>176</ns3:hr>
						<ns3:speed>1.054850</ns3:speed>
						<ns3:cad>52</ns3:cad>
					</ns3:TrackPointExtension>
				</extensions>
			</trkpt>
			<trkpt lat="-6.451900" lon="-35.664768">
				<time>2025-10-26T12:39:46Z</time>
				<ele>-20000.000000</ele>
				<extensions>
					<ns3:TrackPointExtension>
						<ns3:hr>177</ns3:hr>
						<ns3:speed>1.050420</ns3:speed>
						<ns3:cad>53</ns3:cad>
					</ns3:TrackPointExtension>
				</extensions>
			</trkpt>
			<trkpt lat="-6.451886" lon="-35.664756">
				<time>2025-10-26T12:39:47Z</time>
				<ele>-20000.000000</ele>
				<extensions>
					<ns3:TrackPointExtension>
						<ns3:hr>176</ns3:hr>
						<ns3:speed>1.067240</ns3:speed>
						<ns3:cad>53</ns3:cad>
					</ns3:TrackPointExtension>
				</extensions>
			</trkpt>
			<trkpt lat="-6.451871" lon="-35.664741">
				<time>2025-10-26T12:39:48Z</time>
				<ele>-20000.000000</ele>
				<extensions>
					<ns3:TrackPointExtension>
						<ns3:hr>176</ns3:hr>
						<ns3:speed>1.097690</ns3:speed>
						<ns3:cad>53</ns3:cad>
					</ns3:TrackPointExtension>
				</extensions>
			</trkpt>
			<trkpt lat="-6.451854" lon="-35.664725">
				<time>2025-10-26T12:39:49Z</time>
				<ele>-20000.000000</ele>
				<extensions>
					<ns3:TrackPointExtension>
						<ns3:hr>175</ns3:hr>
						<ns3:speed>1.129940</ns3:speed>
						<ns3:cad>52</ns3:cad>
					</ns3:TrackPointExtension>
				</extensions>
			</trkpt>
			<trkpt lat="-6.451838" lon="-35.664708">
				<time>2025-10-26T12:39:50Z</time>
				<ele>-20000.000000</ele>
				<extensions>
					<ns3:TrackPointExtension>
						<ns3:hr>175</ns3:hr>
						<ns3:speed>1.197600</ns3:speed>
						<ns3:cad>52</ns3:cad>
					</ns3:TrackPointExtension>
				</extensions>
			</trkpt>
			<trkpt lat="-6.451822" lon="-35.664694">
				<time>2025-10-26T12:39:51Z</time>
				<ele>-20000.000000</ele>
				<extensions>
					<ns3:TrackPointExtension>
						<ns3:hr>175</ns3:hr>
						<ns3:speed>1.466280</ns3:speed>
						<ns3:cad>51</ns3:cad>
					</ns3:TrackPointExtension>
				</extensions>
			</trkpt>
			<trkpt lat="-6.451809" lon="-35.664683">
				<time>2025-10-26T12:39:52Z</time>
				<ele>-20000.000000</ele>
				<extensions>
					<ns3:TrackPointExtension>
						<ns3:hr>174</ns3:hr>
						<ns3:speed>1.926780</ns3:speed>
						<ns3:cad>78</ns3:cad>
					</ns3:TrackPointExtension>
				</extensions>
			</trkpt>
			<trkpt lat="-6.451798" lon="-35.664674">
				<time>2025-10-26T12:39:53Z</time>
				<ele>-20000.000000</ele>
				<extensions>
					<ns3:TrackPointExtension>
						<ns3:hr>173</ns3:hr>
						<ns3:speed>2.288330</ns3:speed>
						<ns3:cad>78</ns3:cad>
					</ns3:TrackPointExtension>
				</extensions>
			</trkpt>
			<trkpt lat="-6.451786" lon="-35.664664">
				<time>2025-10-26T12:39:54Z</time>
				<ele>-20000.000000</ele>
				<extensions>
					<ns3:TrackPointExtension>
						<ns3:hr>174</ns3:hr>
						<ns3:speed>2.403850</ns3:speed>
						<ns3:cad>78</ns3:cad>
					</ns3:TrackPointExtension>
				</extensions>
			</trkpt>
			<trkpt lat="-6.451775" lon="-35.664654">
				<time>2025-10-26T12:39:55Z</time>
				<ele>-20000.000000</ele>
				<extensions>
					<ns3:TrackPointExtension>
						<ns3:hr>173</ns3:hr>
						<ns3:speed>2.403850</ns3:speed>
						<ns3:cad>78</ns3:cad>
					</ns3:TrackPointExtension>
				</extensions>
			</trkpt>
			<trkpt lat="-6.451761" lon="-35.664640">
				<time>2025-10-26T12:39:56Z</time>
				<ele>-20000.000000</ele>
				<extensions>
					<ns3:TrackPointExtension>
						<ns3:hr>173</ns3:hr>
						<ns3:speed>2.262440</ns3:speed>
						<ns3:cad>78</ns3:cad>
					</ns3:TrackPointExtension>
				</extensions>
			</trkpt>
			<trkpt lat="-6.451743" lon="-35.664625">
				<time>2025-10-26T12:39:57Z</time>
				<ele>-20000.000000</ele>
				<extensions>
					<ns3:TrackPointExtension>
						<ns3:hr>173</ns3:hr>
						<ns3:speed>2.000000</ns3:speed>
						<ns3:cad>75</ns3:cad>
					</ns3:TrackPointExtension>
				</extensions>
			</trkpt>
			<trkpt lat="-6.451723" lon="-35.664612">
				<time>2025-10-26T12:39:58Z</time>
				<ele>-20000.000000</ele>
				<extensions>
					<ns3:TrackPointExtension>
						<ns3:hr>172</ns3:hr>
						<ns3:speed>1.953120</ns3:speed>
						<ns3:cad>74</ns3:cad>
					</ns3:TrackPointExtension>
				</extensions>
			</trkpt>
			<trkpt lat="-6.451701" lon="-35.664602">
				<time>2025-10-26T12:39:59Z</time>
				<ele>-20000.000000</ele>
				<extensions>
					<ns3:TrackPointExtension>
						<ns3:hr>171</ns3:hr>
						<ns3:speed>2.024290</ns3:speed>
						<ns3:cad>74</ns3:cad>
					</ns3:TrackPointExtension>
				</extensions>
			</trkpt>
			<trkpt lat="-6.451681" lon="-35.664597">
				<time>2025-10-26T12:40:00Z</time>
				<ele>-20000.000000</ele>
				<extensions>
					<ns3:TrackPointExtension>
						<ns3:hr>172</ns3:hr>
						<ns3:speed>2.024290</ns3:speed>
						<ns3:cad>75</ns3:cad>
					</ns3:TrackPointExtension>
				</extensions>
			</trkpt>
			<trkpt lat="-6.451661" lon="-35.664596">
				<time>2025-10-26T12:40:01Z</time>
				<ele>-20000.000000</ele>
				<extensions>
					<ns3:TrackPointExtension>
						<ns3:hr>172</ns3:hr>
						<ns3:speed>2.212390</ns3:speed>
						<ns3:cad>77</ns3:cad>
					</ns3:TrackPointExtension>
				</extensions>
			</trkpt>
			<trkpt lat="-6.451641" lon="-35.664598">
				<time>2025-10-26T12:40:02Z</time>
				<ele>-20000.000000</ele>
				<extensions>
					<ns3:TrackPointExtension>
						<ns3:hr>171</ns3:hr>
						<ns3:speed>2.415460</ns3:speed>
						<ns3:cad>77</ns3:cad>
					</ns3:TrackPointExtension>
				</extensions>
			</trkpt>
			<trkpt lat="-6.451617" lon="-35.664605">
				<time>2025-10-26T12:40:03Z</time>
				<ele>-20000.000000</ele>
				<extensions>
					<ns3:TrackPointExtension>
						<ns3:hr>171</ns3:hr>
						<ns3:speed>2.421310</ns3:speed>
						<ns3:cad>78</ns3:cad>
					</ns3:TrackPointExtension>
				</extensions>
			</trkpt>
			<trkpt lat="-6.451587" lon="-35.664616">
				<time>2025-10-26T12:40:04Z</time>
				<ele>-20000.000000</ele>
				<extensions>
					<ns3:TrackPointExtension>
						<ns3:hr>171</ns3:hr>
						<ns3:speed>2.403850</ns3:speed>
						<ns3:cad>77</ns3:cad>
					</ns3:TrackPointExtension>
				</extensions>
			</trkpt>
			<trkpt lat="-6.451554" lon="-35.664629">
				<time>2025-10-26T12:40:05Z</time>
				<ele>-20000.000000</ele>
				<extensions>
					<ns3:TrackPointExtension>
						<ns3:hr>170</ns3:hr>
						<ns3:speed>2.415460</ns3:speed>
						<ns3:cad>77</ns3:cad>
					</ns3:TrackPointExtension>
				</extensions>
			</trkpt>
			<trkpt lat="-6.451519" lon="-35.664644">
				<time>2025-10-26T12:40:06Z</time>
				<ele>-20000.000000</ele>
				<extensions>
					<ns3:TrackPointExtension>
						<ns3:hr>170</ns3:hr>
						<ns3:speed>2.409640</ns3:speed>
						<ns3:cad>77</ns3:cad>
					</ns3:TrackPointExtension>
				</extensions>
			</trkpt>
			<trkpt lat="-6.451483" lon="-35.664657">
				<time>2025-10-26T12:40:07Z</time>
				<ele>-20000.000000</ele>
				<extensions>
					<ns3:TrackPointExtension>
						<ns3:hr>170</ns3:hr>
						<ns3:speed>2.469140</ns3:speed>
						<ns3:cad>77</ns3:cad>
					</ns3:TrackPointExtension>
				</extensions>
			</trkpt>
			<trkpt lat="-6.451448" lon="-35.664673">
				<time>2025-10-26T12:40:08Z</time>
				<ele>-20000.000000</ele>
				<extensions>
					<ns3:TrackPointExtension>
						<ns3:hr>171</ns3:hr>
						<ns3:speed>2.754820</ns3:speed>
						<ns3:cad>77</ns3:cad>
					</ns3:TrackPointExtension>
				</extensions>
			</trkpt>
			<trkpt lat="-6.451414" lon="-35.664690">
				<time>2025-10-26T12:40:09Z</time>
				<ele>-20000.000000</ele>
				<extensions>
					<ns3:TrackPointExtension>
						<ns3:hr>170</ns3:hr>
						<ns3:speed>3.300330</ns3:speed>
						<ns3:cad>78</ns3:cad>
					</ns3:TrackPointExtension>
				</extensions>
			</trkpt>
			<trkpt lat="-6.451383" lon="-35.664708">
				<time>2025-10-26T12:40:10Z</time>
				<ele>-20000.000000</ele>
				<extensions>
					<ns3:TrackPointExtension>
						<ns3:hr>170</ns3:hr>
						<ns3:speed>3.816790</ns3:speed>
						<ns3:cad>78</ns3:cad>
					</ns3:TrackPointExtension>
				</extensions>
			</trkpt>
			<trkpt lat="-6.451355" lon="-35.664727">
				<time>2025-10-26T12:40:11Z</time>
				<ele>-20000.000000</ele>
				<extensions>
					<ns3:TrackPointExtension>
						<ns3:hr>171</ns3:hr>
						<ns3:speed>4.016060</ns3:speed>
						<ns3:cad>78</ns3:cad>
					</ns3:TrackPointExtension>
				</extensions>
			</trkpt>
			<trkpt lat="-6.451337" lon="-35.664744">
				<time>2025-10-26T12:40:12Z</time>
				<ele>-20000.000000</ele>
				<extensions>
					<ns3:TrackPointExtension>
						<ns3:hr>171</ns3:hr>
						<ns3:speed>3.968250</ns3:speed>
						<ns3:cad>78</ns3:cad>
					</ns3:TrackPointExtension>
				</extensions>
			</trkpt>
			<trkpt lat="-6.451326" lon="-35.664761">
				<time>2025-10-26T12:40:13Z</time>
				<ele>-20000.000000</ele>
				<extensions>
					<ns3:TrackPointExtension>
						<ns3:hr>171</ns3:hr>
						<ns3:speed>3.891050</ns3:speed>
						<ns3:cad>77</ns3:cad>
					</ns3:TrackPointExtension>
				</extensions>
			</trkpt>
			<trkpt lat="-6.451322" lon="-35.664775">
				<time>2025-10-26T12:40:14Z</time>
				<ele>-20000.000000</ele>
				<extensions>
					<ns3:TrackPointExtension>
						<ns3:hr>171</ns3:hr>
						<ns3:speed>3.891050</ns3:speed>
						<ns3:cad>77</ns3:cad>
					</ns3:TrackPointExtension>
				</extensions>
			</trkpt>
			<trkpt lat="-6.451321" lon="-35.664789">
				<time>2025-10-26T12:40:15Z</time>
				<ele>-20000.000000</ele>
				<extensions>
					<ns3:TrackPointExtension>
						<ns3:hr>171</ns3:hr>
						<ns3:speed>3.787880</ns3:speed>
						<ns3:cad>76</ns3:cad>
					</ns3:TrackPointExtension>
				</extensions>
			</trkpt>
			<trkpt lat="-6.451324" lon="-35.664801">
				<time>2025-10-26T12:40:16Z</time>
				<ele>-20000.000000</ele>
				<extensions>
					<ns3:TrackPointExtension>
						<ns3:hr>170</ns3:hr>
						<ns3:speed>3.436430</ns3:speed>
						<ns3:cad>76</ns3:cad>
					</ns3:TrackPointExtension>
				</extensions>
			</trkpt>
			<trkpt lat="-6.451326" lon="-35.664809">
				<time>2025-10-26T12:40:17Z</time>
				<ele>-20000.000000</ele>
				<extensions>
					<ns3:TrackPointExtension>
						<ns3:hr>170</ns3:hr>
						<ns3:speed>2.906980</ns3:speed>
						<ns3:cad>75</ns3:cad>
					</ns3:TrackPointExtension>
				</extensions>
			</trkpt>
			<trkpt lat="-6.451328" lon="-35.664814">
				<time>2025-10-26T12:40:18Z</time>
				<ele>-20000.000000</ele>
				<extensions>
					<ns3:TrackPointExtension>
						<ns3:hr>171</ns3:hr>
						<ns3:speed>2.127660</ns3:speed>
						<ns3:cad>74</ns3:cad>
					</ns3:TrackPointExtension>
				</extensions>
			</trkpt>
			<trkpt lat="-6.451328" lon="-35.664816">
				<time>2025-10-26T12:40:19Z</time>
				<ele>-20000.000000</ele>
				<extensions>
					<ns3:TrackPointExtension>
						<ns3:hr>171</ns3:hr>
						<ns3:speed>0.000000</ns3:speed>
						<ns3:cad>0</ns3:cad>
					</ns3:TrackPointExtension>
				</extensions>
			</trkpt>
			<trkpt lat="-6.451331" lon="-35.664812">
				<time>2025-10-26T12:40:20Z</time>
				<ele>-20000.000000</ele>
				<extensions>
					<ns3:TrackPointExtension>
						<ns3:hr>172</ns3:hr>
						<ns3:speed>0.000000</ns3:speed>
						<ns3:cad>0</ns3:cad>
					</ns3:TrackPointExtension>
				</extensions>
			</trkpt>
			<trkpt lat="-6.451335" lon="-35.664806">
				<time>2025-10-26T12:40:21Z</time>
				<ele>-20000.000000</ele>
				<extensions>
					<ns3:TrackPointExtension>
						<ns3:hr>172</ns3:hr>
						<ns3:speed>0.000000</ns3:speed>
						<ns3:cad>70</ns3:cad>
					</ns3:TrackPointExtension>
				</extensions>
			</trkpt>
			<trkpt lat="-6.451340" lon="-35.664800">
				<time>2025-10-26T12:40:22Z</time>
				<ele>-20000.000000</ele>
				<extensions>
					<ns3:TrackPointExtension>
						<ns3:hr>171</ns3:hr>
						<ns3:speed>0.573720</ns3:speed>
						<ns3:cad>70</ns3:cad>
					</ns3:TrackPointExtension>
				</extensions>
			</trkpt>
			<trkpt lat="-6.451344" lon="-35.664794">
				<time>2025-10-26T12:40:23Z</time>
				<ele>-20000.000000</ele>
				<extensions>
					<ns3:TrackPointExtension>
						<ns3:hr>169</ns3:hr>
						<ns3:speed>0.635320</ns3:speed>
						<ns3:cad>60</ns3:cad>
					</ns3:TrackPointExtension>
				</extensions>
			</trkpt>
			<trkpt lat="-6.451347" lon="-35.664789">
				<time>2025-10-26T12:40:24Z</time>
				<ele>-20000.000000</ele>
				<extensions>
					<ns3:TrackPointExtension>
						<ns3:hr>169</ns3:hr>
						<ns3:speed>0.527150</ns3:speed>
						<ns3:cad>54</ns3:cad>
					</ns3:TrackPointExtension>
				</extensions>
			</trkpt>
			<trkpt lat="-6.451349" lon="-35.664788">
				<time>2025-10-26T12:40:25Z</time>
				<ele>-20000.000000</ele>
				<extensions>
					<ns3:TrackPointExtension>
						<ns3:hr>169</ns3:hr>
						<ns3:speed>0.414940</ns3:speed>
						<ns3:cad>49</ns3:cad>
					</ns3:TrackPointExtension>
				</extensions>
			</trkpt>
			<trkpt lat="-6.451350" lon="-35.664786">
				<time>2025-10-26T12:40:26Z</time>
				<ele>-20000.000000</ele>
				<extensions>
					<ns3:TrackPointExtension>
						<ns3:hr>170</ns3:hr>
						<ns3:speed>0.000000</ns3:speed>
						<ns3:cad>41</ns3:cad>
					</ns3:TrackPointExtension>
				</extensions>
			</trkpt>
			<trkpt lat="-6.451351" lon="-35.664786">
				<time>2025-10-26T12:40:27Z</time>
				<ele>-20000.000000</ele>
				<extensions>
					<ns3:TrackPointExtension>
						<ns3:hr>168</ns3:hr>
						<ns3:speed>0.000000</ns3:speed>
						<ns3:cad>0</ns3:cad>
					</ns3:TrackPointExtension>
				</extensions>
			</trkpt>
			<trkpt lat="-6.451353" lon="-35.664784">
				<time>2025-10-26T12:40:28Z</time>
				<ele>-20000.000000</ele>
				<extensions>
					<ns3:TrackPointExtension>
						<ns3:hr>168</ns3:hr>
						<ns3:speed>0.000000</ns3:speed>
						<ns3:cad>0</ns3:cad>
					</ns3:TrackPointExtension>
				</extensions>
			</trkpt>
			<trkpt lat="-6.451353" lon="-35.664781">
				<time>2025-10-26T12:40:29Z</time>
				<ele>-20000.000000</ele>
				<extensions>
					<ns3:TrackPointExtension>
						<ns3:hr>167</ns3:hr>
						<ns3:speed>0.000000</ns3:speed>
						<ns3:cad>0</ns3:cad>
					</ns3:TrackPointExtension>
				</extensions>
			</trkpt>
			<trkpt lat="-6.451354" lon="-35.664778">
				<time>2025-10-26T12:40:30Z</time>
				<ele>-20000.000000</ele>
				<extensions>
					<ns3:TrackPointExtension>
						<ns3:hr>166</ns3:hr>
						<ns3:speed>0.000000</ns3:speed>
						<ns3:cad>0</ns3:cad>
					</ns3:TrackPointExtension>
				</extensions>
			</trkpt>
			<trkpt lat="-6.451353" lon="-35.664774">
				<time>2025-10-26T12:40:31Z</time>
				<ele>-20000.000000</ele>
				<extensions>
					<ns3:TrackPointExtension>
						<ns3:hr>166</ns3:hr>
						<ns3:speed>0.000000</ns3:speed>
						<ns3:cad>0</ns3:cad>
					</ns3:TrackPointExtension>
				</extensions>
			</trkpt>
			<trkpt lat="-6.451353" lon="-35.664772">
				<time>2025-10-26T12:40:32Z</time>
				<ele>-20000.000000</ele>
				<extensions>
					<ns3:TrackPointExtension>
						<ns3:hr>165</ns3:hr>
						<ns3:speed>0.000000</ns3:speed>
						<ns3:cad>0</ns3:cad>
					</ns3:TrackPointExtension>
				</extensions>
			</trkpt>
			<trkpt lat="-6.451351" lon="-35.664769">
				<time>2025-10-26T12:40:33Z</time>
				<ele>-20000.000000</ele>
				<extensions>
					<ns3:TrackPointExtension>
						<ns3:hr>164</ns3:hr>
						<ns3:speed>0.000000</ns3:speed>
						<ns3:cad>38</ns3:cad>
					</ns3:TrackPointExtension>
				</extensions>
			</trkpt>
			<trkpt lat="-6.451349" lon="-35.664769">
				<time>2025-10-26T12:40:34Z</time>
				<ele>-20000.000000</ele>
				<extensions>
					<ns3:TrackPointExtension>
						<ns3:hr>163</ns3:hr>
						<ns3:speed>0.329060</ns3:speed>
						<ns3:cad>37</ns3:cad>
					</ns3:TrackPointExtension>
				</extensions>
			</trkpt>
			<trkpt lat="-6.451349" lon="-35.664767">
				<time>2025-10-26T12:40:35Z</time>
				<ele>-20000.000000</ele>
				<extensions>
					<ns3:TrackPointExtension>
						<ns3:hr>162</ns3:hr>
						<ns3:speed>0.000000</ns3:speed>
						<ns3:cad>0</ns3:cad>
					</ns3:TrackPointExtension>
				</extensions>
			</trkpt>
			<trkpt lat="-6.451347" lon="-35.664767">
				<time>2025-10-26T12:40:36Z</time>
				<ele>-20000.000000</ele>
				<extensions>
					<ns3:TrackPointExtension>
						<ns3:hr>160</ns3:hr>
						<ns3:speed>0.000000</ns3:speed>
						<ns3:cad>0</ns3:cad>
					</ns3:TrackPointExtension>
				</extensions>
			</trkpt>
			<trkpt lat="-6.451347" lon="-35.664766">
				<time>2025-10-26T12:40:37Z</time>
				<ele>-20000.000000</ele>
				<extensions>
					<ns3:TrackPointExtension>
						<ns3:hr>160</ns3:hr>
						<ns3:speed>0.401120</ns3:speed>
						<ns3:cad>0</ns3:cad>
					</ns3:TrackPointExtension>
				</extensions>
			</trkpt>
			<trkpt lat="-6.451347" lon="-35.664766">
				<time>2025-10-26T12:40:38Z</time>
				<ele>-20000.000000</ele>
				<extensions>
					<ns3:TrackPointExtension>
						<ns3:hr>160</ns3:hr>
						<ns3:speed>0.000000</ns3:speed>
						<ns3:cad>0</ns3:cad>
					</ns3:TrackPointExtension>
				</extensions>
			</trkpt>
			<trkpt lat="-6.451346" lon="-35.664766">
				<time>2025-10-26T12:40:39Z</time>
				<ele>-20000.000000</ele>
				<extensions>
					<ns3:TrackPointExtension>
						<ns3:hr>159</ns3:hr>
						<ns3:speed>0.000000</ns3:speed>
						<ns3:cad>0</ns3:cad>
					</ns3:TrackPointExtension>
				</extensions>
			</trkpt>
			<trkpt lat="-6.451346" lon="-35.664766">
				<time>2025-10-26T12:40:40Z</time>
				<ele>-20000.000000</ele>
				<extensions>
					<ns3:TrackPointExtension>
						<ns3:hr>157</ns3:hr>
						<ns3:speed>0.000000</ns3:speed>
						<ns3:cad>0</ns3:cad>
					</ns3:TrackPointExtension>
				</extensions>
			</trkpt>
			<trkpt lat="-6.451346" lon="-35.664765">
				<time>2025-10-26T12:40:41Z</time>
				<ele>-20000.000000</ele>
				<extensions>
					<ns3:TrackPointExtension>
						<ns3:hr>158</ns3:hr>
						<ns3:speed>0.000000</ns3:speed>
						<ns3:cad>0</ns3:cad>
					</ns3:TrackPointExtension>
				</extensions>
			</trkpt>
			<trkpt lat="-6.451346" lon="-35.664765">
				<time>2025-10-26T12:40:42Z</time>
				<ele>-20000.000000</ele>
				<extensions>
					<ns3:TrackPointExtension>
						<ns3:hr>157</ns3:hr>
						<ns3:speed>0.000000</ns3:speed>
						<ns3:cad>0</ns3:cad>
					</ns3:TrackPointExtension>
				</extensions>
			</trkpt>
			<trkpt lat="-6.451346" lon="-35.664766">
				<time>2025-10-26T12:40:43Z</time>
				<ele>-20000.000000</ele>
				<extensions>
					<ns3:TrackPointExtension>
						<ns3:hr>157</ns3:hr>
						<ns3:speed>0.000000</ns3:speed>
						<ns3:cad>0</ns3:cad>
					</ns3:TrackPointExtension>
				</extensions>
			</trkpt>
			<trkpt lat="-6.451346" lon="-35.664765">
				<time>2025-10-26T12:40:44Z</time>
				<ele>-20000.000000</ele>
				<extensions>
					<ns3:TrackPointExtension>
						<ns3:hr>156</ns3:hr>
						<ns3:speed>0.000000</ns3:speed>
						<ns3:cad>0</ns3:cad>
					</ns3:TrackPointExtension>
				</extensions>
			</trkpt>
			<trkpt lat="-6.451346" lon="-35.664764">
				<time>2025-10-26T12:40:45Z</time>
				<ele>-20000.000000</ele>
				<extensions>
					<ns3:TrackPointExtension>
						<ns3:hr>153</ns3:hr>
						<ns3:speed>0.000000</ns3:speed>
						<ns3:cad>0</ns3:cad>
					</ns3:TrackPointExtension>
				</extensions>
			</trkpt>
			<trkpt lat="-6.451346" lon="-35.664764">
				<time>2025-10-26T12:40:46Z</time>
				<ele>-20000.000000</ele>
				<extensions>
					<ns3:TrackPointExtension>
						<ns3:hr>152</ns3:hr>
						<ns3:speed>0.000000</ns3:speed>
						<ns3:cad>0</ns3:cad>
					</ns3:TrackPointExtension>
				</extensions>
			</trkpt>
			<trkpt lat="-6.451345" lon="-35.664764">
				<time>2025-10-26T12:40:47Z</time>
				<ele>-20000.000000</ele>
				<extensions>
					<ns3:TrackPointExtension>
						<ns3:hr>151</ns3:hr>
						<ns3:speed>0.000000</ns3:speed>
						<ns3:cad>0</ns3:cad>
					</ns3:TrackPointExtension>
				</extensions>
			</trkpt>
			<trkpt lat="-6.451345" lon="-35.664764">
				<time>2025-10-26T12:40:48Z</time>
				<ele>-20000.000000</ele>
				<extensions>
					<ns3:TrackPointExtension>
						<ns3:hr>150</ns3:hr>
						<ns3:speed>0.000000</ns3:speed>
						<ns3:cad>0</ns3:cad>
					</ns3:TrackPointExtension>
				</extensions>
			</trkpt>
			<trkpt lat="-6.451345" lon="-35.664763">
				<time>2025-10-26T12:40:49Z</time>
				<ele>-20000.000000</ele>
				<extensions>
					<ns3:TrackPointExtension>
						<ns3:hr>149</ns3:hr>
						<ns3:speed>0.000000</ns3:speed>
						<ns3:cad>0</ns3:cad>
					</ns3:TrackPointExtension>
				</extensions>
			</trkpt>
			<trkpt lat="-6.451344" lon="-35.664763">
				<time>2025-10-26T12:40:50Z</time>
				<ele>-20000.000000</ele>
				<extensions>
					<ns3:TrackPointExtension>
						<ns3:hr>149</ns3:hr>
						<ns3:speed>0.000000</ns3:speed>
						<ns3:cad>0</ns3:cad>
					</ns3:TrackPointExtension>
				</extensions>
			</trkpt>
			<trkpt lat="-6.451344" lon="-35.664763">
				<time>2025-10-26T12:40:51Z</time>
				<ele>-20000.000000</ele>
				<extensions>
					<ns3:TrackPointExtension>
						<ns3:hr>148</ns3:hr>
						<ns3:speed>0.000000</ns3:speed>
						<ns3:cad>0</ns3:cad>
					</ns3:TrackPointExtension>
				</extensions>
			</trkpt>
			<trkpt lat="-6.451344" lon="-35.664762">
				<time>2025-10-26T12:40:52Z</time>
				<ele>-20000.000000</ele>
				<extensions>
					<ns3:TrackPointExtension>
						<ns3:hr>148</ns3:hr>
						<ns3:speed>0.000000</ns3:speed>
						<ns3:cad>0</ns3:cad>
					</ns3:TrackPointExtension>
				</extensions>
			</trkpt>
			<trkpt lat="-6.451342" lon="-35.664762">
				<time>2025-10-26T12:40:53Z</time>
				<ele>-20000.000000</ele>
				<extensions>
					<ns3:TrackPointExtension>
						<ns3:hr>147</ns3:hr>
						<ns3:speed>0.000000</ns3:speed>
						<ns3:cad>0</ns3:cad>
					</ns3:TrackPointExtension>
				</extensions>
			</trkpt>
			<trkpt lat="-6.451336" lon="-35.664762">
				<time>2025-10-26T12:40:54Z</time>
				<ele>-20000.000000</ele>
				<extensions>
					<ns3:TrackPointExtension>
						<ns3:hr>146</ns3:hr>
						<ns3:speed>0.000000</ns3:speed>
						<ns3:cad>0</ns3:cad>
					</ns3:TrackPointExtension>
				</extensions>
			</trkpt>
			<trkpt lat="-6.451327" lon="-35.664763">
				<time>2025-10-26T12:40:55Z</time>
				<ele>-20000.000000</ele>
				<extensions>
					<ns3:TrackPointExtension>
						<ns3:hr>145</ns3:hr>
						<ns3:speed>0.000000</ns3:speed>
						<ns3:cad>0</ns3:cad>
					</ns3:TrackPointExtension>
				</extensions>
			</trkpt>
			<trkpt lat="-6.451316" lon="-35.664766">
				<time>2025-10-26T12:40:56Z</time>
				<ele>-20000.000000</ele>
				<extensions>
					<ns3:TrackPointExtension>
						<ns3:hr>143</ns3:hr>
						<ns3:speed>0.000000</ns3:speed>
						<ns3:cad>0</ns3:cad>
					</ns3:TrackPointExtension>
				</extensions>
			</trkpt>
			<trkpt lat="-6.451299" lon="-35.664767">
				<time>2025-10-26T12:40:57Z</time>
				<ele>-20000.000000</ele>
				<extensions>
					<ns3:TrackPointExtension>
						<ns3:hr>143</ns3:hr>
						<ns3:speed>0.000000</ns3:speed>
						<ns3:cad>0</ns3:cad>
					</ns3:TrackPointExtension>
				</extensions>
			</trkpt>
			<trkpt lat="-6.451280" lon="-35.664767">
				<time>2025-10-26T12:40:58Z</time>
				<ele>-20000.000000</ele>
				<extensions>
					<ns3:TrackPointExtension>
						<ns3:hr>143</ns3:hr>
						<ns3:speed>0.000000</ns3:speed>
						<ns3:cad>0</ns3:cad>
					</ns3:TrackPointExtension>
				</extensions>
			</trkpt>
			<trkpt lat="-6.451262" lon="-35.664762">
				<time>2025-10-26T12:40:59Z</time>
				<ele>-20000.000000</ele>
				<extensions>
					<ns3:TrackPointExtension>
						<ns3:hr>143</ns3:hr>
						<ns3:speed>2.392340</ns3:speed>
						<ns3:cad>0</ns3:cad>
					</ns3:TrackPointExtension>
				</extensions>
			</trkpt>
			<trkpt lat="-6.451249" lon="-35.664755">
				<time>2025-10-26T12:41:00Z</time>
				<ele>-20000.000000</ele>
				<extensions>
					<ns3:TrackPointExtension>
						<ns3:hr>144</ns3:hr>
						<ns3:speed>2.392340</ns3:speed>
						<ns3:cad>0</ns3:cad>
					</ns3:TrackPointExtension>
				</extensions>
			</trkpt>
			<trkpt lat="-6.451239" lon="-35.664747">
				<time>2025-10-26T12:41:01Z</time>
				<ele>-20000.000000</ele>
				<extensions>
					<ns3:TrackPointExtension>
						<ns3:hr>145</ns3:hr>
						<ns3:speed>1.773050</ns3:speed>
						<ns3:cad>81</ns3:cad>
					</ns3:TrackPointExtension>
				</extensions>
			</trkpt>
			<trkpt lat="-6.451232" lon="-35.664741">
				<time>2025-10-26T12:41:02Z</time>
				<ele>-20000.000000</ele>
				<extensions>
					<ns3:TrackPointExtension>
						<ns3:hr>148</ns3:hr>
						<ns3:speed>1.333330</ns3:speed>
						<ns3:cad>81</ns3:cad>
					</ns3:TrackPointExtension>
				</extensions>
			</trkpt>
			<trkpt lat="-6.451225" lon="-35.664734">
				<time>2025-10-26T12:41:03Z</time>
				<ele>-20000.000000</ele>
				<extensions>
					<ns3:TrackPointExtension>
						<ns3:hr>150</ns3:hr>
						<ns3:speed>1.333330</ns3:speed>
						<ns3:cad>81</ns3:cad>
					</ns3:TrackPointExtension>
				</extensions>
			</trkpt>
			<trkpt lat="-6.451213" lon="-35.664729">
				<time>2025-10-26T12:41:04Z</time>
				<ele>-20000.000000</ele>
				<extensions>
					<ns3:TrackPointExtension>
						<ns3:hr>151</ns3:hr>
						<ns3:speed>1.508300</ns3:speed>
						<ns3:cad>81</ns3:cad>
					</ns3:TrackPointExtension>
				</extensions>
			</trkpt>
			<trkpt lat="-6.451193" lon="-35.664727">
				<time>2025-10-26T12:41:05Z</time>
				<ele>-20000.000000</ele>
				<extensions>
					<ns3:TrackPointExtension>
						<ns3:hr>152</ns3:hr>
						<ns3:speed>1.792110</ns3:speed>
						<ns3:cad>81</ns3:cad>
					</ns3:TrackPointExtension>
				</extensions>
			</trkpt>
			<trkpt lat="-6.451165" lon="-35.664727">
				<time>2025-10-26T12:41:06Z</time>
				<ele>-20000.000000</ele>
				<extensions>
					<ns3:TrackPointExtension>
						<ns3:hr>152</ns3:hr>
						<ns3:speed>1.597440</ns3:speed>
						<ns3:cad>81</ns3:cad>
					</ns3:TrackPointExtension>
				</extensions>
			</trkpt>
			<trkpt lat="-6.451131" lon="-35.664729">
				<time>2025-10-26T12:41:07Z</time>
				<ele>-20000.000000</ele>
				<extensions>
					<ns3:TrackPointExtension>
						<ns3:hr>152</ns3:hr>
						<ns3:speed>1.522070</ns3:speed>
						<ns3:cad>78</ns3:cad>
					</ns3:TrackPointExtension>
				</extensions>
			</trkpt>
			<trkpt lat="-6.451094" lon="-35.664729">
				<time>2025-10-26T12:41:08Z</time>
				<ele>-20000.000000</ele>
				<extensions>
					<ns3:TrackPointExtension>
						<ns3:hr>153</ns3:hr>
						<ns3:speed>1.522070</ns3:speed>
						<ns3:cad>78</ns3:cad>
					</ns3:TrackPointExtension>
				</extensions>
			</trkpt>
			<trkpt lat="-6.451054" lon="-35.664729">
				<time>2025-10-26T12:41:09Z</time>
				<ele>-20000.000000</ele>
				<extensions>
					<ns3:TrackPointExtension>
						<ns3:hr>152</ns3:hr>
						<ns3:speed>1.712330</ns3:speed>
						<ns3:cad>78</ns3:cad>
					</ns3:TrackPointExtension>
				</extensions>
			</trkpt>
			<trkpt lat="-6.451014" lon="-35.664728">
				<time>2025-10-26T12:41:10Z</time>
				<ele>-20000.000000</ele>
				<extensions>
					<ns3:TrackPointExtension>
						<ns3:hr>153</ns3:hr>
						<ns3:speed>2.277900</ns3:speed>
						<ns3:cad>79</ns3:cad>
					</ns3:TrackPointExtension>
				</extensions>
			</trkpt>
			<trkpt lat="-6.450973" lon="-35.664727">
				<time>2025-10-26T12:41:11Z</time>
				<ele>-20000.000000</ele>
				<extensions>
					<ns3:TrackPointExtension>
						<ns3:hr>155</ns3:hr>
						<ns3:speed>3.021150</ns3:speed>
						<ns3:cad>80</ns3:cad>
					</ns3:TrackPointExtension>
				</extensions>
			</trkpt>
			<trkpt lat="-6.450931" lon="-35.664726">
				<time>2025-10-26T12:41:12Z</time>
				<ele>-20000.000000</ele>
				<extensions>
					<ns3:TrackPointExtension>
						<ns3:hr>157</ns3:hr>
						<ns3:speed>3.649640</ns3:speed>
						<ns3:cad>81</ns3:cad>
					</ns3:TrackPointExtension>
				</extensions>
			</trkpt>
			<trkpt lat="-6.450892" lon="-35.664725">
				<time>2025-10-26T12:41:13Z</time>
				<ele>-20000.000000</ele>
				<extensions>
					<ns3:TrackPointExtension>
						<ns3:hr>158</ns3:hr>
						<ns3:speed>3.937010</ns3:speed>
						<ns3:cad>81</ns3:cad>
					</ns3:TrackPointExtension>
				</extensions>
			</trkpt>
			<trkpt lat="-6.450854" lon="-35.664723">
				<time>2025-10-26T12:41:14Z</time>
				<ele>-20000.000000</ele>
				<extensions>
					<ns3:TrackPointExtension>
						<ns3:hr>159</ns3:hr>
						<ns3:speed>3.968250</ns3:speed>
						<ns3:cad>81</ns3:cad>
					</ns3:TrackPointExtension>
				</extensions>
			</trkpt>
			<trkpt lat="-6.450814" lon="-35.664720">
				<time>2025-10-26T12:41:15Z</time>
				<ele>-20000.000000</ele>
				<extensions>
					<ns3:TrackPointExtension>
						<ns3:hr>158</ns3:hr>
						<ns3:speed>3.968250</ns3:speed>
						<ns3:cad>81</ns3:cad>
					</ns3:TrackPointExtension>
				</extensions>
			</trkpt>
			<trkpt lat="-6.450773" lon="-35.664718">
				<time>2025-10-26T12:41:16Z</time>
				<ele>-20000.000000</ele>
				<extensions>
					<ns3:TrackPointExtension>
						<ns3:hr>158</ns3:hr>
						<ns3:speed>3.968250</ns3:speed>
						<ns3:cad>81</ns3:cad>
					</ns3:TrackPointExtension>
				</extensions>
			</trkpt>
			<trkpt lat="-6.450735" lon="-35.664715">
				<time>2025-10-26T12:41:17Z</time>
				<ele>-20000.000000</ele>
				<extensions>
					<ns3:TrackPointExtension>
						<ns3:hr>158</ns3:hr>
						<ns3:speed>4.081630</ns3:speed>
						<ns3:cad>81</ns3:cad>
					</ns3:TrackPointExtension>
				</extensions>
			</trkpt>
			<trkpt lat="-6.450697" lon="-35.664710">
				<time>2025-10-26T12:41:18Z</time>
				<ele>-20000.000000</ele>
				<extensions>
					<ns3:TrackPointExtension>
						<ns3:hr>159</ns3:hr>
						<ns3:speed>4.201680</ns3:speed>
						<ns3:cad>80</ns3:cad>
					</ns3:TrackPointExtension>
				</extensions>
			</trkpt>
			<trkpt lat="-6.450662" lon="-35.664707">
				<time>2025-10-26T12:41:19Z</time>
				<ele>-20000.000000</ele>
				<extensions>
					<ns3:TrackPointExtension>
						<ns3:hr>160</ns3:hr>
						<ns3:speed>4.237290</ns3:speed>
						<ns3:cad>79</ns3:cad>
					</ns3:TrackPointExtension>
				</extensions>
			</trkpt>
			<trkpt lat="-6.450630" lon="-35.664702">
				<time>2025-10-26T12:41:20Z</time>
				<ele>-20000.000000</ele>
				<extensions>
					<ns3:TrackPointExtension>
						<ns3:hr>160</ns3:hr>
						<ns3:speed>4.255320</ns3:speed>
						<ns3:cad>78</ns3:cad>
					</ns3:TrackPointExtension>
				</extensions>
			</trkpt>
			<trkpt lat="-6.450600" lon="-35.664696">
				<time>2025-10-26T12:41:21Z</time>
				<ele>-20000.000000</ele>
				<extensions>
					<ns3:TrackPointExtension>
						<ns3:hr>159</ns3:hr>
						<ns3:speed>4.219410</ns3:speed>
						<ns3:cad>77</ns3:cad>
					</ns3:TrackPointExtension>
				</extensions>
			</trkpt>
			<trkpt lat="-6.450571" lon="-35.664690">
				<time>2025-10-26T12:41:22Z</time>
				<ele>-20000.000000</ele>
				<extensions>
					<ns3:TrackPointExtension>
						<ns3:hr>159</ns3:hr>
						<ns3:speed>4.149380</ns3:speed>
						<ns3:cad>77</ns3:cad>
					</ns3:TrackPointExtension>
				</extensions>
			</trkpt>
			<trkpt lat="-6.450543" lon="-35.664682">
				<time>2025-10-26T12:41:23Z</time>
				<ele>-20000.000000</ele>
				<extensions>
					<ns3:TrackPointExtension>
						<ns3:hr>160</ns3:hr>
						<ns3:speed>4.065040</ns3:speed>
						<ns3:cad>77</ns3:cad>
					</ns3:TrackPointExtension>
				</extensions>
			</trkpt>
			<trkpt lat="-6.450516" lon="-35.664675">
				<time>2025-10-26T12:41:24Z</time>
				<ele>-20000.000000</ele>
				<extensions>
					<ns3:TrackPointExtension>
						<ns3:hr>159</ns3:hr>
						<ns3:speed>3.937010</ns3:speed>
						<ns3:cad>77</ns3:cad>
					</ns3:TrackPointExtension>
				</extensions>
			</trkpt>
			<trkpt lat="-6.450487" lon="-35.664669">
				<time>2025-10-26T12:41:25Z</time>
				<ele>-20000.000000</ele>
				<extensions>
					<ns3:TrackPointExtension>
						<ns3:hr>160</ns3:hr>
						<ns3:speed>3.759400</ns3:speed>
						<ns3:cad>76</ns3:cad>
					</ns3:TrackPointExtension>
				</extensions>
			</trkpt>
			<trkpt lat="-6.450458" lon="-35.664665">
				<time>2025-10-26T12:41:26Z</time>
				<ele>-20000.000000</ele>
				<extensions>
					<ns3:TrackPointExtension>
						<ns3:hr>161</ns3:hr>
						<ns3:speed>3.597120</ns3:speed>
						<ns3:cad>74</ns3:cad>
					</ns3:TrackPointExtension>
				</extensions>
			</trkpt>
			<trkpt lat="-6.450429" lon="-35.664665">
				<time>2025-10-26T12:41:27Z</time>
				<ele>-20000.000000</ele>
				<extensions>
					<ns3:TrackPointExtension>
						<ns3:hr>161</ns3:hr>
						<ns3:speed>3.436430</ns3:speed>
						<ns3:cad>74</ns3:cad>
					</ns3:TrackPointExtension>
				</extensions>
			</trkpt>
			<trkpt lat="-6.450400" lon="-35.664669">
				<time>2025-10-26T12:41:28Z</time>
				<ele>-20000.000000</ele>
				<extensions>
					<ns3:TrackPointExtension>
						<ns3:hr>161</ns3:hr>
						<ns3:speed>3.311260</ns3:speed>
						<ns3:cad>74</ns3:cad>
					</ns3:TrackPointExtension>
				</extensions>
			</trkpt>
			<trkpt lat="-6.450372" lon="-35.664674">
				<time>2025-10-26T12:41:29Z</time>
				<ele>-20000.000000</ele>
				<extensions>
					<ns3:TrackPointExtension>
						<ns3:hr>161</ns3:hr>
						<ns3:speed>3.267970</ns3:speed>
						<ns3:cad>74</ns3:cad>
					</ns3:TrackPointExtension>
				</extensions>
			</trkpt>
			<trkpt lat="-6.450344" lon="-35.664684">
				<time>2025-10-26T12:41:30Z</time>
				<ele>-20000.000000</ele>
				<extensions>
					<ns3:TrackPointExtension>
						<ns3:hr>161</ns3:hr>
						<ns3:speed>3.257330</ns3:speed>
						<ns3:cad>74</ns3:cad>
					</ns3:TrackPointExtension>
				</extensions>
			</trkpt>
			<trkpt lat="-6.450317" lon="-35.664698">
				<time>2025-10-26T12:41:31Z</time>
				<ele>-20000.000000</ele>
				<extensions>
					<ns3:TrackPointExtension>
						<ns3:hr>161</ns3:hr>
						<ns3:speed>3.246750</ns3:speed>
						<ns3:cad>74</ns3:cad>
					</ns3:TrackPointExtension>
				</extensions>
			</trkpt>
			<trkpt lat="-6.450289" lon="-35.664715">
				<time>2025-10-26T12:41:32Z</time>
				<ele>-20000.000000</ele>
				<extensions>
					<ns3:TrackPointExtension>
						<ns3:hr>162</ns3:hr>
						<ns3:speed>3.236250</ns3:speed>
						<ns3:cad>75</ns3:cad>
					</ns3:TrackPointExtension>
				</extensions>
			</trkpt>
			<trkpt lat="-6.450259" lon="-35.664733">
				<time>2025-10-26T12:41:33Z</time>
				<ele>-20000.000000</ele>
				<extensions>
					<ns3:TrackPointExtension>
						<ns3:hr>162</ns3:hr>
						<ns3:speed>3.246750</ns3:speed>
						<ns3:cad>75</ns3:cad>
					</ns3:TrackPointExtension>
				</extensions>
			</trkpt>
			<trkpt lat="-6.450230" lon="-35.664750">
				<time>2025-10-26T12:41:34Z</time>
				<ele>-20000.000000</ele>
				<extensions>
					<ns3:TrackPointExtension>
						<ns3:hr>162</ns3:hr>
						<ns3:speed>3.278690</ns3:speed>
						<ns3:cad>76</ns3:cad>
					</ns3:TrackPointExtension>
				</extensions>
			</trkpt>
			<trkpt lat="-6.450202" lon="-35.664766">
				<time>2025-10-26T12:41:35Z</time>
				<ele>-20000.000000</ele>
				<extensions>
					<ns3:TrackPointExtension>
						<ns3:hr>163</ns3:hr>
						<ns3:speed>3.378380</ns3:speed>
						<ns3:cad>77</ns3:cad>
					</ns3:TrackPointExtension>
				</extensions>
			</trkpt>
			<trkpt lat="-6.450177" lon="-35.664778">
				<time>2025-10-26T12:41:36Z</time>
				<ele>-20000.000000</ele>
				<extensions>
					<ns3:TrackPointExtension>
						<ns3:hr>163</ns3:hr>
						<ns3:speed>3.460210</ns3:speed>
						<ns3:cad>79</ns3:cad>
					</ns3:TrackPointExtension>
				</extensions>
			</trkpt>
			<trkpt lat="-6.450157" lon="-35.664787">
				<time>2025-10-26T12:41:37Z</time>
				<ele>-20000.000000</ele>
				<extensions>
					<ns3:TrackPointExtension>
						<ns3:hr>164</ns3:hr>
						<ns3:speed>3.508770</ns3:speed>
						<ns3:cad>80</ns3:cad>
					</ns3:TrackPointExtension>
				</extensions>
			</trkpt>
			<trkpt lat="-6.450141" lon="-35.664791">
				<time>2025-10-26T12:41:38Z</time>
				<ele>-20000.000000</ele>
				<extensions>
					<ns3:TrackPointExtension>
						<ns3:hr>165</ns3:hr>
						<ns3:speed>3.533570</ns3:speed>
						<ns3:cad>80</ns3:cad>
					</ns3:TrackPointExtension>
				</extensions>
			</trkpt>
			<trkpt lat="-6.450126" lon="-35.664792">
				<time>2025-10-26T12:41:39Z</time>
				<ele>-20000.000000</ele>
				<extensions>
					<ns3:TrackPointExtension>
						<ns3:hr>166</ns3:hr>
						<ns3:speed>3.533570</ns3:speed>
						<ns3:cad>80</ns3:cad>
					</ns3:TrackPointExtension>
				</extensions>
			</trkpt>
			<trkpt lat="-6.450110" lon="-35.664794">
				<time>2025-10-26T12:41:40Z</time>
				<ele>-20000.000000</ele>
				<extensions>
					<ns3:TrackPointExtension>
						<ns3:hr>166</ns3:hr>
						<ns3:speed>3.389830</ns3:speed>
						<ns3:cad>80</ns3:cad>
					</ns3:TrackPointExtension>
				</extensions>
			</trkpt>
			<trkpt lat="-6.450092" lon="-35.664800">
				<time>2025-10-26T12:41:41Z</time>
				<ele>-20000.000000</ele>
				<extensions>
					<ns3:TrackPointExtension>
						<ns3:hr>166</ns3:hr>
						<ns3:speed>3.003000</ns3:speed>
						<ns3:cad>80</ns3:cad>
					</ns3:TrackPointExtension>
				</extensions>
			</trkpt>
			<trkpt lat="-6.450071" lon="-35.664807">
				<time>2025-10-26T12:41:42Z</time>
				<ele>-20000.000000</ele>
				<extensions>
					<ns3:TrackPointExtension>
						<ns3:hr>166</ns3:hr>
						<ns3:speed>2.272730</ns3:speed>
						<ns3:cad>75</ns3:cad>
					</ns3:TrackPointExtension>
				</extensions>
			</trkpt>
			<trkpt lat="-6.450051" lon="-35.664813">
				<time>2025-10-26T12:41:43Z</time>
				<ele>-20000.000000</ele>
				<extensions>
					<ns3:TrackPointExtension>
						<ns3:hr>167</ns3:hr>
						<ns3:speed>1.934240</ns3:speed>
						<ns3:cad>75</ns3:cad>
					</ns3:TrackPointExtension>
				</extensions>
			</trkpt>
			<trkpt lat="-6.450032" lon="-35.664819">
				<time>2025-10-26T12:41:44Z</time>
				<ele>-20000.000000</ele>
				<extensions>
					<ns3:TrackPointExtension>
						<ns3:hr>167</ns3:hr>
						<ns3:speed>2.183410</ns3:speed>
						<ns3:cad>80</ns3:cad>
					</ns3:TrackPointExtension>
				</extensions>
			</trkpt>
			<trkpt lat="-6.450019" lon="-35.664823">
				<time>2025-10-26T12:41:45Z</time>
				<ele>-20000.000000</ele>
				<extensions>
					<ns3:TrackPointExtension>
						<ns3:hr>168</ns3:hr>
						<ns3:speed>2.283110</ns3:speed>
						<ns3:cad>80</ns3:cad>
					</ns3:TrackPointExtension>
				</extensions>
			</trkpt>
			<trkpt lat="-6.450011" lon="-35.664827">
				<time>2025-10-26T12:41:46Z</time>
				<ele>-20000.000000</ele>
				<extensions>
					<ns3:TrackPointExtension>
						<ns3:hr>169</ns3:hr>
						<ns3:speed>2.197800</ns3:speed>
						<ns3:cad>78</ns3:cad>
					</ns3:TrackPointExtension>
				</extensions>
			</trkpt>
			<trkpt lat="-6.450006" lon="-35.664830">
				<time>2025-10-26T12:41:47Z</time>
				<ele>-20000.000000</ele>
				<extensions>
					<ns3:TrackPointExtension>
						<ns3:hr>169</ns3:hr>
						<ns3:speed>2.145920</ns3:speed>
						<ns3:cad>77</ns3:cad>
					</ns3:TrackPointExtension>
				</extensions>
			</trkpt>
			<trkpt lat="-6.450003" lon="-35.664833">
				<time>2025-10-26T12:41:48Z</time>
				<ele>-20000.000000</ele>
				<extensions>
					<ns3:TrackPointExtension>
						<ns3:hr>169</ns3:hr>
						<ns3:speed>2.178650</ns3:speed>
						<ns3:cad>77</ns3:cad>
					</ns3:TrackPointExtension>
				</extensions>
			</trkpt>
			<trkpt lat="-6.450003" lon="-35.664833">
				<time>2025-10-26T12:41:49Z</time>
				<ele>-20000.000000</ele>
				<extensions>
					<ns3:TrackPointExtension>
						<ns3:hr>170</ns3:hr>
						<ns3:speed>0.000000</ns3:speed>
						<ns3:cad>0</ns3:cad>
					</ns3:TrackPointExtension>
				</extensions>
			</trkpt>
			<trkpt lat="-6.450002" lon="-35.664832">
				<time>2025-10-26T12:41:50Z</time>
				<ele>-20000.000000</ele>
				<extensions>
					<ns3:TrackPointExtension>
						<ns3:hr>169</ns3:hr>
						<ns3:speed>0.000000</ns3:speed>
						<ns3:cad>0</ns3:cad>
					</ns3:TrackPointExtension>
				</extensions>
			</trkpt>
			<trkpt lat="-6.450000" lon="-35.664831">
				<time>2025-10-26T12:41:51Z</time>
				<ele>-20000.000000</ele>
				<extensions>
					<ns3:TrackPointExtension>
						<ns3:hr>169</ns3:hr>
						<ns3:speed>0.000000</ns3:speed>
						<ns3:cad>72</ns3:cad>
					</ns3:TrackPointExtension>
				</extensions>
			</trkpt>
			<trkpt lat="-6.449997" lon="-35.664828">
				<time>2025-10-26T12:41:52Z</time>
				<ele>-20000.000000</ele>
				<extensions>
					<ns3:TrackPointExtension>
						<ns3:hr>169</ns3:hr>
						<ns3:speed>0.334220</ns3:speed>
						<ns3:cad>71</ns3:cad>
					</ns3:TrackPointExtension>
				</extensions>
			</trkpt>
			<trkpt lat="-6.449995" lon="-35.664825">
				<time>2025-10-26T12:41:53Z</time>
				<ele>-20000.000000</ele>
				<extensions>
					<ns3:TrackPointExtension>
						<ns3:hr>168</ns3:hr>
						<ns3:speed>0.649770</ns3:speed>
						<ns3:cad>67</ns3:cad>
					</ns3:TrackPointExtension>
				</extensions>
			</trkpt>
			<trkpt lat="-6.449992" lon="-35.664821">
				<time>2025-10-26T12:41:54Z</time>
				<ele>-20000.000000</ele>
				<extensions>
					<ns3:TrackPointExtension>
						<ns3:hr>168</ns3:hr>
						<ns3:speed>0.714290</ns3:speed>
						<ns3:cad>66</ns3:cad>
					</ns3:TrackPointExtension>
				</extensions>
			</trkpt>
			<trkpt lat="-6.449991" lon="-35.664817">
				<time>2025-10-26T12:41:55Z</time>
				<ele>-20000.000000</ele>
				<extensions>
					<ns3:TrackPointExtension>
						<ns3:hr>167</ns3:hr>
						<ns3:speed>0.609010</ns3:speed>
						<ns3:cad>61</ns3:cad>
					</ns3:TrackPointExtension>
				</extensions>
			</trkpt>
			<trkpt lat="-6.449989" lon="-35.664813">
				<time>2025-10-26T12:41:56Z</time>
				<ele>-20000.000000</ele>
				<extensions>
					<ns3:TrackPointExtension>
						<ns3:hr>166</ns3:hr>
						<ns3:speed>0.476420</ns3:speed>
						<ns3:cad>58</ns3:cad>
					</ns3:TrackPointExtension>
				</extensions>
			</trkpt>
			<trkpt lat="-6.449988" lon="-35.664810">
				<time>2025-10-26T12:41:57Z</time>
				<ele>-20000.000000</ele>
				<extensions>
					<ns3:TrackPointExtension>
						<ns3:hr>165</ns3:hr>
						<ns3:speed>0.475060</ns3:speed>
						<ns3:cad>55</ns3:cad>
					</ns3:TrackPointExtension>
				</extensions>
			</trkpt>
			<trkpt lat="-6.449987" lon="-35.664808">
				<time>2025-10-26T12:41:58Z</time>
				<ele>-20000.000000</ele>
				<extensions>
					<ns3:TrackPointExtension>
						<ns3:hr>164</ns3:hr>
						<ns3:speed>0.495290</ns3:speed>
						<ns3:cad>55</ns3:cad>
					</ns3:TrackPointExtension>
				</extensions>
			</trkpt>
			<trkpt lat="-6.449987" lon="-35.664807">
				<time>2025-10-26T12:41:59Z</time>
				<ele>-20000.000000</ele>
				<extensions>
					<ns3:TrackPointExtension>
						<ns3:hr>164</ns3:hr>
						<ns3:speed>0.495290</ns3:speed>
						<ns3:cad>55</ns3:cad>
					</ns3:TrackPointExtension>
				</extensions>
			</trkpt>
			<trkpt lat="-6.449984" lon="-35.664807">
				<time>2025-10-26T12:42:00Z</time>
				<ele>-20000.000000</ele>
				<extensions>
					<ns3:TrackPointExtension>
						<ns3:hr>164</ns3:hr>
						<ns3:speed>0.495290</ns3:speed>
						<ns3:cad>54</ns3:cad>
					</ns3:TrackPointExtension>
				</extensions>
			</trkpt>
			<trkpt lat="-6.449977" lon="-35.664809">
				<time>2025-10-26T12:42:01Z</time>
				<ele>-20000.000000</ele>
				<extensions>
					<ns3:TrackPointExtension>
						<ns3:hr>164</ns3:hr>
						<ns3:speed>0.000000</ns3:speed>
						<ns3:cad>0</ns3:cad>
					</ns3:TrackPointExtension>
				</extensions>
			</trkpt>
			<trkpt lat="-6.449968" lon="-35.664813">
				<time>2025-10-26T12:42:02Z</time>
				<ele>-20000.000000</ele>
				<extensions>
					<ns3:TrackPointExtension>
						<ns3:hr>165</ns3:hr>
						<ns3:speed>0.000000</ns3:speed>
						<ns3:cad>0</ns3:cad>
					</ns3:TrackPointExtension>
				</extensions>
			</trkpt>
			<trkpt lat="-6.449955" lon="-35.664818">
				<time>2025-10-26T12:42:03Z</time>
				<ele>-20000.000000</ele>
				<extensions>
					<ns3:TrackPointExtension>
						<ns3:hr>165</ns3:hr>
						<ns3:speed>0.408830</ns3:speed>
						<ns3:cad>48</ns3:cad>
					</ns3:TrackPointExtension>
				</extensions>
			</trkpt>
			<trkpt lat="-6.449939" lon="-35.664825">
				<time>2025-10-26T12:42:04Z</time>
				<ele>-20000.000000</ele>
				<extensions>
					<ns3:TrackPointExtension>
						<ns3:hr>165</ns3:hr>
						<ns3:speed>0.408830</ns3:speed>
						<ns3:cad>48</ns3:cad>
					</ns3:TrackPointExtension>
				</extensions>
			</trkpt>
			<trkpt lat="-6.449920" lon="-35.664833">
				<time>2025-10-26T12:42:05Z</time>
				<ele>-20000.000000</ele>
				<extensions>
					<ns3:TrackPointExtension>
						<ns3:hr>165</ns3:hr>
						<ns3:speed>0.523010</ns3:speed>
						<ns3:cad>48</ns3:cad>
					</ns3:TrackPointExtension>
				</extensions>
			</trkpt>
			<trkpt lat="-6.449898" lon="-35.664845">
				<time>2025-10-26T12:42:06Z</time>
				<ele>-20000.000000</ele>
				<extensions>
					<ns3:TrackPointExtension>
						<ns3:hr>164</ns3:hr>
						<ns3:speed>0.683530</ns3:speed>
						<ns3:cad>47</ns3:cad>
					</ns3:TrackPointExtension>
				</extensions>
			</trkpt>
			<trkpt lat="-6.449875" lon="-35.664860">
				<time>2025-10-26T12:42:07Z</time>
				<ele>-20000.000000</ele>
				<extensions>
					<ns3:TrackPointExtension>
						<ns3:hr>164</ns3:hr>
						<ns3:speed>1.485880</ns3:speed>
						<ns3:cad>47</ns3:cad>
					</ns3:TrackPointExtension>
				</extensions>
			</trkpt>
			<trkpt lat="-6.449853" lon="-35.664876">
				<time>2025-10-26T12:42:08Z</time>
				<ele>-20000.000000</ele>
				<extensions>
					<ns3:TrackPointExtension>
						<ns3:hr>164</ns3:hr>
						<ns3:speed>2.487560</ns3:speed>
						<ns3:cad>47</ns3:cad>
					</ns3:TrackPointExtension>
				</extensions>
			</trkpt>
			<trkpt lat="-6.449832" lon="-35.664891">
				<time>2025-10-26T12:42:09Z</time>
				<ele>-20000.000000</ele>
				<extensions>
					<ns3:TrackPointExtension>
						<ns3:hr>164</ns3:hr>
						<ns3:speed>2.016130</ns3:speed>
						<ns3:cad>48</ns3:cad>
					</ns3:TrackPointExtension>
				</extensions>
			</trkpt>
			<trkpt lat="-6.449812" lon="-35.664907">
				<time>2025-10-26T12:42:10Z</time>
				<ele>-20000.000000</ele>
				<extensions>
					<ns3:TrackPointExtension>
						<ns3:hr>165</ns3:hr>
						<ns3:speed>1.712330</ns3:speed>
						<ns3:cad>48</ns3:cad>
					</ns3:TrackPointExtension>
				</extensions>
			</trkpt>
			<trkpt lat="-6.449792" lon="-35.664920">
				<time>2025-10-26T12:42:11Z</time>
				<ele>-20000.000000</ele>
				<extensions>
					<ns3:TrackPointExtension>
						<ns3:hr>165</ns3:hr>
						<ns3:speed>2.375300</ns3:speed>
						<ns3:cad>79</ns3:cad>
					</ns3:TrackPointExtension>
				</extensions>
			</trkpt>
			<trkpt lat="-6.449772" lon="-35.664931">
				<time>2025-10-26T12:42:12Z</time>
				<ele>-20000.000000</ele>
				<extensions>
					<ns3:TrackPointExtension>
						<ns3:hr>165</ns3:hr>
						<ns3:speed>2.624670</ns3:speed>
						<ns3:cad>79</ns3:cad>
					</ns3:TrackPointExtension>
				</extensions>
			</trkpt>
			<trkpt lat="-6.449750" lon="-35.664941">
				<time>2025-10-26T12:42:13Z</time>
				<ele>-20000.000000</ele>
				<extensions>
					<ns3:TrackPointExtension>
						<ns3:hr>164</ns3:hr>
						<ns3:speed>2.673800</ns3:speed>
						<ns3:cad>78</ns3:cad>
					</ns3:TrackPointExtension>
				</extensions>
			</trkpt>
			<trkpt lat="-6.449728" lon="-35.664948">
				<time>2025-10-26T12:42:14Z</time>
				<ele>-20000.000000</ele>
				<extensions>
					<ns3:TrackPointExtension>
						<ns3:hr>164</ns3:hr>
						<ns3:speed>2.673800</ns3:speed>
						<ns3:cad>78</ns3:cad>
					</ns3:TrackPointExtension>
				</extensions>
			</trkpt>
			<trkpt lat="-6.449705" lon="-35.664955">
				<time>2025-10-26T12:42:15Z</time>
				<ele>-20000.000000</ele>
				<extensions>
					<ns3:TrackPointExtension>
						<ns3:hr>163</ns3:hr>
						<ns3:speed>2.624670</ns3:speed>
						<ns3:cad>77</ns3:cad>
					</ns3:TrackPointExtension>
				</extensions>
			</trkpt>
			<trkpt lat="-6.449681" lon="-35.664960">
				<time>2025-10-26T12:42:16Z</time>
				<ele>-20000.000000</ele>
				<extensions>
					<ns3:TrackPointExtension>
						<ns3:hr>163</ns3:hr>
						<ns3:speed>2.570690</ns3:speed>
						<ns3:cad>78</ns3:cad>
					</ns3:TrackPointExtension>
				</extensions>
			</trkpt>
			<trkpt lat="-6.449657" lon="-35.664965">
				<time>2025-10-26T12:42:17Z</time>
				<ele>-20000.000000</ele>
				<extensions>
					<ns3:TrackPointExtension>
						<ns3:hr>164</ns3:hr>
						<ns3:speed>2.557540</ns3:speed>
						<ns3:cad>78</ns3:cad>
					</ns3:TrackPointExtension>
				</extensions>
			</trkpt>
			<trkpt lat="-6.449633" lon="-35.664969">
				<time>2025-10-26T12:42:18Z</time>
				<ele>-20000.000000</ele>
				<extensions>
					<ns3:TrackPointExtension>
						<ns3:hr>164</ns3:hr>
						<ns3:speed>2.551020</ns3:speed>
						<ns3:cad>78</ns3:cad>
					</ns3:TrackPointExtension>
				</extensions>
			</trkpt>
			<trkpt lat="-6.449608" lon="-35.664970">
				<time>2025-10-26T12:42:19Z</time>
				<ele>-20000.000000</ele>
				<extensions>
					<ns3:TrackPointExtension>
						<ns3:hr>164</ns3:hr>
						<ns3:speed>2.551020</ns3:speed>
						<ns3:cad>79</ns3:cad>
					</ns3:TrackPointExtension>
				</extensions>
			</trkpt>
			<trkpt lat="-6.449582" lon="-35.664972">
				<time>2025-10-26T12:42:20Z</time>
				<ele>-20000.000000</ele>
				<extensions>
					<ns3:TrackPointExtension>
						<ns3:hr>164</ns3:hr>
						<ns3:speed>2.551020</ns3:speed>
						<ns3:cad>79</ns3:cad>
					</ns3:TrackPointExtension>
				</extensions>
			</trkpt>
			<trkpt lat="-6.449555" lon="-35.664975">
				<time>2025-10-26T12:42:21Z</time>
				<ele>-20000.000000</ele>
				<extensions>
					<ns3:TrackPointExtension>
						<ns3:hr>164</ns3:hr>
						<ns3:speed>2.570690</ns3:speed>
						<ns3:cad>79</ns3:cad>
					</ns3:TrackPointExtension>
				</extensions>
			</trkpt>
			<trkpt lat="-6.449528" lon="-35.664978">
				<time>2025-10-26T12:42:22Z</time>
				<ele>-20000.000000</ele>
				<extensions>
					<ns3:TrackPointExtension>
						<ns3:hr>163</ns3:hr>
						<ns3:speed>2.583980</ns3:speed>
						<ns3:cad>80</ns3:cad>
					</ns3:TrackPointExtension>
				</extensions>
			</trkpt>
			<trkpt lat="-6.449499" lon="-35.664983">
				<time>2025-10-26T12:42:23Z</time>
				<ele>-20000.000000</ele>
				<extensions>
					<ns3:TrackPointExtension>
						<ns3:hr>162</ns3:hr>
						<ns3:speed>2.590670</ns3:speed>
						<ns3:cad>81</ns3:cad>
					</ns3:TrackPointExtension>
				</extensions>
			</trkpt>
			<trkpt lat="-6.449470" lon="-35.664989">
				<time>2025-10-26T12:42:24Z</time>
				<ele>-20000.000000</ele>
				<extensions>
					<ns3:TrackPointExtension>
						<ns3:hr>163</ns3:hr>
						<ns3:speed>2.624670</ns3:speed>
						<ns3:cad>81</ns3:cad>
					</ns3:TrackPointExtension>
				</extensions>
			</trkpt>
			<trkpt lat="-6.449439" lon="-35.664996">
				<time>2025-10-26T12:42:25Z</time>
				<ele>-20000.000000</ele>
				<extensions>
					<ns3:TrackPointExtension>
						<ns3:hr>165</ns3:hr>
						<ns3:speed>2.695420</ns3:speed>
						<ns3:cad>81</ns3:cad>
					</ns3:TrackPointExtension>
				</extensions>
			</trkpt>
			<trkpt lat="-6.449407" lon="-35.665002">
				<time>2025-10-26T12:42:26Z</time>
				<ele>-20000.000000</ele>
				<extensions>
					<ns3:TrackPointExtension>
						<ns3:hr>166</ns3:hr>
						<ns3:speed>2.793300</ns3:speed>
						<ns3:cad>82</ns3:cad>
					</ns3:TrackPointExtension>
				</extensions>
			</trkpt>
			<trkpt lat="-6.449375" lon="-35.665008">
				<time>2025-10-26T12:42:27Z</time>
				<ele>-20000.000000</ele>
				<extensions>
					<ns3:TrackPointExtension>
						<ns3:hr>167</ns3:hr>
						<ns3:speed>2.898550</ns3:speed>
						<ns3:cad>82</ns3:cad>
					</ns3:TrackPointExtension>
				</extensions>
			</trkpt>
			<trkpt lat="-6.449342" lon="-35.665011">
				<time>2025-10-26T12:42:28Z</time>
				<ele>-20000.000000</ele>
				<extensions>
					<ns3:TrackPointExtension>
						<ns3:hr>168</ns3:hr>
						<ns3:speed>3.012050</ns3:speed>
						<ns3:cad>82</ns3:cad>
					</ns3:TrackPointExtension>
				</extensions>
			</trkpt>
			<trkpt lat="-6.449310" lon="-35.665015">
				<time>2025-10-26T12:42:29Z</time>
				<ele>-20000.000000</ele>
				<extensions>
					<ns3:TrackPointExtension>
						<ns3:hr>169</ns3:hr>
						<ns3:speed>3.134800</ns3:speed>
						<ns3:cad>82</ns3:cad>
					</ns3:TrackPointExtension>
				</extensions>
			</trkpt>
			<trkpt lat="-6.449277" lon="-35.665018">
				<time>2025-10-26T12:42:30Z</time>
				<ele>-20000.000000</ele>
				<extensions>
					<ns3:TrackPointExtension>
						<ns3:hr>170</ns3:hr>
						<ns3:speed>3.289470</ns3:speed>
						<ns3:cad>83</ns3:cad>
					</ns3:TrackPointExtension>
				</extensions>
			</trkpt>
			<trkpt lat="-6.449243" lon="-35.665022">
				<time>2025-10-26T12:42:31Z</time>
				<ele>-20000.000000</ele>
				<extensions>
					<ns3:TrackPointExtension>
						<ns3:hr>170</ns3:hr>
						<ns3:speed>3.448280</ns3:speed>
						<ns3:cad>83</ns3:cad>
					</ns3:TrackPointExtension>
				</extensions>
			</trkpt>
			<trkpt lat="-6.449211" lon="-35.665026">
				<time>2025-10-26T12:42:32Z</time>
				<ele>-20000.000000</ele>
				<extensions>
					<ns3:TrackPointExtension>
						<ns3:hr>169</ns3:hr>
						<ns3:speed>3.571430</ns3:speed>
						<ns3:cad>83</ns3:cad>
					</ns3:TrackPointExtension>
				</extensions>
			</trkpt>
			<trkpt lat="-6.449179" lon="-35.665031">
				<time>2025-10-26T12:42:33Z</time>
				<ele>-20000.000000</ele>
				<extensions>
					<ns3:TrackPointExtension>
						<ns3:hr>168</ns3:hr>
						<ns3:speed>3.623190</ns3:speed>
						<ns3:cad>83</ns3:cad>
					</ns3:TrackPointExtension>
				</extensions>
			</trkpt>
			<trkpt lat="-6.449148" lon="-35.665038">
				<time>2025-10-26T12:42:34Z</time>
				<ele>-20000.000000</ele>
				<extensions>
					<ns3:TrackPointExtension>
						<ns3:hr>168</ns3:hr>
						<ns3:speed>3.623190</ns3:speed>
						<ns3:cad>83</ns3:cad>
					</ns3:TrackPointExtension>
				</extensions>
			</trkpt>
			<trkpt lat="-6.449114" lon="-35.665045">
				<time>2025-10-26T12:42:35Z</time>
				<ele>-20000.000000</ele>
				<extensions>
					<ns3:TrackPointExtension>
						<ns3:hr>169</ns3:hr>
						<ns3:speed>3.623190</ns3:speed>
						<ns3:cad>83</ns3:cad>
					</ns3:TrackPointExtension>
				</extensions>
			</trkpt>
			<trkpt lat="-6.449080" lon="-35.665051">
				<time>2025-10-26T12:42:36Z</time>
				<ele>-20000.000000</ele>
				<extensions>
					<ns3:TrackPointExtension>
						<ns3:hr>169</ns3:hr>
						<ns3:speed>3.623190</ns3:speed>
						<ns3:cad>81</ns3:cad>
					</ns3:TrackPointExtension>
				</extensions>
			</trkpt>
			<trkpt lat="-6.449046" lon="-35.665058">
				<time>2025-10-26T12:42:37Z</time>
				<ele>-20000.000000</ele>
				<extensions>
					<ns3:TrackPointExtension>
						<ns3:hr>170</ns3:hr>
						<ns3:speed>3.623190</ns3:speed>
						<ns3:cad>81</ns3:cad>
					</ns3:TrackPointExtension>
				</extensions>
			</trkpt>
			<trkpt lat="-6.449012" lon="-35.665063">
				<time>2025-10-26T12:42:38Z</time>
				<ele>-20000.000000</ele>
				<extensions>
					<ns3:TrackPointExtension>
						<ns3:hr>170</ns3:hr>
						<ns3:speed>3.636360</ns3:speed>
						<ns3:cad>81</ns3:cad>
					</ns3:TrackPointExtension>
				</extensions>
			</trkpt>
			<trkpt lat="-6.448979" lon="-35.665068">
				<time>2025-10-26T12:42:39Z</time>
				<ele>-20000.000000</ele>
				<extensions>
					<ns3:TrackPointExtension>
						<ns3:hr>170</ns3:hr>
						<ns3:speed>3.676470</ns3:speed>
						<ns3:cad>81</ns3:cad>
					</ns3:TrackPointExtension>
				</extensions>
			</trkpt>
			<trkpt lat="-6.448946" lon="-35.665073">
				<time>2025-10-26T12:42:40Z</time>
				<ele>-20000.000000</ele>
				<extensions>
					<ns3:TrackPointExtension>
						<ns3:hr>171</ns3:hr>
						<ns3:speed>3.676470</ns3:speed>
						<ns3:cad>82</ns3:cad>
					</ns3:TrackPointExtension>
				</extensions>
			</trkpt>
			<trkpt lat="-6.448912" lon="-35.665079">
				<time>2025-10-26T12:42:41Z</time>
				<ele>-20000.000000</ele>
				<extensions>
					<ns3:TrackPointExtension>
						<ns3:hr>171</ns3:hr>
						<ns3:speed>3.676470</ns3:speed>
						<ns3:cad>82</ns3:cad>
					</ns3:TrackPointExtension>
				</extensions>
			</trkpt>
			<trkpt lat="-6.448879" lon="-35.665084">
				<time>2025-10-26T12:42:42Z</time>
				<ele>-20000.000000</ele>
				<extensions>
					<ns3:TrackPointExtension>
						<ns3:hr>172</ns3:hr>
						<ns3:speed>3.703700</ns3:speed>
						<ns3:cad>82</ns3:cad>
					</ns3:TrackPointExtension>
				</extensions>
			</trkpt>
			<trkpt lat="-6.448845" lon="-35.665089">
				<time>2025-10-26T12:42:43Z</time>
				<ele>-20000.000000</ele>
				<extensions>
					<ns3:TrackPointExtension>
						<ns3:hr>172</ns3:hr>
						<ns3:speed>3.731340</ns3:speed>
						<ns3:cad>82</ns3:cad>
					</ns3:TrackPointExtension>
				</extensions>
			</trkpt>
			<trkpt lat="-6.448810" lon="-35.665095">
				<time>2025-10-26T12:42:44Z</time>
				<ele>-20000.000000</ele>
				<extensions>
					<ns3:TrackPointExtension>
						<ns3:hr>173</ns3:hr>
						<ns3:speed>3.759400</ns3:speed>
						<ns3:cad>80</ns3:cad>
					</ns3:TrackPointExtension>
				</extensions>
			</trkpt>
			<trkpt lat="-6.448774" lon="-35.665099">
				<time>2025-10-26T12:42:45Z</time>
				<ele>-20000.000000</ele>
				<extensions>
					<ns3:TrackPointExtension>
						<ns3:hr>173</ns3:hr>
						<ns3:speed>3.759400</ns3:speed>
						<ns3:cad>80</ns3:cad>
					</ns3:TrackPointExtension>
				</extensions>
			</trkpt>
			<trkpt lat="-6.448736" lon="-35.665104">
				<time>2025-10-26T12:42:46Z</time>
				<ele>-20000.000000</ele>
				<extensions>
					<ns3:TrackPointExtension>
						<ns3:hr>172</ns3:hr>
						<ns3:speed>3.773580</ns3:speed>
						<ns3:cad>80</ns3:cad>
					</ns3:TrackPointExtension>
				</extensions>
			</trkpt>
			<trkpt lat="-6.448698" lon="-35.665108">
				<time>2025-10-26T12:42:47Z</time>
				<ele>-20000.000000</ele>
				<extensions>
					<ns3:TrackPointExtension>
						<ns3:hr>171</ns3:hr>
						<ns3:speed>3.787880</ns3:speed>
						<ns3:cad>80</ns3:cad>
					</ns3:TrackPointExtension>
				</extensions>
			</trkpt>
			<trkpt lat="-6.448657" lon="-35.665113">
				<time>2025-10-26T12:42:48Z</time>
				<ele>-20000.000000</ele>
				<extensions>
					<ns3:TrackPointExtension>
						<ns3:hr>171</ns3:hr>
						<ns3:speed>3.787880</ns3:speed>
						<ns3:cad>80</ns3:cad>
					</ns3:TrackPointExtension>
				</extensions>
			</trkpt>
			<trkpt lat="-6.448618" lon="-35.665119">
				<time>2025-10-26T12:42:49Z</time>
				<ele>-20000.000000</ele>
				<extensions>
					<ns3:TrackPointExtension>
						<ns3:hr>171</ns3:hr>
						<ns3:speed>3.831420</ns3:speed>
						<ns3:cad>81</ns3:cad>
					</ns3:TrackPointExtension>
				</extensions>
			</trkpt>
			<trkpt lat="-6.448579" lon="-35.665127">
				<time>2025-10-26T12:42:50Z</time>
				<ele>-20000.000000</ele>
				<extensions>
					<ns3:TrackPointExtension>
						<ns3:hr>171</ns3:hr>
						<ns3:speed>3.906250</ns3:speed>
						<ns3:cad>83</ns3:cad>
					</ns3:TrackPointExtension>
				</extensions>
			</trkpt>
			<trkpt lat="-6.448541" lon="-35.665134">
				<time>2025-10-26T12:42:51Z</time>
				<ele>-20000.000000</ele>
				<extensions>
					<ns3:TrackPointExtension>
						<ns3:hr>170</ns3:hr>
						<ns3:speed>4.000000</ns3:speed>
						<ns3:cad>84</ns3:cad>
					</ns3:TrackPointExtension>
				</extensions>
			</trkpt>
			<trkpt lat="-6.448503" lon="-35.665140">
				<time>2025-10-26T12:42:52Z</time>
				<ele>-20000.000000</ele>
				<extensions>
					<ns3:TrackPointExtension>
						<ns3:hr>170</ns3:hr>
						<ns3:speed>4.132230</ns3:speed>
						<ns3:cad>84</ns3:cad>
					</ns3:TrackPointExtension>
				</extensions>
			</trkpt>
			<trkpt lat="-6.448464" lon="-35.665145">
				<time>2025-10-26T12:42:53Z</time>
				<ele>-20000.000000</ele>
				<extensions>
					<ns3:TrackPointExtension>
						<ns3:hr>170</ns3:hr>
						<ns3:speed>4.237290</ns3:speed>
						<ns3:cad>84</ns3:cad>
					</ns3:TrackPointExtension>
				</extensions>
			</trkpt>
			<trkpt lat="-6.448426" lon="-35.665149">
				<time>2025-10-26T12:42:54Z</time>
				<ele>-20000.000000</ele>
				<extensions>
					<ns3:TrackPointExtension>
						<ns3:hr>170</ns3:hr>
						<ns3:speed>4.291850</ns3:speed>
						<ns3:cad>84</ns3:cad>
					</ns3:TrackPointExtension>
				</extensions>
			</trkpt>
			<trkpt lat="-6.448390" lon="-35.665153">
				<time>2025-10-26T12:42:55Z</time>
				<ele>-20000.000000</ele>
				<extensions>
					<ns3:TrackPointExtension>
						<ns3:hr>171</ns3:hr>
						<ns3:speed>4.291850</ns3:speed>
						<ns3:cad>84</ns3:cad>
					</ns3:TrackPointExtension>
				</extensions>
			</trkpt>
			<trkpt lat="-6.448358" lon="-35.665156">
				<time>2025-10-26T12:42:56Z</time>
				<ele>-20000.000000</ele>
				<extensions>
					<ns3:TrackPointExtension>
						<ns3:hr>172</ns3:hr>
						<ns3:speed>4.310340</ns3:speed>
						<ns3:cad>83</ns3:cad>
					</ns3:TrackPointExtension>
				</extensions>
			</trkpt>
			<trkpt lat="-6.448330" lon="-35.665159">
				<time>2025-10-26T12:42:57Z</time>
				<ele>-20000.000000</ele>
				<extensions>
					<ns3:TrackPointExtension>
						<ns3:hr>172</ns3:hr>
						<ns3:speed>4.329000</ns3:speed>
						<ns3:cad>83</ns3:cad>
					</ns3:TrackPointExtension>
				</extensions>
			</trkpt>
			<trkpt lat="-6.448305" lon="-35.665164">
				<time>2025-10-26T12:42:58Z</time>
				<ele>-20000.000000</ele>
				<extensions>
					<ns3:TrackPointExtension>
						<ns3:hr>172</ns3:hr>
						<ns3:speed>4.310340</ns3:speed>
						<ns3:cad>83</ns3:cad>
					</ns3:TrackPointExtension>
				</extensions>
			</trkpt>
			<trkpt lat="-6.448281" lon="-35.665169">
				<time>2025-10-26T12:42:59Z</time>
				<ele>-20000.000000</ele>
				<extensions>
					<ns3:TrackPointExtension>
						<ns3:hr>172</ns3:hr>
						<ns3:speed>4.291850</ns3:speed>
						<ns3:cad>83</ns3:cad>
					</ns3:TrackPointExtension>
				</extensions>
			</trkpt>
			<trkpt lat="-6.448258" lon="-35.665173">
				<time>2025-10-26T12:43:00Z</time>
				<ele>-20000.000000</ele>
				<extensions>
					<ns3:TrackPointExtension>
						<ns3:hr>173</ns3:hr>
						<ns3:speed>4.291850</ns3:speed>
						<ns3:cad>83</ns3:cad>
					</ns3:TrackPointExtension>
				</extensions>
			</trkpt>
			<trkpt lat="-6.448235" lon="-35.665176">
				<time>2025-10-26T12:43:01Z</time>
				<ele>-20000.000000</ele>
				<extensions>
					<ns3:TrackPointExtension>
						<ns3:hr>173</ns3:hr>
						<ns3:speed>4.255320</ns3:speed>
						<ns3:cad>83</ns3:cad>
					</ns3:TrackPointExtension>
				</extensions>
			</trkpt>
			<trkpt lat="-6.448214" lon="-35.665179">
				<time>2025-10-26T12:43:02Z</time>
				<ele>-20000.000000</ele>
				<extensions>
					<ns3:TrackPointExtension>
						<ns3:hr>174</ns3:hr>
						<ns3:speed>3.759400</ns3:speed>
						<ns3:cad>82</ns3:cad>
					</ns3:TrackPointExtension>
				</extensions>
			</trkpt>
			<trkpt lat="-6.448193" lon="-35.665183">
				<time>2025-10-26T12:43:03Z</time>
				<ele>-20000.000000</ele>
				<extensions>
					<ns3:TrackPointExtension>
						<ns3:hr>175</ns3:hr>
						<ns3:speed>3.105590</ns3:speed>
						<ns3:cad>82</ns3:cad>
					</ns3:TrackPointExtension>
				</extensions>
			</trkpt>
			<trkpt lat="-6.448172" lon="-35.665185">
				<time>2025-10-26T12:43:04Z</time>
				<ele>-20000.000000</ele>
				<extensions>
					<ns3:TrackPointExtension>
						<ns3:hr>175</ns3:hr>
						<ns3:speed>2.865330</ns3:speed>
						<ns3:cad>82</ns3:cad>
					</ns3:TrackPointExtension>
				</extensions>
			</trkpt>
			<trkpt lat="-6.448153" lon="-35.665185">
				<time>2025-10-26T12:43:05Z</time>
				<ele>-20000.000000</ele>
				<extensions>
					<ns3:TrackPointExtension>
						<ns3:hr>177</ns3:hr>
						<ns3:speed>2.739730</ns3:speed>
						<ns3:cad>81</ns3:cad>
					</ns3:TrackPointExtension>
				</extensions>
			</trkpt>
			<trkpt lat="-6.448133" lon="-35.665184">
				<time>2025-10-26T12:43:06Z</time>
				<ele>-20000.000000</ele>
				<extensions>
					<ns3:TrackPointExtension>
						<ns3:hr>179</ns3:hr>
						<ns3:speed>2.617800</ns3:speed>
						<ns3:cad>81</ns3:cad>
					</ns3:TrackPointExtension>
				</extensions>
			</trkpt>
			<trkpt lat="-6.448113" lon="-35.665183">
				<time>2025-10-26T12:43:07Z</time>
				<ele>-20000.000000</ele>
				<extensions>
					<ns3:TrackPointExtension>
						<ns3:hr>180</ns3:hr>
						<ns3:speed>2.506270</ns3:speed>
						<ns3:cad>80</ns3:cad>
					</ns3:TrackPointExtension>
				</extensions>
			</trkpt>
			<trkpt lat="-6.448092" lon="-35.665182">
				<time>2025-10-26T12:43:08Z</time>
				<ele>-20000.000000</ele>
				<extensions>
					<ns3:TrackPointExtension>
						<ns3:hr>180</ns3:hr>
						<ns3:speed>2.403850</ns3:speed>
						<ns3:cad>80</ns3:cad>
					</ns3:TrackPointExtension>
				</extensions>
			</trkpt>
			<trkpt lat="-6.448071" lon="-35.665179">
				<time>2025-10-26T12:43:09Z</time>
				<ele>-20000.000000</ele>
				<extensions>
					<ns3:TrackPointExtension>
						<ns3:hr>181</ns3:hr>
						<ns3:speed>2.331000</ns3:speed>
						<ns3:cad>80</ns3:cad>
					</ns3:TrackPointExtension>
				</extensions>
			</trkpt>
			<trkpt lat="-6.448049" lon="-35.665176">
				<time>2025-10-26T12:43:10Z</time>
				<ele>-20000.000000</ele>
				<extensions>
					<ns3:TrackPointExtension>
						<ns3:hr>181</ns3:hr>
						<ns3:speed>2.331000</ns3:speed>
						<ns3:cad>80</ns3:cad>
					</ns3:TrackPointExtension>
				</extensions>
			</trkpt>
			<trkpt lat="-6.448027" lon="-35.665172">
				<time>2025-10-26T12:43:11Z</time>
				<ele>-20000.000000</ele>
				<extensions>
					<ns3:TrackPointExtension>
						<ns3:hr>182</ns3:hr>
						<ns3:speed>2.320190</ns3:speed>
						<ns3:cad>80</ns3:cad>
					</ns3:TrackPointExtension>
				</extensions>
			</trkpt>
			<trkpt lat="-6.448003" lon="-35.665168">
				<time>2025-10-26T12:43:12Z</time>
				<ele>-20000.000000</ele>
				<extensions>
					<ns3:TrackPointExtension>
						<ns3:hr>182</ns3:hr>
						<ns3:speed>2.320190</ns3:speed>
						<ns3:cad>80</ns3:cad>
					</ns3:TrackPointExtension>
				</extensions>
			</trkpt>
			<trkpt lat="-6.447979" lon="-35.665165">
				<time>2025-10-26T12:43:13Z</time>
				<ele>-20000.000000</ele>
				<extensions>
					<ns3:TrackPointExtension>
						<ns3:hr>181</ns3:hr>
						<ns3:speed>2.341920</ns3:speed>
						<ns3:cad>81</ns3:cad>
					</ns3:TrackPointExtension>
				</extensions>
			</trkpt>
			<trkpt lat="-6.447954" lon="-35.665163">
				<time>2025-10-26T12:43:14Z</time>
				<ele>-20000.000000</ele>
				<extensions>
					<ns3:TrackPointExtension>
						<ns3:hr>183</ns3:hr>
						<ns3:speed>2.375300</ns3:speed>
						<ns3:cad>81</ns3:cad>
					</ns3:TrackPointExtension>
				</extensions>
			</trkpt>
			<trkpt lat="-6.447929" lon="-35.665160">
				<time>2025-10-26T12:43:15Z</time>
				<ele>-20000.000000</ele>
				<extensions>
					<ns3:TrackPointExtension>
						<ns3:hr>184</ns3:hr>
						<ns3:speed>2.409640</ns3:speed>
						<ns3:cad>81</ns3:cad>
					</ns3:TrackPointExtension>
				</extensions>
			</trkpt>
			<trkpt lat="-6.447904" lon="-35.665157">
				<time>2025-10-26T12:43:16Z</time>
				<ele>-20000.000000</ele>
				<extensions>
					<ns3:TrackPointExtension>
						<ns3:hr>182</ns3:hr>
						<ns3:speed>2.469140</ns3:speed>
						<ns3:cad>81</ns3:cad>
					</ns3:TrackPointExtension>
				</extensions>
			</trkpt>
			<trkpt lat="-6.447879" lon="-35.665154">
				<time>2025-10-26T12:43:17Z</time>
				<ele>-20000.000000</ele>
				<extensions>
					<ns3:TrackPointExtension>
						<ns3:hr>182</ns3:hr>
						<ns3:speed>2.538070</ns3:speed>
						<ns3:cad>81</ns3:cad>
					</ns3:TrackPointExtension>
				</extensions>
			</trkpt>
			<trkpt lat="-6.447853" lon="-35.665148">
				<time>2025-10-26T12:43:18Z</time>
				<ele>-20000.000000</ele>
				<extensions>
					<ns3:TrackPointExtension>
						<ns3:hr>182</ns3:hr>
						<ns3:speed>2.617800</ns3:speed>
						<ns3:cad>81</ns3:cad>
					</ns3:TrackPointExtension>
				</extensions>
			</trkpt>
			<trkpt lat="-6.447826" lon="-35.665142">
				<time>2025-10-26T12:43:19Z</time>
				<ele>-20000.000000</ele>
				<extensions>
					<ns3:TrackPointExtension>
						<ns3:hr>183</ns3:hr>
						<ns3:speed>2.695420</ns3:speed>
						<ns3:cad>81</ns3:cad>
					</ns3:TrackPointExtension>
				</extensions>
			</trkpt>
			<trkpt lat="-6.447797" lon="-35.665134">
				<time>2025-10-26T12:43:20Z</time>
				<ele>-20000.000000</ele>
				<extensions>
					<ns3:TrackPointExtension>
						<ns3:hr>183</ns3:hr>
						<ns3:speed>2.762430</ns3:speed>
						<ns3:cad>81</ns3:cad>
					</ns3:TrackPointExtension>
				</extensions>
			</trkpt>
			<trkpt lat="-6.447767" lon="-35.665126">
				<time>2025-10-26T12:43:21Z</time>
				<ele>-20000.000000</ele>
				<extensions>
					<ns3:TrackPointExtension>
						<ns3:hr>183</ns3:hr>
						<ns3:speed>2.785520</ns3:speed>
						<ns3:cad>81</ns3:cad>
					</ns3:TrackPointExtension>
				</extensions>
			</trkpt>
			<trkpt lat="-6.447737" lon="-35.665119">
				<time>2025-10-26T12:43:22Z</time>
				<ele>-20000.000000</ele>
				<extensions>
					<ns3:TrackPointExtension>
						<ns3:hr>183</ns3:hr>
						<ns3:speed>2.801120</ns3:speed>
						<ns3:cad>81</ns3:cad>
					</ns3:TrackPointExtension>
				</extensions>
			</trkpt>
			<trkpt lat="-6.447707" lon="-35.665111">
				<time>2025-10-26T12:43:23Z</time>
				<ele>-20000.000000</ele>
				<extensions>
					<ns3:TrackPointExtension>
						<ns3:hr>183</ns3:hr>
						<ns3:speed>2.865330</ns3:speed>
						<ns3:cad>82</ns3:cad>
					</ns3:TrackPointExtension>
				</extensions>
			</trkpt>
			<trkpt lat="-6.447677" lon="-35.665106">
				<time>2025-10-26T12:43:24Z</time>
				<ele>-20000.000000</ele>
				<extensions>
					<ns3:TrackPointExtension>
						<ns3:hr>183</ns3:hr>
						<ns3:speed>2.967360</ns3:speed>
						<ns3:cad>82</ns3:cad>
					</ns3:TrackPointExtension>
				</extensions>
			</trkpt>
			<trkpt lat="-6.447650" lon="-35.665102">
				<time>2025-10-26T12:43:25Z</time>
				<ele>-20000.000000</ele>
				<extensions>
					<ns3:TrackPointExtension>
						<ns3:hr>183</ns3:hr>
						<ns3:speed>3.095980</ns3:speed>
						<ns3:cad>82</ns3:cad>
					</ns3:TrackPointExtension>
				</extensions>
			</trkpt>
			<trkpt lat="-6.447623" lon="-35.665099">
				<time>2025-10-26T12:43:26Z</time>
				<ele>-20000.000000</ele>
				<extensions>
					<ns3:TrackPointExtension>
						<ns3:hr>182</ns3:hr>
						<ns3:speed>3.205130</ns3:speed>
						<ns3:cad>82</ns3:cad>
					</ns3:TrackPointExtension>
				</extensions>
			</trkpt>
			<trkpt lat="-6.447597" lon="-35.665096">
				<time>2025-10-26T12:43:27Z</time>
				<ele>-20000.000000</ele>
				<extensions>
					<ns3:TrackPointExtension>
						<ns3:hr>182</ns3:hr>
						<ns3:speed>3.246750</ns3:speed>
						<ns3:cad>82</ns3:cad>
					</ns3:TrackPointExtension>
				</extensions>
			</trkpt>
			<trkpt lat="-6.447572" lon="-35.665094">
				<time>2025-10-26T12:43:28Z</time>
				<ele>-20000.000000</ele>
				<extensions>
					<ns3:TrackPointExtension>
						<ns3:hr>182</ns3:hr>
						<ns3:speed>3.246750</ns3:speed>
						<ns3:cad>82</ns3:cad>
					</ns3:TrackPointExtension>
				</extensions>
			</trkpt>
			<trkpt lat="-6.447550" lon="-35.665092">
				<time>2025-10-26T12:43:29Z</time>
				<ele>-20000.000000</ele>
				<extensions>
					<ns3:TrackPointExtension>
						<ns3:hr>182</ns3:hr>
						<ns3:speed>3.246750</ns3:speed>
						<ns3:cad>82</ns3:cad>
					</ns3:TrackPointExtension>
				</extensions>
			</trkpt>
			<trkpt lat="-6.447531" lon="-35.665092">
				<time>2025-10-26T12:43:30Z</time>
				<ele>-20000.000000</ele>
				<extensions>
					<ns3:TrackPointExtension>
						<ns3:hr>182</ns3:hr>
						<ns3:speed>3.215430</ns3:speed>
						<ns3:cad>82</ns3:cad>
					</ns3:TrackPointExtension>
				</extensions>
			</trkpt>
			<trkpt lat="-6.447514" lon="-35.665091">
				<time>2025-10-26T12:43:31Z</time>
				<ele>-20000.000000</ele>
				<extensions>
					<ns3:TrackPointExtension>
						<ns3:hr>183</ns3:hr>
						<ns3:speed>3.134800</ns3:speed>
						<ns3:cad>81</ns3:cad>
					</ns3:TrackPointExtension>
				</extensions>
			</trkpt>
			<trkpt lat="-6.447499" lon="-35.665092">
				<time>2025-10-26T12:43:32Z</time>
				<ele>-20000.000000</ele>
				<extensions>
					<ns3:TrackPointExtension>
						<ns3:hr>185</ns3:hr>
						<ns3:speed>3.039510</ns3:speed>
						<ns3:cad>81</ns3:cad>
					</ns3:TrackPointExtension>
				</extensions>
			</trkpt>
			<trkpt lat="-6.447485" lon="-35.665093">
				<time>2025-10-26T12:43:33Z</time>
				<ele>-20000.000000</ele>
				<extensions>
					<ns3:TrackPointExtension>
						<ns3:hr>185</ns3:hr>
						<ns3:speed>2.915450</ns3:speed>
						<ns3:cad>80</ns3:cad>
					</ns3:TrackPointExtension>
				</extensions>
			</trkpt>
			<trkpt lat="-6.447472" lon="-35.665094">
				<time>2025-10-26T12:43:34Z</time>
				<ele>-20000.000000</ele>
				<extensions>
					<ns3:TrackPointExtension>
						<ns3:hr>185</ns3:hr>
						<ns3:speed>2.631580</ns3:speed>
						<ns3:cad>80</ns3:cad>
					</ns3:TrackPointExtension>
				</extensions>
			</trkpt>
			<trkpt lat="-6.447460" lon="-35.665095">
				<time>2025-10-26T12:43:35Z</time>
				<ele>-20000.000000</ele>
				<extensions>
					<ns3:TrackPointExtension>
						<ns3:hr>185</ns3:hr>
						<ns3:speed>2.227170</ns3:speed>
						<ns3:cad>79</ns3:cad>
					</ns3:TrackPointExtension>
				</extensions>
			</trkpt>
			<trkpt lat="-6.447449" lon="-35.665094">
				<time>2025-10-26T12:43:36Z</time>
				<ele>-20000.000000</ele>
				<extensions>
					<ns3:TrackPointExtension>
						<ns3:hr>185</ns3:hr>
						<ns3:speed>1.724140</ns3:speed>
						<ns3:cad>78</ns3:cad>
					</ns3:TrackPointExtension>
				</extensions>
			</trkpt>
			<trkpt lat="-6.447438" lon="-35.665094">
				<time>2025-10-26T12:43:37Z</time>
				<ele>-20000.000000</ele>
				<extensions>
					<ns3:TrackPointExtension>
						<ns3:hr>186</ns3:hr>
						<ns3:speed>1.485880</ns3:speed>
						<ns3:cad>78</ns3:cad>
					</ns3:TrackPointExtension>
				</extensions>
			</trkpt>
			<trkpt lat="-6.447427" lon="-35.665094">
				<time>2025-10-26T12:43:38Z</time>
				<ele>-20000.000000</ele>
				<extensions>
					<ns3:TrackPointExtension>
						<ns3:hr>186</ns3:hr>
						<ns3:speed>1.501500</ns3:speed>
						<ns3:cad>77</ns3:cad>
					</ns3:TrackPointExtension>
				</extensions>
			</trkpt>
			<trkpt lat="-6.447415" lon="-35.665094">
				<time>2025-10-26T12:43:39Z</time>
				<ele>-20000.000000</ele>
				<extensions>
					<ns3:TrackPointExtension>
						<ns3:hr>185</ns3:hr>
						<ns3:speed>1.418440</ns3:speed>
						<ns3:cad>54</ns3:cad>
					</ns3:TrackPointExtension>
				</extensions>
			</trkpt>
			<trkpt lat="-6.447403" lon="-35.665094">
				<time>2025-10-26T12:43:40Z</time>
				<ele>-20000.000000</ele>
				<extensions>
					<ns3:TrackPointExtension>
						<ns3:hr>184</ns3:hr>
						<ns3:speed>1.349530</ns3:speed>
						<ns3:cad>54</ns3:cad>
					</ns3:TrackPointExtension>
				</extensions>
			</trkpt>
			<trkpt lat="-6.447391" lon="-35.665094">
				<time>2025-10-26T12:43:41Z</time>
				<ele>-20000.000000</ele>
				<extensions>
					<ns3:TrackPointExtension>
						<ns3:hr>184</ns3:hr>
						<ns3:speed>1.305480</ns3:speed>
						<ns3:cad>53</ns3:cad>
					</ns3:TrackPointExtension>
				</extensions>
			</trkpt>
			<trkpt lat="-6.447379" lon="-35.665093">
				<time>2025-10-26T12:43:42Z</time>
				<ele>-20000.000000</ele>
				<extensions>
					<ns3:TrackPointExtension>
						<ns3:hr>184</ns3:hr>
						<ns3:speed>1.305480</ns3:speed>
						<ns3:cad>53</ns3:cad>
					</ns3:TrackPointExtension>
				</extensions>
			</trkpt>
			<trkpt lat="-6.447367" lon="-35.665092">
				<time>2025-10-26T12:43:43Z</time>
				<ele>-20000.000000</ele>
				<extensions>
					<ns3:TrackPointExtension>
						<ns3:hr>183</ns3:hr>
						<ns3:speed>1.307190</ns3:speed>
						<ns3:cad>53</ns3:cad>
					</ns3:TrackPointExtension>
				</extensions>
			</trkpt>
			<trkpt lat="-6.447355" lon="-35.665090">
				<time>2025-10-26T12:43:44Z</time>
				<ele>-20000.000000</ele>
				<extensions>
					<ns3:TrackPointExtension>
						<ns3:hr>182</ns3:hr>
						<ns3:speed>1.303780</ns3:speed>
						<ns3:cad>53</ns3:cad>
					</ns3:TrackPointExtension>
				</extensions>
			</trkpt>
			<trkpt lat="-6.447343" lon="-35.665089">
				<time>2025-10-26T12:43:45Z</time>
				<ele>-20000.000000</ele>
				<extensions>
					<ns3:TrackPointExtension>
						<ns3:hr>182</ns3:hr>
						<ns3:speed>1.314060</ns3:speed>
						<ns3:cad>54</ns3:cad>
					</ns3:TrackPointExtension>
				</extensions>
			</trkpt>
			<trkpt lat="-6.447331" lon="-35.665087">
				<time>2025-10-26T12:43:46Z</time>
				<ele>-20000.000000</ele>
				<extensions>
					<ns3:TrackPointExtension>
						<ns3:hr>182</ns3:hr>
						<ns3:speed>1.322750</ns3:speed>
						<ns3:cad>55</ns3:cad>
					</ns3:TrackPointExtension>
				</extensions>
			</trkpt>
			<trkpt lat="-6.447320" lon="-35.665085">
				<time>2025-10-26T12:43:47Z</time>
				<ele>-20000.000000</ele>
				<extensions>
					<ns3:TrackPointExtension>
						<ns3:hr>182</ns3:hr>
						<ns3:speed>1.322750</ns3:speed>
						<ns3:cad>55</ns3:cad>
					</ns3:TrackPointExtension>
				</extensions>
			</trkpt>
			<trkpt lat="-6.447308" lon="-35.665083">
				<time>2025-10-26T12:43:48Z</time>
				<ele>-20000.000000</ele>
				<extensions>
					<ns3:TrackPointExtension>
						<ns3:hr>182</ns3:hr>
						<ns3:speed>1.335110</ns3:speed>
						<ns3:cad>55</ns3:cad>
					</ns3:TrackPointExtension>
				</extensions>
			</trkpt>
			<trkpt lat="-6.447298" lon="-35.665080">
				<time>2025-10-26T12:43:49Z</time>
				<ele>-20000.000000</ele>
				<extensions>
					<ns3:TrackPointExtension>
						<ns3:hr>181</ns3:hr>
						<ns3:speed>1.340480</ns3:speed>
						<ns3:cad>55</ns3:cad>
					</ns3:TrackPointExtension>
				</extensions>
			</trkpt>
			<trkpt lat="-6.447287" lon="-35.665079">
				<time>2025-10-26T12:43:50Z</time>
				<ele>-20000.000000</ele>
				<extensions>
					<ns3:TrackPointExtension>
						<ns3:hr>180</ns3:hr>
						<ns3:speed>1.333330</ns3:speed>
						<ns3:cad>54</ns3:cad>
					</ns3:TrackPointExtension>
				</extensions>
			</trkpt>
			<trkpt lat="-6.447277" lon="-35.665077">
				<time>2025-10-26T12:43:51Z</time>
				<ele>-20000.000000</ele>
				<extensions>
					<ns3:TrackPointExtension>
						<ns3:hr>180</ns3:hr>
						<ns3:speed>1.326260</ns3:speed>
						<ns3:cad>54</ns3:cad>
					</ns3:TrackPointExtension>
				</extensions>
			</trkpt>
			<trkpt lat="-6.447267" lon="-35.665076">
				<time>2025-10-26T12:43:52Z</time>
				<ele>-20000.000000</ele>
				<extensions>
					<ns3:TrackPointExtension>
						<ns3:hr>182</ns3:hr>
						<ns3:speed>1.324500</ns3:speed>
						<ns3:cad>54</ns3:cad>
					</ns3:TrackPointExtension>
				</extensions>
			</trkpt>
			<trkpt lat="-6.447257" lon="-35.665075">
				<time>2025-10-26T12:43:53Z</time>
				<ele>-20000.000000</ele>
				<extensions>
					<ns3:TrackPointExtension>
						<ns3:hr>182</ns3:hr>
						<ns3:speed>1.310620</ns3:speed>
						<ns3:cad>54</ns3:cad>
					</ns3:TrackPointExtension>
				</extensions>
			</trkpt>
			<trkpt lat="-6.447247" lon="-35.665074">
				<time>2025-10-26T12:43:54Z</time>
				<ele>-20000.000000</ele>
				<extensions>
					<ns3:TrackPointExtension>
						<ns3:hr>182</ns3:hr>
						<ns3:speed>1.288660</ns3:speed>
						<ns3:cad>54</ns3:cad>
					</ns3:TrackPointExtension>
				</extensions>
			</trkpt>
			<trkpt lat="-6.447237" lon="-35.665073">
				<time>2025-10-26T12:43:55Z</time>
				<ele>-20000.000000</ele>
				<extensions>
					<ns3:TrackPointExtension>
						<ns3:hr>182</ns3:hr>
						<ns3:speed>1.265820</ns3:speed>
						<ns3:cad>54</ns3:cad>
					</ns3:TrackPointExtension>
				</extensions>
			</trkpt>
			<trkpt lat="-6.447227" lon="-35.665071">
				<time>2025-10-26T12:43:56Z</time>
				<ele>-20000.000000</ele>
				<extensions>
					<ns3:TrackPointExtension>
						<ns3:hr>180</ns3:hr>
						<ns3:speed>1.239160</ns3:speed>
						<ns3:cad>54</ns3:cad>
					</ns3:TrackPointExtension>
				</extensions>
			</trkpt>
			<trkpt lat="-6.447218" lon="-35.665070">
				<time>2025-10-26T12:43:57Z</time>
				<ele>-20000.000000</ele>
				<extensions>
					<ns3:TrackPointExtension>
						<ns3:hr>179</ns3:hr>
						<ns3:speed>1.215070</ns3:speed>
						<ns3:cad>54</ns3:cad>
					</ns3:TrackPointExtension>
				</extensions>
			</trkpt>
			<trkpt lat="-6.447208" lon="-35.665067">
				<time>2025-10-26T12:43:58Z</time>
				<ele>-20000.000000</ele>
				<extensions>
					<ns3:TrackPointExtension>
						<ns3:hr>178</ns3:hr>
						<ns3:speed>1.199040</ns3:speed>
						<ns3:cad>54</ns3:cad>
					</ns3:TrackPointExtension>
				</extensions>
			</trkpt>
			<trkpt lat="-6.447198" lon="-35.665064">
				<time>2025-10-26T12:43:59Z</time>
				<ele>-20000.000000</ele>
				<extensions>
					<ns3:TrackPointExtension>
						<ns3:hr>178</ns3:hr>
						<ns3:speed>1.193320</ns3:speed>
						<ns3:cad>54</ns3:cad>
					</ns3:TrackPointExtension>
				</extensions>
			</trkpt>
			<trkpt lat="-6.447184" lon="-35.665062">
				<time>2025-10-26T12:44:00Z</time>
				<ele>-20000.000000</ele>
				<extensions>
					<ns3:TrackPointExtension>
						<ns3:hr>177</ns3:hr>
						<ns3:speed>1.190480</ns3:speed>
						<ns3:cad>55</ns3:cad>
					</ns3:TrackPointExtension>
				</extensions>
			</trkpt>
			<trkpt lat="-6.447167" lon="-35.665060">
				<time>2025-10-26T12:44:01Z</time>
				<ele>-20000.000000</ele>
				<extensions>
					<ns3:TrackPointExtension>
						<ns3:hr>175</ns3:hr>
						<ns3:speed>1.189060</ns3:speed>
						<ns3:cad>55</ns3:cad>
					</ns3:TrackPointExtension>
				</extensions>
			</trkpt>
			<trkpt lat="-6.447148" lon="-35.665056">
				<time>2025-10-26T12:44:02Z</time>
				<ele>-20000.000000</ele>
				<extensions>
					<ns3:TrackPointExtension>
						<ns3:hr>175</ns3:hr>
						<ns3:speed>1.189060</ns3:speed>
						<ns3:cad>55</ns3:cad>
					</ns3:TrackPointExtension>
				</extensions>
			</trkpt>
			<trkpt lat="-6.447126" lon="-35.665053">
				<time>2025-10-26T12:44:03Z</time>
				<ele>-20000.000000</ele>
				<extensions>
					<ns3:TrackPointExtension>
						<ns3:hr>175</ns3:hr>
						<ns3:speed>1.197600</ns3:speed>
						<ns3:cad>55</ns3:cad>
					</ns3:TrackPointExtension>
				</extensions>
			</trkpt>
			<trkpt lat="-6.447105" lon="-35.665047">
				<time>2025-10-26T12:44:04Z</time>
				<ele>-20000.000000</ele>
				<extensions>
					<ns3:TrackPointExtension>
						<ns3:hr>176</ns3:hr>
						<ns3:speed>1.250000</ns3:speed>
						<ns3:cad>55</ns3:cad>
					</ns3:TrackPointExtension>
				</extensions>
			</trkpt>
			<trkpt lat="-6.447085" lon="-35.665038">
				<time>2025-10-26T12:44:05Z</time>
				<ele>-20000.000000</ele>
				<extensions>
					<ns3:TrackPointExtension>
						<ns3:hr>177</ns3:hr>
						<ns3:speed>1.477100</ns3:speed>
						<ns3:cad>78</ns3:cad>
					</ns3:TrackPointExtension>
				</extensions>
			</trkpt>
			<trkpt lat="-6.447067" lon="-35.665026">
				<time>2025-10-26T12:44:06Z</time>
				<ele>-20000.000000</ele>
				<extensions>
					<ns3:TrackPointExtension>
						<ns3:hr>177</ns3:hr>
						<ns3:speed>1.858740</ns3:speed>
						<ns3:cad>77</ns3:cad>
					</ns3:TrackPointExtension>
				</extensions>
			</trkpt>
			<trkpt lat="-6.447057" lon="-35.665004">
				<time>2025-10-26T12:44:07Z</time>
				<ele>-20000.000000</ele>
				<extensions>
					<ns3:TrackPointExtension>
						<ns3:hr>178</ns3:hr>
						<ns3:speed>2.207510</ns3:speed>
						<ns3:cad>77</ns3:cad>
					</ns3:TrackPointExtension>
				</extensions>
			</trkpt>
			<trkpt lat="-6.447054" lon="-35.664976">
				<time>2025-10-26T12:44:08Z</time>
				<ele>-20000.000000</ele>
				<extensions>
					<ns3:TrackPointExtension>
						<ns3:hr>178</ns3:hr>
						<ns3:speed>2.386630</ns3:speed>
						<ns3:cad>77</ns3:cad>
					</ns3:TrackPointExtension>
				</extensions>
			</trkpt>
			<trkpt lat="-6.447052" lon="-35.664947">
				<time>2025-10-26T12:44:09Z</time>
				<ele>-20000.000000</ele>
				<extensions>
					<ns3:TrackPointExtension>
						<ns3:hr>176</ns3:hr>
						<ns3:speed>2.409640</ns3:speed>
						<ns3:cad>77</ns3:cad>
					</ns3:TrackPointExtension>
				</extensions>
			</trkpt>
			<trkpt lat="-6.447053" lon="-35.664916">
				<time>2025-10-26T12:44:10Z</time>
				<ele>-20000.000000</ele>
				<extensions>
					<ns3:TrackPointExtension>
						<ns3:hr>176</ns3:hr>
						<ns3:speed>2.398080</ns3:speed>
						<ns3:cad>77</ns3:cad>
					</ns3:TrackPointExtension>
				</extensions>
			</trkpt>
			<trkpt lat="-6.447054" lon="-35.664885">
				<time>2025-10-26T12:44:11Z</time>
				<ele>-20000.000000</ele>
				<extensions>
					<ns3:TrackPointExtension>
						<ns3:hr>177</ns3:hr>
						<ns3:speed>2.415460</ns3:speed>
						<ns3:cad>77</ns3:cad>
					</ns3:TrackPointExtension>
				</extensions>
			</trkpt>
			<trkpt lat="-6.447055" lon="-35.664857">
				<time>2025-10-26T12:44:12Z</time>
				<ele>-20000.000000</ele>
				<extensions>
					<ns3:TrackPointExtension>
						<ns3:hr>178</ns3:hr>
						<ns3:speed>2.570690</ns3:speed>
						<ns3:cad>77</ns3:cad>
					</ns3:TrackPointExtension>
				</extensions>
			</trkpt>
			<trkpt lat="-6.447059" lon="-35.664835">
				<time>2025-10-26T12:44:13Z</time>
				<ele>-20000.000000</ele>
				<extensions>
					<ns3:TrackPointExtension>
						<ns3:hr>177</ns3:hr>
						<ns3:speed>2.865330</ns3:speed>
						<ns3:cad>77</ns3:cad>
					</ns3:TrackPointExtension>
				</extensions>
			</trkpt>
			<trkpt lat="-6.447062" lon="-35.664822">
				<time>2025-10-26T12:44:14Z</time>
				<ele>-20000.000000</ele>
				<extensions>
					<ns3:TrackPointExtension>
						<ns3:hr>177</ns3:hr>
						<ns3:speed>3.105590</ns3:speed>
						<ns3:cad>78</ns3:cad>
					</ns3:TrackPointExtension>
				</extensions>
			</trkpt>
			<trkpt lat="-6.447064" lon="-35.664817">
				<time>2025-10-26T12:44:15Z</time>
				<ele>-20000.000000</ele>
				<extensions>
					<ns3:TrackPointExtension>
						<ns3:hr>177</ns3:hr>
						<ns3:speed>3.184710</ns3:speed>
						<ns3:cad>79</ns3:cad>
					</ns3:TrackPointExtension>
				</extensions>
			</trkpt>
			<trkpt lat="-6.447065" lon="-35.664816">
				<time>2025-10-26T12:44:16Z</time>
				<ele>-20000.000000</ele>
				<extensions>
					<ns3:TrackPointExtension>
						<ns3:hr>177</ns3:hr>
						<ns3:speed>3.184710</ns3:speed>
						<ns3:cad>79</ns3:cad>
					</ns3:TrackPointExtension>
				</extensions>
			</trkpt>
			<trkpt lat="-6.447064" lon="-35.664820">
				<time>2025-10-26T12:44:16Z</time>
				<ele>-20000.000000</ele>
				<extensions>
					<ns3:TrackPointExtension>
						<ns3:hr>177</ns3:hr>
						<ns3:speed>3.184710</ns3:speed>
						<ns3:cad>79</ns3:cad>
					</ns3:TrackPointExtension>
				</extensions>
			</trkpt>
			<trkpt lat="-6.447062" lon="-35.664826">
				<time>2025-10-26T12:44:17Z</time>
				<ele>-20000.000000</ele>
				<extensions>
					<ns3:TrackPointExtension>
						<ns3:hr>176</ns3:hr>
						<ns3:speed>2.994010</ns3:speed>
						<ns3:cad>79</ns3:cad>
					</ns3:TrackPointExtension>
				</extensions>
			</trkpt>
			<trkpt lat="-6.447058" lon="-35.664833">
				<time>2025-10-26T12:44:19Z</time>
				<ele>-20000.000000</ele>
				<extensions>
					<ns3:TrackPointExtension>
						<ns3:hr>174</ns3:hr>
						<ns3:speed>0.890470</ns3:speed>
						<ns3:cad>77</ns3:cad>
					</ns3:TrackPointExtension>
				</extensions>
			</trkpt>
			<trkpt lat="-6.447051" lon="-35.664845">
				<time>2025-10-26T12:44:20Z</time>
				<ele>-20000.000000</ele>
				<extensions>
					<ns3:TrackPointExtension>
						<ns3:hr>173</ns3:hr>
						<ns3:speed>0.890470</ns3:speed>
						<ns3:cad>75</ns3:cad>
					</ns3:TrackPointExtension>
				</extensions>
			</trkpt>
			<trkpt lat="-6.447044" lon="-35.664858">
				<time>2025-10-26T12:44:21Z</time>
				<ele>-20000.000000</ele>
				<extensions>
					<ns3:TrackPointExtension>
						<ns3:hr>172</ns3:hr>
						<ns3:speed>1.006040</ns3:speed>
						<ns3:cad>75</ns3:cad>
					</ns3:TrackPointExtension>
				</extensions>
			</trkpt>
			<trkpt lat="-6.447035" lon="-35.664873">
				<time>2025-10-26T12:44:22Z</time>
				<ele>-20000.000000</ele>
				<extensions>
					<ns3:TrackPointExtension>
						<ns3:hr>173</ns3:hr>
						<ns3:speed>1.128670</ns3:speed>
						<ns3:cad>76</ns3:cad>
					</ns3:TrackPointExtension>
				</extensions>
			</trkpt>
			<trkpt lat="-6.447024" lon="-35.664890">
				<time>2025-10-26T12:44:23Z</time>
				<ele>-20000.000000</ele>
				<extensions>
					<ns3:TrackPointExtension>
						<ns3:hr>173</ns3:hr>
						<ns3:speed>1.128670</ns3:speed>
						<ns3:cad>76</ns3:cad>
					</ns3:TrackPointExtension>
				</extensions>
			</trkpt>
			<trkpt lat="-6.447012" lon="-35.664908">
				<time>2025-10-26T12:44:24Z</time>
				<ele>-20000.000000</ele>
				<extensions>
					<ns3:TrackPointExtension>
						<ns3:hr>173</ns3:hr>
						<ns3:speed>1.131220</ns3:speed>
						<ns3:cad>80</ns3:cad>
					</ns3:TrackPointExtension>
				</extensions>
			</trkpt>
			<trkpt lat="-6.446997" lon="-35.664929">
				<time>2025-10-26T12:44:25Z</time>
				<ele>-20000.000000</ele>
				<extensions>
					<ns3:TrackPointExtension>
						<ns3:hr>172</ns3:hr>
						<ns3:speed>1.176470</ns3:speed>
						<ns3:cad>81</ns3:cad>
					</ns3:TrackPointExtension>
				</extensions>
			</trkpt>
			<trkpt lat="-6.446982" lon="-35.664948">
				<time>2025-10-26T12:44:25Z</time>
				<ele>-20000.000000</ele>
				<extensions>
					<ns3:TrackPointExtension>
						<ns3:hr>172</ns3:hr>
						<ns3:speed>1.176470</ns3:speed>
						<ns3:cad>81</ns3:cad>
					</ns3:TrackPointExtension>
				</extensions>
			</trkpt>
			<trkpt lat="-6.446964" lon="-35.664967">
				<time>2025-10-26T12:44:27Z</time>
				<ele>-20000.000000</ele>
				<extensions>
					<ns3:TrackPointExtension>
						<ns3:hr>171</ns3:hr>
						<ns3:speed>2.118640</ns3:speed>
						<ns3:cad>81</ns3:cad>
					</ns3:TrackPointExtension>
				</extensions>
			</trkpt>
			<trkpt lat="-6.446945" lon="-35.664981">
				<time>2025-10-26T12:44:28Z</time>
				<ele>-20000.000000</ele>
				<extensions>
					<ns3:TrackPointExtension>
						<ns3:hr>171</ns3:hr>
						<ns3:speed>2.118640</ns3:speed>
						<ns3:cad>81</ns3:cad>
					</ns3:TrackPointExtension>
				</extensions>
			</trkpt>
			<trkpt lat="-6.446925" lon="-35.664994">
				<time>2025-10-26T12:44:29Z</time>
				<ele>-20000.000000</ele>
				<extensions>
					<ns3:TrackPointExtension>
						<ns3:hr>171</ns3:hr>
						<ns3:speed>2.433090</ns3:speed>
						<ns3:cad>81</ns3:cad>
					</ns3:TrackPointExtension>
				</extensions>
			</trkpt>
			<trkpt lat="-6.446906" lon="-35.665005">
				<time>2025-10-26T12:44:29Z</time>
				<ele>-20000.000000</ele>
				<extensions>
					<ns3:TrackPointExtension>
						<ns3:hr>171</ns3:hr>
						<ns3:speed>2.433090</ns3:speed>
						<ns3:cad>81</ns3:cad>
					</ns3:TrackPointExtension>
				</extensions>
			</trkpt>
			<trkpt lat="-6.446887" lon="-35.665013">
				<time>2025-10-26T12:44:31Z</time>
				<ele>-20000.000000</ele>
				<extensions>
					<ns3:TrackPointExtension>
						<ns3:hr>171</ns3:hr>
						<ns3:speed>2.544530</ns3:speed>
						<ns3:cad>80</ns3:cad>
					</ns3:TrackPointExtension>
				</extensions>
			</trkpt>
			<trkpt lat="-6.446868" lon="-35.665020">
				<time>2025-10-26T12:44:32Z</time>
				<ele>-20000.000000</ele>
				<extensions>
					<ns3:TrackPointExtension>
						<ns3:hr>171</ns3:hr>
						<ns3:speed>2.481390</ns3:speed>
						<ns3:cad>80</ns3:cad>
					</ns3:TrackPointExtension>
				</extensions>
			</trkpt>
			<trkpt lat="-6.446846" lon="-35.665028">
				<time>2025-10-26T12:44:33Z</time>
				<ele>-20000.000000</ele>
				<extensions>
					<ns3:TrackPointExtension>
						<ns3:hr>172</ns3:hr>
						<ns3:speed>2.450980</ns3:speed>
						<ns3:cad>79</ns3:cad>
					</ns3:TrackPointExtension>
				</extensions>
			</trkpt>
			<trkpt lat="-6.446822" lon="-35.665036">
				<time>2025-10-26T12:44:34Z</time>
				<ele>-20000.000000</ele>
				<extensions>
					<ns3:TrackPointExtension>
						<ns3:hr>172</ns3:hr>
						<ns3:speed>2.450980</ns3:speed>
						<ns3:cad>77</ns3:cad>
					</ns3:TrackPointExtension>
				</extensions>
			</trkpt>
			<trkpt lat="-6.446795" lon="-35.665044">
				<time>2025-10-26T12:44:35Z</time>
				<ele>-20000.000000</ele>
				<extensions>
					<ns3:TrackPointExtension>
						<ns3:hr>171</ns3:hr>
						<ns3:speed>2.450980</ns3:speed>
						<ns3:cad>77</ns3:cad>
					</ns3:TrackPointExtension>
				</extensions>
			</trkpt>
			<trkpt lat="-6.446767" lon="-35.665054">
				<time>2025-10-26T12:44:36Z</time>
				<ele>-20000.000000</ele>
				<extensions>
					<ns3:TrackPointExtension>
						<ns3:hr>172</ns3:hr>
						<ns3:speed>2.409640</ns3:speed>
						<ns3:cad>77</ns3:cad>
					</ns3:TrackPointExtension>
				</extensions>
			</trkpt>
			<trkpt lat="-6.446738" lon="-35.665061">
				<time>2025-10-26T12:44:37Z</time>
				<ele>-20000.000000</ele>
				<extensions>
					<ns3:TrackPointExtension>
						<ns3:hr>171</ns3:hr>
						<ns3:speed>2.506270</ns3:speed>
						<ns3:cad>78</ns3:cad>
					</ns3:TrackPointExtension>
				</extensions>
			</trkpt>
			<trkpt lat="-6.446712" lon="-35.665068">
				<time>2025-10-26T12:44:38Z</time>
				<ele>-20000.000000</ele>
				<extensions>
					<ns3:TrackPointExtension>
						<ns3:hr>171</ns3:hr>
						<ns3:speed>2.762430</ns3:speed>
						<ns3:cad>79</ns3:cad>
					</ns3:TrackPointExtension>
				</extensions>
			</trkpt>
			<trkpt lat="-6.446688" lon="-35.665073">
				<time>2025-10-26T12:44:39Z</time>
				<ele>-20000.000000</ele>
				<extensions>
					<ns3:TrackPointExtension>
						<ns3:hr>171</ns3:hr>
						<ns3:speed>2.967360</ns3:speed>
						<ns3:cad>79</ns3:cad>
					</ns3:TrackPointExtension>
				</extensions>
			</trkpt>
			<trkpt lat="-6.446665" lon="-35.665076">
				<time>2025-10-26T12:44:40Z</time>
				<ele>-20000.000000</ele>
				<extensions>
					<ns3:TrackPointExtension>
						<ns3:hr>171</ns3:hr>
						<ns3:speed>3.012050</ns3:speed>
						<ns3:cad>80</ns3:cad>
					</ns3:TrackPointExtension>
				</extensions>
			</trkpt>
			<trkpt lat="-6.446641" lon="-35.665075">
				<time>2025-10-26T12:44:41Z</time>
				<ele>-20000.000000</ele>
				<extensions>
					<ns3:TrackPointExtension>
						<ns3:hr>171</ns3:hr>
						<ns3:speed>3.012050</ns3:speed>
						<ns3:cad>80</ns3:cad>
					</ns3:TrackPointExtension>
				</extensions>
			</trkpt>
			<trkpt lat="-6.446616" lon="-35.665071">
				<time>2025-10-26T12:44:41Z</time>
				<ele>-20000.000000</ele>
				<extensions>
					<ns3:TrackPointExtension>
						<ns3:hr>171</ns3:hr>
						<ns3:speed>3.012050</ns3:speed>
						<ns3:cad>80</ns3:cad>
					</ns3:TrackPointExtension>
				</extensions>
			</trkpt>
			<trkpt lat="-6.446589" lon="-35.665068">
				<time>2025-10-26T12:44:43Z</time>
				<ele>-20000.000000</ele>
				<extensions>
					<ns3:TrackPointExtension>
						<ns3:hr>172</ns3:hr>
						<ns3:speed>2.906980</ns3:speed>
						<ns3:cad>80</ns3:cad>
					</ns3:TrackPointExtension>
				</extensions>
			</trkpt>
			<trkpt lat="-6.446561" lon="-35.665064">
				<time>2025-10-26T12:44:44Z</time>
				<ele>-20000.000000</ele>
				<extensions>
					<ns3:TrackPointExtension>
						<ns3:hr>173</ns3:hr>
						<ns3:speed>2.865330</ns3:speed>
						<ns3:cad>80</ns3:cad>
					</ns3:TrackPointExtension>
				</extensions>
			</trkpt>
			<trkpt lat="-6.446533" lon="-35.665058">
				<time>2025-10-26T12:44:45Z</time>
				<ele>-20000.000000</ele>
				<extensions>
					<ns3:TrackPointExtension>
						<ns3:hr>174</ns3:hr>
						<ns3:speed>2.865330</ns3:speed>
						<ns3:cad>80</ns3:cad>
					</ns3:TrackPointExtension>
				</extensions>
			</trkpt>
			<trkpt lat="-6.446506" lon="-35.665052">
				<time>2025-10-26T12:44:46Z</time>
				<ele>-20000.000000</ele>
				<extensions>
					<ns3:TrackPointExtension>
						<ns3:hr>174</ns3:hr>
						<ns3:speed>2.881840</ns3:speed>
						<ns3:cad>81</ns3:cad>
					</ns3:TrackPointExtension>
				</extensions>
			</trkpt>
			<trkpt lat="-6.446481" lon="-35.665043">
				<time>2025-10-26T12:44:46Z</time>
				<ele>-20000.000000</ele>
				<extensions>
					<ns3:TrackPointExtension>
						<ns3:hr>174</ns3:hr>
						<ns3:speed>2.881840</ns3:speed>
						<ns3:cad>81</ns3:cad>
					</ns3:TrackPointExtension>
				</extensions>
			</trkpt>
			<trkpt lat="-6.446458" lon="-35.665032">
				<time>2025-10-26T12:44:48Z</time>
				<ele>-20000.000000</ele>
				<extensions>
					<ns3:TrackPointExtension>
						<ns3:hr>175</ns3:hr>
						<ns3:speed>3.003000</ns3:speed>
						<ns3:cad>81</ns3:cad>
					</ns3:TrackPointExtension>
				</extensions>
			</trkpt>
			<trkpt lat="-6.446435" lon="-35.665020">
				<time>2025-10-26T12:44:48Z</time>
				<ele>-20000.000000</ele>
				<extensions>
					<ns3:TrackPointExtension>
						<ns3:hr>175</ns3:hr>
						<ns3:speed>3.003000</ns3:speed>
						<ns3:cad>81</ns3:cad>
					</ns3:TrackPointExtension>
				</extensions>
			</trkpt>
			<trkpt lat="-6.446413" lon="-35.665006">
				<time>2025-10-26T12:44:49Z</time>
				<ele>-20000.000000</ele>
				<extensions>
					<ns3:TrackPointExtension>
						<ns3:hr>175</ns3:hr>
						<ns3:speed>3.021150</ns3:speed>
						<ns3:cad>81</ns3:cad>
					</ns3:TrackPointExtension>
				</extensions>
			</trkpt>
			<trkpt lat="-6.446393" lon="-35.664991">
				<time>2025-10-26T12:44:51Z</time>
				<ele>-20000.000000</ele>
				<extensions>
					<ns3:TrackPointExtension>
						<ns3:hr>176</ns3:hr>
						<ns3:speed>3.021150</ns3:speed>
						<ns3:cad>81</ns3:cad>
					</ns3:TrackPointExtension>
				</extensions>
			</trkpt>
			<trkpt lat="-6.446376" lon="-35.664972">
				<time>2025-10-26T12:44:52Z</time>
				<ele>-20000.000000</ele>
				<extensions>
					<ns3:TrackPointExtension>
						<ns3:hr>176</ns3:hr>
						<ns3:speed>3.012050</ns3:speed>
						<ns3:cad>81</ns3:cad>
					</ns3:TrackPointExtension>
				</extensions>
			</trkpt>
			<trkpt lat="-6.446360" lon="-35.664953">
				<time>2025-10-26T12:44:53Z</time>
				<ele>-20000.000000</ele>
				<extensions>
					<ns3:TrackPointExtension>
						<ns3:hr>177</ns3:hr>
						<ns3:speed>2.976190</ns3:speed>
						<ns3:cad>80</ns3:cad>
					</ns3:TrackPointExtension>
				</extensions>
			</trkpt>
			<trkpt lat="-6.446346" lon="-35.664933">
				<time>2025-10-26T12:44:54Z</time>
				<ele>-20000.000000</ele>
				<extensions>
					<ns3:TrackPointExtension>
						<ns3:hr>177</ns3:hr>
						<ns3:speed>2.949850</ns3:speed>
						<ns3:cad>80</ns3:cad>
					</ns3:TrackPointExtension>
				</extensions>
			</trkpt>
			<trkpt lat="-6.446331" lon="-35.664913">
				<time>2025-10-26T12:44:55Z</time>
				<ele>-20000.000000</ele>
				<extensions>
					<ns3:TrackPointExtension>
						<ns3:hr>177</ns3:hr>
						<ns3:speed>2.949850</ns3:speed>
						<ns3:cad>78</ns3:cad>
					</ns3:TrackPointExtension>
				</extensions>
			</trkpt>
			<trkpt lat="-6.446316" lon="-35.664895">
				<time>2025-10-26T12:44:55Z</time>
				<ele>-20000.000000</ele>
				<extensions>
					<ns3:TrackPointExtension>
						<ns3:hr>177</ns3:hr>
						<ns3:speed>2.949850</ns3:speed>
						<ns3:cad>78</ns3:cad>
					</ns3:TrackPointExtension>
				</extensions>
			</trkpt>
			<trkpt lat="-6.446302" lon="-35.664880">
				<time>2025-10-26T12:44:57Z</time>
				<ele>-20000.000000</ele>
				<extensions>
					<ns3:TrackPointExtension>
						<ns3:hr>177</ns3:hr>
						<ns3:speed>2.932550</ns3:speed>
						<ns3:cad>76</ns3:cad>
					</ns3:TrackPointExtension>
				</extensions>
			</trkpt>
			<trkpt lat="-6.446289" lon="-35.664869">
				<time>2025-10-26T12:44:57Z</time>
				<ele>-20000.000000</ele>
				<extensions>
					<ns3:TrackPointExtension>
						<ns3:hr>177</ns3:hr>
						<ns3:speed>2.932550</ns3:speed>
						<ns3:cad>76</ns3:cad>
					</ns3:TrackPointExtension>
				</extensions>
			</trkpt>
			<trkpt lat="-6.446277" lon="-35.664860">
				<time>2025-10-26T12:44:58Z</time>
				<ele>-20000.000000</ele>
				<extensions>
					<ns3:TrackPointExtension>
						<ns3:hr>177</ns3:hr>
						<ns3:speed>2.923980</ns3:speed>
						<ns3:cad>75</ns3:cad>
					</ns3:TrackPointExtension>
				</extensions>
			</trkpt>
			<trkpt lat="-6.446265" lon="-35.664854">
				<time>2025-10-26T12:45:00Z</time>
				<ele>-20000.000000</ele>
				<extensions>
					<ns3:TrackPointExtension>
						<ns3:hr>176</ns3:hr>
						<ns3:speed>2.570690</ns3:speed>
						<ns3:cad>75</ns3:cad>
					</ns3:TrackPointExtension>
				</extensions>
			</trkpt>
			<trkpt lat="-6.446257" lon="-35.664851">
				<time>2025-10-26T12:45:00Z</time>
				<ele>-20000.000000</ele>
				<extensions>
					<ns3:TrackPointExtension>
						<ns3:hr>176</ns3:hr>
						<ns3:speed>2.570690</ns3:speed>
						<ns3:cad>75</ns3:cad>
					</ns3:TrackPointExtension>
				</extensions>
			</trkpt>
			<trkpt lat="-6.446247" lon="-35.664851">
				<time>2025-10-26T12:45:02Z</time>
				<ele>-20000.000000</ele>
				<extensions>
					<ns3:TrackPointExtension>
						<ns3:hr>177</ns3:hr>
						<ns3:speed>1.703580</ns3:speed>
						<ns3:cad>74</ns3:cad>
					</ns3:TrackPointExtension>
				</extensions>
			</trkpt>
			<trkpt lat="-6.446235" lon="-35.664853">
				<time>2025-10-26T12:45:02Z</time>
				<ele>-20000.000000</ele>
				<extensions>
					<ns3:TrackPointExtension>
						<ns3:hr>177</ns3:hr>
						<ns3:speed>1.703580</ns3:speed>
						<ns3:cad>74</ns3:cad>
					</ns3:TrackPointExtension>
				</extensions>
			</trkpt>
			<trkpt lat="-6.446219" lon="-35.664858">
				<time>2025-10-26T12:45:03Z</time>
				<ele>-20000.000000</ele>
				<extensions>
					<ns3:TrackPointExtension>
						<ns3:hr>176</ns3:hr>
						<ns3:speed>1.243780</ns3:speed>
						<ns3:cad>72</ns3:cad>
					</ns3:TrackPointExtension>
				</extensions>
			</trkpt>
			<trkpt lat="-6.446200" lon="-35.664864">
				<time>2025-10-26T12:45:04Z</time>
				<ele>-20000.000000</ele>
				<extensions>
					<ns3:TrackPointExtension>
						<ns3:hr>177</ns3:hr>
						<ns3:speed>1.251560</ns3:speed>
						<ns3:cad>70</ns3:cad>
					</ns3:TrackPointExtension>
				</extensions>
			</trkpt>
			<trkpt lat="-6.446178" lon="-35.664870">
				<time>2025-10-26T12:45:06Z</time>
				<ele>-20000.000000</ele>
				<extensions>
					<ns3:TrackPointExtension>
						<ns3:hr>177</ns3:hr>
						<ns3:speed>1.355010</ns3:speed>
						<ns3:cad>61</ns3:cad>
					</ns3:TrackPointExtension>
				</extensions>
			</trkpt>
			<trkpt lat="-6.446152" lon="-35.664874">
				<time>2025-10-26T12:45:07Z</time>
				<ele>-20000.000000</ele>
				<extensions>
					<ns3:TrackPointExtension>
						<ns3:hr>177</ns3:hr>
						<ns3:speed>1.466280</ns3:speed>
						<ns3:cad>61</ns3:cad>
					</ns3:TrackPointExtension>
				</extensions>
			</trkpt>
			<trkpt lat="-6.446123" lon="-35.664879">
				<time>2025-10-26T12:45:08Z</time>
				<ele>-20000.000000</ele>
				<extensions>
					<ns3:TrackPointExtension>
						<ns3:hr>178</ns3:hr>
						<ns3:speed>1.785710</ns3:speed>
						<ns3:cad>63</ns3:cad>
					</ns3:TrackPointExtension>
				</extensions>
			</trkpt>
			<trkpt lat="-6.446097" lon="-35.664883">
				<time>2025-10-26T12:45:09Z</time>
				<ele>-20000.000000</ele>
				<extensions>
					<ns3:TrackPointExtension>
						<ns3:hr>177</ns3:hr>
						<ns3:speed>2.183410</ns3:speed>
						<ns3:cad>63</ns3:cad>
					</ns3:TrackPointExtension>
				</extensions>
			</trkpt>
			<trkpt lat="-6.446071" lon="-35.664886">
				<time>2025-10-26T12:45:10Z</time>
				<ele>-20000.000000</ele>
				<extensions>
					<ns3:TrackPointExtension>
						<ns3:hr>177</ns3:hr>
						<ns3:speed>2.525250</ns3:speed>
						<ns3:cad>64</ns3:cad>
					</ns3:TrackPointExtension>
				</extensions>
			</trkpt>
			<trkpt lat="-6.446046" lon="-35.664888">
				<time>2025-10-26T12:45:10Z</time>
				<ele>-20000.000000</ele>
				<extensions>
					<ns3:TrackPointExtension>
						<ns3:hr>177</ns3:hr>
						<ns3:speed>2.525250</ns3:speed>
						<ns3:cad>64</ns3:cad>
					</ns3:TrackPointExtension>
				</extensions>
			</trkpt>
			<trkpt lat="-6.446023" lon="-35.664888">
				<time>2025-10-26T12:45:12Z</time>
				<ele>-20000.000000</ele>
				<extensions>
					<ns3:TrackPointExtension>
						<ns3:hr>176</ns3:hr>
						<ns3:speed>2.816900</ns3:speed>
						<ns3:cad>79</ns3:cad>
					</ns3:TrackPointExtension>
				</extensions>
			</trkpt>
			<trkpt lat="-6.446001" lon="-35.664884">
				<time>2025-10-26T12:45:13Z</time>
				<ele>-20000.000000</ele>
				<extensions>
					<ns3:TrackPointExtension>
						<ns3:hr>176</ns3:hr>
						<ns3:speed>2.840910</ns3:speed>
						<ns3:cad>78</ns3:cad>
					</ns3:TrackPointExtension>
				</extensions>
			</trkpt>
			<trkpt lat="-6.445980" lon="-35.664882">
				<time>2025-10-26T12:45:13Z</time>
				<ele>-20000.000000</ele>
				<extensions>
					<ns3:TrackPointExtension>
						<ns3:hr>176</ns3:hr>
						<ns3:speed>2.840910</ns3:speed>
						<ns3:cad>78</ns3:cad>
					</ns3:TrackPointExtension>
				</extensions>
			</trkpt>
			<trkpt lat="-6.445960" lon="-35.664881">
				<time>2025-10-26T12:45:14Z</time>
				<ele>-20000.000000</ele>
				<extensions>
					<ns3:TrackPointExtension>
						<ns3:hr>176</ns3:hr>
						<ns3:speed>2.840910</ns3:speed>
						<ns3:cad>77</ns3:cad>
					</ns3:TrackPointExtension>
				</extensions>
			</trkpt>
			<trkpt lat="-6.445941" lon="-35.664879">
				<time>2025-10-26T12:45:16Z</time>
				<ele>-20000.000000</ele>
				<extensions>
					<ns3:TrackPointExtension>
						<ns3:hr>176</ns3:hr>
						<ns3:speed>2.610970</ns3:speed>
						<ns3:cad>76</ns3:cad>
					</ns3:TrackPointExtension>
				</extensions>
			</trkpt>
			<trkpt lat="-6.445921" lon="-35.664878">
				<time>2025-10-26T12:45:16Z</time>
				<ele>-20000.000000</ele>
				<extensions>
					<ns3:TrackPointExtension>
						<ns3:hr>176</ns3:hr>
						<ns3:speed>2.610970</ns3:speed>
						<ns3:cad>76</ns3:cad>
					</ns3:TrackPointExtension>
				</extensions>
			</trkpt>
			<trkpt lat="-6.445901" lon="-35.664876">
				<time>2025-10-26T12:45:18Z</time>
				<ele>-20000.000000</ele>
				<extensions>
					<ns3:TrackPointExtension>
						<ns3:hr>177</ns3:hr>
						<ns3:speed>2.463050</ns3:speed>
						<ns3:cad>75</ns3:cad>
					</ns3:TrackPointExtension>
				</extensions>
			</trkpt>
			<trkpt lat="-6.445882" lon="-35.664871">
				<time>2025-10-26T12:45:19Z</time>
				<ele>-20000.000000</ele>
				<extensions>
					<ns3:TrackPointExtension>
						<ns3:hr>178</ns3:hr>
						<ns3:speed>2.392340</ns3:speed>
						<ns3:cad>75</ns3:cad>
					</ns3:TrackPointExtension>
				</extensions>
			</trkpt>
			<trkpt lat="-6.445862" lon="-35.664863">
				<time>2025-10-26T12:45:20Z</time>
				<ele>-20000.000000</ele>
				<extensions>
					<ns3:TrackPointExtension>
						<ns3:hr>179</ns3:hr>
						<ns3:speed>2.304150</ns3:speed>
						<ns3:cad>75</ns3:cad>
					</ns3:TrackPointExtension>
				</extensions>
			</trkpt>
			<trkpt lat="-6.445844" lon="-35.664852">
				<time>2025-10-26T12:45:21Z</time>
				<ele>-20000.000000</ele>
				<extensions>
					<ns3:TrackPointExtension>
						<ns3:hr>179</ns3:hr>
						<ns3:speed>2.252250</ns3:speed>
						<ns3:cad>76</ns3:cad>
					</ns3:TrackPointExtension>
				</extensions>
			</trkpt>
			<trkpt lat="-6.445827" lon="-35.664839">
				<time>2025-10-26T12:45:22Z</time>
				<ele>-20000.000000</ele>
				<extensions>
					<ns3:TrackPointExtension>
						<ns3:hr>178</ns3:hr>
						<ns3:speed>2.252250</ns3:speed>
						<ns3:cad>76</ns3:cad>
					</ns3:TrackPointExtension>
				</extensions>
			</trkpt>
			<trkpt lat="-6.445814" lon="-35.664819">
				<time>2025-10-26T12:45:23Z</time>
				<ele>-20000.000000</ele>
				<extensions>
					<ns3:TrackPointExtension>
						<ns3:hr>178</ns3:hr>
						<ns3:speed>2.237140</ns3:speed>
						<ns3:cad>77</ns3:cad>
					</ns3:TrackPointExtension>
				</extensions>
			</trkpt>
			<trkpt lat="-6.445800" lon="-35.664797">
				<time>2025-10-26T12:45:24Z</time>
				<ele>-20000.000000</ele>
				<extensions>
					<ns3:TrackPointExtension>
						<ns3:hr>178</ns3:hr>
						<ns3:speed>2.237140</ns3:speed>
						<ns3:cad>77</ns3:cad>
					</ns3:TrackPointExtension>
				</extensions>
			</trkpt>
			<trkpt lat="-6.445787" lon="-35.664777">
				<time>2025-10-26T12:45:25Z</time>
				<ele>-20000.000000</ele>
				<extensions>
					<ns3:TrackPointExtension>
						<ns3:hr>178</ns3:hr>
						<ns3:speed>2.262440</ns3:speed>
						<ns3:cad>77</ns3:cad>
					</ns3:TrackPointExtension>
				</extensions>
			</trkpt>
			<trkpt lat="-6.445776" lon="-35.664756">
				<time>2025-10-26T12:45:26Z</time>
				<ele>-20000.000000</ele>
				<extensions>
					<ns3:TrackPointExtension>
						<ns3:hr>178</ns3:hr>
						<ns3:speed>2.314810</ns3:speed>
						<ns3:cad>77</ns3:cad>
					</ns3:TrackPointExtension>
				</extensions>
			</trkpt>
			<trkpt lat="-6.445771" lon="-35.664737">
				<time>2025-10-26T12:45:27Z</time>
				<ele>-20000.000000</ele>
				<extensions>
					<ns3:TrackPointExtension>
						<ns3:hr>179</ns3:hr>
						<ns3:speed>2.398080</ns3:speed>
						<ns3:cad>76</ns3:cad>
					</ns3:TrackPointExtension>
				</extensions>
			</trkpt>
			<trkpt lat="-6.445767" lon="-35.664720">
				<time>2025-10-26T12:45:28Z</time>
				<ele>-20000.000000</ele>
				<extensions>
					<ns3:TrackPointExtension>
						<ns3:hr>178</ns3:hr>
						<ns3:speed>2.450980</ns3:speed>
						<ns3:cad>76</ns3:cad>
					</ns3:TrackPointExtension>
				</extensions>
			</trkpt>
			<trkpt lat="-6.445764" lon="-35.664706">
				<time>2025-10-26T12:45:29Z</time>
				<ele>-20000.000000</ele>
				<extensions>
					<ns3:TrackPointExtension>
						<ns3:hr>177</ns3:hr>
						<ns3:speed>2.457000</ns3:speed>
						<ns3:cad>76</ns3:cad>
					</ns3:TrackPointExtension>
				</extensions>
			</trkpt>
			<trkpt lat="-6.445760" lon="-35.664696">
				<time>2025-10-26T12:45:30Z</time>
				<ele>-20000.000000</ele>
				<extensions>
					<ns3:TrackPointExtension>
						<ns3:hr>176</ns3:hr>
						<ns3:speed>2.398080</ns3:speed>
						<ns3:cad>76</ns3:cad>
					</ns3:TrackPointExtension>
				</extensions>
			</trkpt>
			<trkpt lat="-6.445756" lon="-35.664692">
				<time>2025-10-26T12:45:31Z</time>
				<ele>-20000.000000</ele>
				<extensions>
					<ns3:TrackPointExtension>
						<ns3:hr>176</ns3:hr>
						<ns3:speed>2.192980</ns3:speed>
						<ns3:cad>74</ns3:cad>
					</ns3:TrackPointExtension>
				</extensions>
			</trkpt>
			<trkpt lat="-6.445754" lon="-35.664690">
				<time>2025-10-26T12:45:32Z</time>
				<ele>-20000.000000</ele>
				<extensions>
					<ns3:TrackPointExtension>
						<ns3:hr>176</ns3:hr>
						<ns3:speed>0.000000</ns3:speed>
						<ns3:cad>72</ns3:cad>
					</ns3:TrackPointExtension>
				</extensions>
			</trkpt>
			<trkpt lat="-6.445753" lon="-35.664689">
				<time>2025-10-26T12:45:33Z</time>
				<ele>-20000.000000</ele>
				<extensions>
					<ns3:TrackPointExtension>
						<ns3:hr>177</ns3:hr>
						<ns3:speed>0.000000</ns3:speed>
						<ns3:cad>0</ns3:cad>
					</ns3:TrackPointExtension>
				</extensions>
			</trkpt>
			<trkpt lat="-6.445751" lon="-35.664693">
				<time>2025-10-26T12:45:34Z</time>
				<ele>-20000.000000</ele>
				<extensions>
					<ns3:TrackPointExtension>
						<ns3:hr>177</ns3:hr>
						<ns3:speed>0.000000</ns3:speed>
						<ns3:cad>0</ns3:cad>
					</ns3:TrackPointExtension>
				</extensions>
			</trkpt>
			<trkpt lat="-6.445747" lon="-35.664697">
				<time>2025-10-26T12:45:35Z</time>
				<ele>-20000.000000</ele>
				<extensions>
					<ns3:TrackPointExtension>
						<ns3:hr>177</ns3:hr>
						<ns3:speed>0.000000</ns3:speed>
						<ns3:cad>0</ns3:cad>
					</ns3:TrackPointExtension>
				</extensions>
			</trkpt>
			<trkpt lat="-6.445741" lon="-35.664701">
				<time>2025-10-26T12:45:36Z</time>
				<ele>-20000.000000</ele>
				<extensions>
					<ns3:TrackPointExtension>
						<ns3:hr>177</ns3:hr>
						<ns3:speed>0.746830</ns3:speed>
						<ns3:cad>61</ns3:cad>
					</ns3:TrackPointExtension>
				</extensions>
			</trkpt>
			<trkpt lat="-6.445732" lon="-35.664702">
				<time>2025-10-26T12:45:37Z</time>
				<ele>-20000.000000</ele>
				<extensions>
					<ns3:TrackPointExtension>
						<ns3:hr>178</ns3:hr>
						<ns3:speed>0.954200</ns3:speed>
						<ns3:cad>66</ns3:cad>
					</ns3:TrackPointExtension>
				</extensions>
			</trkpt>
			<trkpt lat="-6.445723" lon="-35.664698">
				<time>2025-10-26T12:45:38Z</time>
				<ele>-20000.000000</ele>
				<extensions>
					<ns3:TrackPointExtension>
						<ns3:hr>180</ns3:hr>
						<ns3:speed>1.207730</ns3:speed>
						<ns3:cad>71</ns3:cad>
					</ns3:TrackPointExtension>
				</extensions>
			</trkpt>
			<trkpt lat="-6.445717" lon="-35.664692">
				<time>2025-10-26T12:45:39Z</time>
				<ele>-20000.000000</ele>
				<extensions>
					<ns3:TrackPointExtension>
						<ns3:hr>180</ns3:hr>
						<ns3:speed>1.117320</ns3:speed>
						<ns3:cad>71</ns3:cad>
					</ns3:TrackPointExtension>
				</extensions>
			</trkpt>
			<trkpt lat="-6.445714" lon="-35.664688">
				<time>2025-10-26T12:45:40Z</time>
				<ele>-20000.000000</ele>
				<extensions>
					<ns3:TrackPointExtension>
						<ns3:hr>179</ns3:hr>
						<ns3:speed>1.029870</ns3:speed>
						<ns3:cad>72</ns3:cad>
					</ns3:TrackPointExtension>
				</extensions>
			</trkpt>
			<trkpt lat="-6.445715" lon="-35.664685">
				<time>2025-10-26T12:45:41Z</time>
				<ele>-20000.000000</ele>
				<extensions>
					<ns3:TrackPointExtension>
						<ns3:hr>176</ns3:hr>
						<ns3:speed>1.022490</ns3:speed>
						<ns3:cad>72</ns3:cad>
					</ns3:TrackPointExtension>
				</extensions>
			</trkpt>
			<trkpt lat="-6.445716" lon="-35.664683">
				<time>2025-10-26T12:45:42Z</time>
				<ele>-20000.000000</ele>
				<extensions>
					<ns3:TrackPointExtension>
						<ns3:hr>175</ns3:hr>
						<ns3:speed>0.968990</ns3:speed>
						<ns3:cad>72</ns3:cad>
					</ns3:TrackPointExtension>
				</extensions>
			</trkpt>
			<trkpt lat="-6.445716" lon="-35.664680">
				<time>2025-10-26T12:45:43Z</time>
				<ele>-20000.000000</ele>
				<extensions>
					<ns3:TrackPointExtension>
						<ns3:hr>175</ns3:hr>
						<ns3:speed>0.896060</ns3:speed>
						<ns3:cad>72</ns3:cad>
					</ns3:TrackPointExtension>
				</extensions>
			</trkpt>
			<trkpt lat="-6.445715" lon="-35.664676">
				<time>2025-10-26T12:45:44Z</time>
				<ele>-20000.000000</ele>
				<extensions>
					<ns3:TrackPointExtension>
						<ns3:hr>175</ns3:hr>
						<ns3:speed>0.812350</ns3:speed>
						<ns3:cad>72</ns3:cad>
					</ns3:TrackPointExtension>
				</extensions>
			</trkpt>
			<trkpt lat="-6.445715" lon="-35.664670">
				<time>2025-10-26T12:45:45Z</time>
				<ele>-20000.000000</ele>
				<extensions>
					<ns3:TrackPointExtension>
						<ns3:hr>174</ns3:hr>
						<ns3:speed>0.757580</ns3:speed>
						<ns3:cad>72</ns3:cad>
					</ns3:TrackPointExtension>
				</extensions>
			</trkpt>
			<trkpt lat="-6.445714" lon="-35.664663">
				<time>2025-10-26T12:45:46Z</time>
				<ele>-20000.000000</ele>
				<extensions>
					<ns3:TrackPointExtension>
						<ns3:hr>173</ns3:hr>
						<ns3:speed>0.785550</ns3:speed>
						<ns3:cad>69</ns3:cad>
					</ns3:TrackPointExtension>
				</extensions>
			</trkpt>
			<trkpt lat="-6.445714" lon="-35.664657">
				<time>2025-10-26T12:45:47Z</time>
				<ele>-20000.000000</ele>
				<extensions>
					<ns3:TrackPointExtension>
						<ns3:hr>174</ns3:hr>
						<ns3:speed>0.785550</ns3:speed>
						<ns3:cad>68</ns3:cad>
					</ns3:TrackPointExtension>
				</extensions>
			</trkpt>
			<trkpt lat="-6.445712" lon="-35.664651">
				<time>2025-10-26T12:45:48Z</time>
				<ele>-20000.000000</ele>
				<extensions>
					<ns3:TrackPointExtension>
						<ns3:hr>174</ns3:hr>
						<ns3:speed>0.806450</ns3:speed>
						<ns3:cad>68</ns3:cad>
					</ns3:TrackPointExtension>
				</extensions>
			</trkpt>
			<trkpt lat="-6.445709" lon="-35.664645">
				<time>2025-10-26T12:45:49Z</time>
				<ele>-20000.000000</ele>
				<extensions>
					<ns3:TrackPointExtension>
						<ns3:hr>173</ns3:hr>
						<ns3:speed>0.755290</ns3:speed>
						<ns3:cad>69</ns3:cad>
					</ns3:TrackPointExtension>
				</extensions>
			</trkpt>
			<trkpt lat="-6.445708" lon="-35.664640">
				<time>2025-10-26T12:45:50Z</time>
				<ele>-20000.000000</ele>
				<extensions>
					<ns3:TrackPointExtension>
						<ns3:hr>172</ns3:hr>
						<ns3:speed>0.692520</ns3:speed>
						<ns3:cad>68</ns3:cad>
					</ns3:TrackPointExtension>
				</extensions>
			</trkpt>
			<trkpt lat="-6.445709" lon="-35.664635">
				<time>2025-10-26T12:45:51Z</time>
				<ele>-20000.000000</ele>
				<extensions>
					<ns3:TrackPointExtension>
						<ns3:hr>172</ns3:hr>
						<ns3:speed>0.701260</ns3:speed>
						<ns3:cad>68</ns3:cad>
					</ns3:TrackPointExtension>
				</extensions>
			</trkpt>
			<trkpt lat="-6.445710" lon="-35.664629">
				<time>2025-10-26T12:45:52Z</time>
				<ele>-20000.000000</ele>
				<extensions>
					<ns3:TrackPointExtension>
						<ns3:hr>171</ns3:hr>
						<ns3:speed>0.701260</ns3:speed>
						<ns3:cad>67</ns3:cad>
					</ns3:TrackPointExtension>
				</extensions>
			</trkpt>
			<trkpt lat="-6.445712" lon="-35.664622">
				<time>2025-10-26T12:45:53Z</time>
				<ele>-20000.000000</ele>
				<extensions>
					<ns3:TrackPointExtension>
						<ns3:hr>170</ns3:hr>
						<ns3:speed>0.704720</ns3:speed>
						<ns3:cad>64</ns3:cad>
					</ns3:TrackPointExtension>
				</extensions>
			</trkpt>
			<trkpt lat="-6.445715" lon="-35.664616">
				<time>2025-10-26T12:45:54Z</time>
				<ele>-20000.000000</ele>
				<extensions>
					<ns3:TrackPointExtension>
						<ns3:hr>169</ns3:hr>
						<ns3:speed>0.708220</ns3:speed>
						<ns3:cad>64</ns3:cad>
					</ns3:TrackPointExtension>
				</extensions>
			</trkpt>
			<trkpt lat="-6.445716" lon="-35.664607">
				<time>2025-10-26T12:45:55Z</time>
				<ele>-20000.000000</ele>
				<extensions>
					<ns3:TrackPointExtension>
						<ns3:hr>169</ns3:hr>
						<ns3:speed>0.715310</ns3:speed>
						<ns3:cad>62</ns3:cad>
					</ns3:TrackPointExtension>
				</extensions>
			</trkpt>
			<trkpt lat="-6.445714" lon="-35.664599">
				<time>2025-10-26T12:45:56Z</time>
				<ele>-20000.000000</ele>
				<extensions>
					<ns3:TrackPointExtension>
						<ns3:hr>169</ns3:hr>
						<ns3:speed>0.728860</ns3:speed>
						<ns3:cad>62</ns3:cad>
					</ns3:TrackPointExtension>
				</extensions>
			</trkpt>
			<trkpt lat="-6.445714" lon="-35.664591">
				<time>2025-10-26T12:45:57Z</time>
				<ele>-20000.000000</ele>
				<extensions>
					<ns3:TrackPointExtension>
						<ns3:hr>169</ns3:hr>
						<ns3:speed>0.740190</ns3:speed>
						<ns3:cad>61</ns3:cad>
					</ns3:TrackPointExtension>
				</extensions>
			</trkpt>
			<trkpt lat="-6.445714" lon="-35.664583">
				<time>2025-10-26T12:45:58Z</time>
				<ele>-20000.000000</ele>
				<extensions>
					<ns3:TrackPointExtension>
						<ns3:hr>169</ns3:hr>
						<ns3:speed>0.765110</ns3:speed>
						<ns3:cad>60</ns3:cad>
					</ns3:TrackPointExtension>
				</extensions>
			</trkpt>
			<trkpt lat="-6.445714" lon="-35.664576">
				<time>2025-10-26T12:45:59Z</time>
				<ele>-20000.000000</ele>
				<extensions>
					<ns3:TrackPointExtension>
						<ns3:hr>167</ns3:hr>
						<ns3:speed>0.792390</ns3:speed>
						<ns3:cad>60</ns3:cad>
					</ns3:TrackPointExtension>
				</extensions>
			</trkpt>
			<trkpt lat="-6.445715" lon="-35.664569">
				<time>2025-10-26T12:46:00Z</time>
				<ele>-20000.000000</ele>
				<extensions>
					<ns3:TrackPointExtension>
						<ns3:hr>167</ns3:hr>
						<ns3:speed>0.799360</ns3:speed>
						<ns3:cad>51</ns3:cad>
					</ns3:TrackPointExtension>
				</extensions>
			</trkpt>
			<trkpt lat="-6.445716" lon="-35.664561">
				<time>2025-10-26T12:46:01Z</time>
				<ele>-20000.000000</ele>
				<extensions>
					<ns3:TrackPointExtension>
						<ns3:hr>167</ns3:hr>
						<ns3:speed>0.800000</ns3:speed>
						<ns3:cad>51</ns3:cad>
					</ns3:TrackPointExtension>
				</extensions>
			</trkpt>
			<trkpt lat="-6.445718" lon="-35.664554">
				<time>2025-10-26T12:46:02Z</time>
				<ele>-20000.000000</ele>
				<extensions>
					<ns3:TrackPointExtension>
						<ns3:hr>167</ns3:hr>
						<ns3:speed>0.803860</ns3:speed>
						<ns3:cad>52</ns3:cad>
					</ns3:TrackPointExtension>
				</extensions>
			</trkpt>
			<trkpt lat="-6.445720" lon="-35.664547">
				<time>2025-10-26T12:46:03Z</time>
				<ele>-20000.000000</ele>
				<extensions>
					<ns3:TrackPointExtension>
						<ns3:hr>167</ns3:hr>
						<ns3:speed>0.803860</ns3:speed>
						<ns3:cad>52</ns3:cad>
					</ns3:TrackPointExtension>
				</extensions>
			</trkpt>
			<trkpt lat="-6.445723" lon="-35.664541">
				<time>2025-10-26T12:46:04Z</time>
				<ele>-20000.000000</ele>
				<extensions>
					<ns3:TrackPointExtension>
						<ns3:hr>166</ns3:hr>
						<ns3:speed>0.785550</ns3:speed>
						<ns3:cad>54</ns3:cad>
					</ns3:TrackPointExtension>
				</extensions>
			</trkpt>
			<trkpt lat="-6.445725" lon="-35.664534">
				<time>2025-10-26T12:46:05Z</time>
				<ele>-20000.000000</ele>
				<extensions>
					<ns3:TrackPointExtension>
						<ns3:hr>166</ns3:hr>
						<ns3:speed>0.758150</ns3:speed>
						<ns3:cad>55</ns3:cad>
					</ns3:TrackPointExtension>
				</extensions>
			</trkpt>
			<trkpt lat="-6.445727" lon="-35.664526">
				<time>2025-10-26T12:46:06Z</time>
				<ele>-20000.000000</ele>
				<extensions>
					<ns3:TrackPointExtension>
						<ns3:hr>166</ns3:hr>
						<ns3:speed>0.745710</ns3:speed>
						<ns3:cad>55</ns3:cad>
					</ns3:TrackPointExtension>
				</extensions>
			</trkpt>
			<trkpt lat="-6.445731" lon="-35.664519">
				<time>2025-10-26T12:46:07Z</time>
				<ele>-20000.000000</ele>
				<extensions>
					<ns3:TrackPointExtension>
						<ns3:hr>166</ns3:hr>
						<ns3:speed>0.742940</ns3:speed>
						<ns3:cad>55</ns3:cad>
					</ns3:TrackPointExtension>
				</extensions>
			</trkpt>
			<trkpt lat="-6.445734" lon="-35.664511">
				<time>2025-10-26T12:46:08Z</time>
				<ele>-20000.000000</ele>
				<extensions>
					<ns3:TrackPointExtension>
						<ns3:hr>167</ns3:hr>
						<ns3:speed>0.747940</ns3:speed>
						<ns3:cad>55</ns3:cad>
					</ns3:TrackPointExtension>
				</extensions>
			</trkpt>
			<trkpt lat="-6.445737" lon="-35.664503">
				<time>2025-10-26T12:46:09Z</time>
				<ele>-20000.000000</ele>
				<extensions>
					<ns3:TrackPointExtension>
						<ns3:hr>167</ns3:hr>
						<ns3:speed>0.755290</ns3:speed>
						<ns3:cad>54</ns3:cad>
					</ns3:TrackPointExtension>
				</extensions>
			</trkpt>
			<trkpt lat="-6.445743" lon="-35.664493">
				<time>2025-10-26T12:46:10Z</time>
				<ele>-20000.000000</ele>
				<extensions>
					<ns3:TrackPointExtension>
						<ns3:hr>167</ns3:hr>
						<ns3:speed>0.762200</ns3:speed>
						<ns3:cad>53</ns3:cad>
					</ns3:TrackPointExtension>
				</extensions>
			</trkpt>
			<trkpt lat="-6.445750" lon="-35.664482">
				<time>2025-10-26T12:46:11Z</time>
				<ele>-20000.000000</ele>
				<extensions>
					<ns3:TrackPointExtension>
						<ns3:hr>168</ns3:hr>
						<ns3:speed>0.781860</ns3:speed>
						<ns3:cad>53</ns3:cad>
					</ns3:TrackPointExtension>
				</extensions>
			</trkpt>
			<trkpt lat="-6.445757" lon="-35.664471">
				<time>2025-10-26T12:46:12Z</time>
				<ele>-20000.000000</ele>
				<extensions>
					<ns3:TrackPointExtension>
						<ns3:hr>169</ns3:hr>
						<ns3:speed>0.747940</ns3:speed>
						<ns3:cad>53</ns3:cad>
					</ns3:TrackPointExtension>
				</extensions>
			</trkpt>
			<trkpt lat="-6.445767" lon="-35.664461">
				<time>2025-10-26T12:46:13Z</time>
				<ele>-20000.000000</ele>
				<extensions>
					<ns3:TrackPointExtension>
						<ns3:hr>170</ns3:hr>
						<ns3:speed>0.709220</ns3:speed>
						<ns3:cad>54</ns3:cad>
					</ns3:TrackPointExtension>
				</extensions>
			</trkpt>
			<trkpt lat="-6.445781" lon="-35.664454">
				<time>2025-10-26T12:46:14Z</time>
				<ele>-20000.000000</ele>
				<extensions>
					<ns3:TrackPointExtension>
						<ns3:hr>169</ns3:hr>
						<ns3:speed>0.726740</ns3:speed>
						<ns3:cad>45</ns3:cad>
					</ns3:TrackPointExtension>
				</extensions>
			</trkpt>
			<trkpt lat="-6.445795" lon="-35.664450">
				<time>2025-10-26T12:46:15Z</time>
				<ele>-20000.000000</ele>
				<extensions>
					<ns3:TrackPointExtension>
						<ns3:hr>168</ns3:hr>
						<ns3:speed>0.726740</ns3:speed>
						<ns3:cad>45</ns3:cad>
					</ns3:TrackPointExtension>
				</extensions>
			</trkpt>
			<trkpt lat="-6.445808" lon="-35.664446">
				<time>2025-10-26T12:46:16Z</time>
				<ele>-20000.000000</ele>
				<extensions>
					<ns3:TrackPointExtension>
						<ns3:hr>169</ns3:hr>
						<ns3:speed>0.802570</ns3:speed>
						<ns3:cad>45</ns3:cad>
					</ns3:TrackPointExtension>
				</extensions>
			</trkpt>
			<trkpt lat="-6.445819" lon="-35.664446">
				<time>2025-10-26T12:46:17Z</time>
				<ele>-20000.000000</ele>
				<extensions>
					<ns3:TrackPointExtension>
						<ns3:hr>169</ns3:hr>
						<ns3:speed>0.802570</ns3:speed>
						<ns3:cad>45</ns3:cad>
					</ns3:TrackPointExtension>
				</extensions>
			</trkpt>
			<trkpt lat="-6.445829" lon="-35.664446">
				<time>2025-10-26T12:46:18Z</time>
				<ele>-20000.000000</ele>
				<extensions>
					<ns3:TrackPointExtension>
						<ns3:hr>168</ns3:hr>
						<ns3:speed>0.941620</ns3:speed>
						<ns3:cad>45</ns3:cad>
					</ns3:TrackPointExtension>
				</extensions>
			</trkpt>
			<trkpt lat="-6.445838" lon="-35.664449">
				<time>2025-10-26T12:46:19Z</time>
				<ele>-20000.000000</ele>
				<extensions>
					<ns3:TrackPointExtension>
						<ns3:hr>165</ns3:hr>
						<ns3:speed>0.941620</ns3:speed>
						<ns3:cad>45</ns3:cad>
					</ns3:TrackPointExtension>
				</extensions>
			</trkpt>
			<trkpt lat="-6.445844" lon="-35.664455">
				<time>2025-10-26T12:46:20Z</time>
				<ele>-20000.000000</ele>
				<extensions>
					<ns3:TrackPointExtension>
						<ns3:hr>165</ns3:hr>
						<ns3:speed>0.994040</ns3:speed>
						<ns3:cad>46</ns3:cad>
					</ns3:TrackPointExtension>
				</extensions>
			</trkpt>
			<trkpt lat="-6.445848" lon="-35.664460">
				<time>2025-10-26T12:46:21Z</time>
				<ele>-20000.000000</ele>
				<extensions>
					<ns3:TrackPointExtension>
						<ns3:hr>164</ns3:hr>
						<ns3:speed>1.129940</ns3:speed>
						<ns3:cad>48</ns3:cad>
					</ns3:TrackPointExtension>
				</extensions>
			</trkpt>
			<trkpt lat="-6.445854" lon="-35.664464">
				<time>2025-10-26T12:46:22Z</time>
				<ele>-20000.000000</ele>
				<extensions>
					<ns3:TrackPointExtension>
						<ns3:hr>163</ns3:hr>
						<ns3:speed>1.179250</ns3:speed>
						<ns3:cad>48</ns3:cad>
					</ns3:TrackPointExtension>
				</extensions>
			</trkpt>
			<trkpt lat="-6.445860" lon="-35.664467">
				<time>2025-10-26T12:46:23Z</time>
				<ele>-20000.000000</ele>
				<extensions>
					<ns3:TrackPointExtension>
						<ns3:hr>164</ns3:hr>
						<ns3:speed>1.108650</ns3:speed>
						<ns3:cad>55</ns3:cad>
					</ns3:TrackPointExtension>
				</extensions>
			</trkpt>
			<trkpt lat="-6.445866" lon="-35.664470">
				<time>2025-10-26T12:46:26Z</time>
				<ele>-20000.000000</ele>
				<extensions>
					<ns3:TrackPointExtension>
						<ns3:hr>164</ns3:hr>
						<ns3:speed>0.951470</ns3:speed>
						<ns3:cad>50</ns3:cad>
					</ns3:TrackPointExtension>
				</extensions>
			</trkpt>
			<trkpt lat="-6.445869" lon="-35.664477">
				<time>2025-10-26T12:46:26Z</time>
				<ele>-20000.000000</ele>
				<extensions>
					<ns3:TrackPointExtension>
						<ns3:hr>164</ns3:hr>
						<ns3:speed>0.951470</ns3:speed>
						<ns3:cad>50</ns3:cad>
					</ns3:TrackPointExtension>
				</extensions>
			</trkpt>
			<trkpt lat="-6.445871" lon="-35.664483">
				<time>2025-10-26T12:46:27Z</time>
				<ele>-20000.000000</ele>
				<extensions>
					<ns3:TrackPointExtension>
						<ns3:hr>164</ns3:hr>
						<ns3:speed>0.871080</ns3:speed>
						<ns3:cad>49</ns3:cad>
					</ns3:TrackPointExtension>
				</extensions>
			</trkpt>
			<trkpt lat="-6.445875" lon="-35.664490">
				<time>2025-10-26T12:46:29Z</time>
				<ele>-20000.000000</ele>
				<extensions>
					<ns3:TrackPointExtension>
						<ns3:hr>166</ns3:hr>
						<ns3:speed>0.836820</ns3:speed>
						<ns3:cad>48</ns3:cad>
					</ns3:TrackPointExtension>
				</extensions>
			</trkpt>
			<trkpt lat="-6.445878" lon="-35.664499">
				<time>2025-10-26T12:46:29Z</time>
				<ele>-20000.000000</ele>
				<extensions>
					<ns3:TrackPointExtension>
						<ns3:hr>166</ns3:hr>
						<ns3:speed>0.836820</ns3:speed>
						<ns3:cad>48</ns3:cad>
					</ns3:TrackPointExtension>
				</extensions>
			</trkpt>
			<trkpt lat="-6.445882" lon="-35.664508">
				<time>2025-10-26T12:46:30Z</time>
				<ele>-20000.000000</ele>
				<extensions>
					<ns3:TrackPointExtension>
						<ns3:hr>165</ns3:hr>
						<ns3:speed>0.774590</ns3:speed>
						<ns3:cad>49</ns3:cad>
					</ns3:TrackPointExtension>
				</extensions>
			</trkpt>
			<trkpt lat="-6.445886" lon="-35.664518">
				<time>2025-10-26T12:46:31Z</time>
				<ele>-20000.000000</ele>
				<extensions>
					<ns3:TrackPointExtension>
						<ns3:hr>164</ns3:hr>
						<ns3:speed>0.780030</ns3:speed>
						<ns3:cad>50</ns3:cad>
					</ns3:TrackPointExtension>
				</extensions>
			</trkpt>
			<trkpt lat="-6.445889" lon="-35.664528">
				<time>2025-10-26T12:46:32Z</time>
				<ele>-20000.000000</ele>
				<extensions>
					<ns3:TrackPointExtension>
						<ns3:hr>163</ns3:hr>
						<ns3:speed>0.798080</ns3:speed>
						<ns3:cad>51</ns3:cad>
					</ns3:TrackPointExtension>
				</extensions>
			</trkpt>
			<trkpt lat="-6.445893" lon="-35.664536">
				<time>2025-10-26T12:46:33Z</time>
				<ele>-20000.000000</ele>
				<extensions>
					<ns3:TrackPointExtension>
						<ns3:hr>164</ns3:hr>
						<ns3:speed>0.756430</ns3:speed>
						<ns3:cad>55</ns3:cad>
					</ns3:TrackPointExtension>
				</extensions>
			</trkpt>
			<trkpt lat="-6.445896" lon="-35.664542">
				<time>2025-10-26T12:46:34Z</time>
				<ele>-20000.000000</ele>
				<extensions>
					<ns3:TrackPointExtension>
						<ns3:hr>165</ns3:hr>
						<ns3:speed>0.727270</ns3:speed>
						<ns3:cad>56</ns3:cad>
					</ns3:TrackPointExtension>
				</extensions>
			</trkpt>
			<trkpt lat="-6.445897" lon="-35.664548">
				<time>2025-10-26T12:46:35Z</time>
				<ele>-20000.000000</ele>
				<extensions>
					<ns3:TrackPointExtension>
						<ns3:hr>164</ns3:hr>
						<ns3:speed>0.753010</ns3:speed>
						<ns3:cad>56</ns3:cad>
					</ns3:TrackPointExtension>
				</extensions>
			</trkpt>
			<trkpt lat="-6.445898" lon="-35.664550">
				<time>2025-10-26T12:46:36Z</time>
				<ele>-20000.000000</ele>
				<extensions>
					<ns3:TrackPointExtension>
						<ns3:hr>163</ns3:hr>
						<ns3:speed>0.753010</ns3:speed>
						<ns3:cad>57</ns3:cad>
					</ns3:TrackPointExtension>
				</extensions>
			</trkpt>
			<trkpt lat="-6.445897" lon="-35.664551">
				<time>2025-10-26T12:46:37Z</time>
				<ele>-20000.000000</ele>
				<extensions>
					<ns3:TrackPointExtension>
						<ns3:hr>161</ns3:hr>
						<ns3:speed>0.817660</ns3:speed>
						<ns3:cad>57</ns3:cad>
					</ns3:TrackPointExtension>
				</extensions>
			</trkpt>
			<trkpt lat="-6.445895" lon="-35.664552">
				<time>2025-10-26T12:46:38Z</time>
				<ele>-20000.000000</ele>
				<extensions>
					<ns3:TrackPointExtension>
						<ns3:hr>160</ns3:hr>
						<ns3:speed>0.856160</ns3:speed>
						<ns3:cad>57</ns3:cad>
					</ns3:TrackPointExtension>
				</extensions>
			</trkpt>
			<trkpt lat="-6.445894" lon="-35.664552">
				<time>2025-10-26T12:46:39Z</time>
				<ele>-20000.000000</ele>
				<extensions>
					<ns3:TrackPointExtension>
						<ns3:hr>160</ns3:hr>
						<ns3:speed>0.825760</ns3:speed>
						<ns3:cad>56</ns3:cad>
					</ns3:TrackPointExtension>
				</extensions>
			</trkpt>
			<trkpt lat="-6.445893" lon="-35.664551">
				<time>2025-10-26T12:46:40Z</time>
				<ele>-20000.000000</ele>
				<extensions>
					<ns3:TrackPointExtension>
						<ns3:hr>160</ns3:hr>
						<ns3:speed>0.786780</ns3:speed>
						<ns3:cad>57</ns3:cad>
					</ns3:TrackPointExtension>
				</extensions>
			</trkpt>
			<trkpt lat="-6.445893" lon="-35.664551">
				<time>2025-10-26T12:46:41Z</time>
				<ele>-20000.000000</ele>
				<extensions>
					<ns3:TrackPointExtension>
						<ns3:hr>159</ns3:hr>
						<ns3:speed>0.000000</ns3:speed>
						<ns3:cad>0</ns3:cad>
					</ns3:TrackPointExtension>
				</extensions>
			</trkpt>
			<trkpt lat="-6.445892" lon="-35.664551">
				<time>2025-10-26T12:46:42Z</time>
				<ele>-20000.000000</ele>
				<extensions>
					<ns3:TrackPointExtension>
						<ns3:hr>158</ns3:hr>
						<ns3:speed>0.000000</ns3:speed>
						<ns3:cad>0</ns3:cad>
					</ns3:TrackPointExtension>
				</extensions>
			</trkpt>
			<trkpt lat="-6.445892" lon="-35.664551">
				<time>2025-10-26T12:46:43Z</time>
				<ele>-20000.000000</ele>
				<extensions>
					<ns3:TrackPointExtension>
						<ns3:hr>156</ns3:hr>
						<ns3:speed>0.000000</ns3:speed>
						<ns3:cad>0</ns3:cad>
					</ns3:TrackPointExtension>
				</extensions>
			</trkpt>
			<trkpt lat="-6.445891" lon="-35.664553">
				<time>2025-10-26T12:46:44Z</time>
				<ele>-20000.000000</ele>
				<extensions>
					<ns3:TrackPointExtension>
						<ns3:hr>156</ns3:hr>
						<ns3:speed>0.000000</ns3:speed>
						<ns3:cad>0</ns3:cad>
					</ns3:TrackPointExtension>
				</extensions>
			</trkpt>
			<trkpt lat="-6.445887" lon="-35.664556">
				<time>2025-10-26T12:46:45Z</time>
				<ele>-20000.000000</ele>
				<extensions>
					<ns3:TrackPointExtension>
						<ns3:hr>155</ns3:hr>
						<ns3:speed>0.000000</ns3:speed>
						<ns3:cad>0</ns3:cad>
					</ns3:TrackPointExtension>
				</extensions>
			</trkpt>
			<trkpt lat="-6.445882" lon="-35.664561">
				<time>2025-10-26T12:46:46Z</time>
				<ele>-20000.000000</ele>
				<extensions>
					<ns3:TrackPointExtension>
						<ns3:hr>155</ns3:hr>
						<ns3:speed>0.000000</ns3:speed>
						<ns3:cad>43</ns3:cad>
					</ns3:TrackPointExtension>
				</extensions>
			</trkpt>
			<trkpt lat="-6.445874" lon="-35.664566">
				<time>2025-10-26T12:46:47Z</time>
				<ele>-20000.000000</ele>
				<extensions>
					<ns3:TrackPointExtension>
						<ns3:hr>155</ns3:hr>
						<ns3:speed>0.346500</ns3:speed>
						<ns3:cad>41</ns3:cad>
					</ns3:TrackPointExtension>
				</extensions>
			</trkpt>
			<trkpt lat="-6.445865" lon="-35.664572">
				<time>2025-10-26T12:46:48Z</time>
				<ele>-20000.000000</ele>
				<extensions>
					<ns3:TrackPointExtension>
						<ns3:hr>155</ns3:hr>
						<ns3:speed>0.468160</ns3:speed>
						<ns3:cad>41</ns3:cad>
					</ns3:TrackPointExtension>
				</extensions>
			</trkpt>
			<trkpt lat="-6.445856" lon="-35.664578">
				<time>2025-10-26T12:46:49Z</time>
				<ele>-20000.000000</ele>
				<extensions>
					<ns3:TrackPointExtension>
						<ns3:hr>156</ns3:hr>
						<ns3:speed>0.606060</ns3:speed>
						<ns3:cad>42</ns3:cad>
					</ns3:TrackPointExtension>
				</extensions>
			</trkpt>
			<trkpt lat="-6.445845" lon="-35.664587">
				<time>2025-10-26T12:46:50Z</time>
				<ele>-20000.000000</ele>
				<extensions>
					<ns3:TrackPointExtension>
						<ns3:hr>155</ns3:hr>
						<ns3:speed>0.745160</ns3:speed>
						<ns3:cad>43</ns3:cad>
					</ns3:TrackPointExtension>
				</extensions>
			</trkpt>
			<trkpt lat="-6.445835" lon="-35.664596">
				<time>2025-10-26T12:46:51Z</time>
				<ele>-20000.000000</ele>
				<extensions>
					<ns3:TrackPointExtension>
						<ns3:hr>154</ns3:hr>
						<ns3:speed>0.888890</ns3:speed>
						<ns3:cad>48</ns3:cad>
					</ns3:TrackPointExtension>
				</extensions>
			</trkpt>
			<trkpt lat="-6.445826" lon="-35.664604">
				<time>2025-10-26T12:46:52Z</time>
				<ele>-20000.000000</ele>
				<extensions>
					<ns3:TrackPointExtension>
						<ns3:hr>152</ns3:hr>
						<ns3:speed>0.783090</ns3:speed>
						<ns3:cad>50</ns3:cad>
					</ns3:TrackPointExtension>
				</extensions>
			</trkpt>
			<trkpt lat="-6.445818" lon="-35.664610">
				<time>2025-10-26T12:46:53Z</time>
				<ele>-20000.000000</ele>
				<extensions>
					<ns3:TrackPointExtension>
						<ns3:hr>152</ns3:hr>
						<ns3:speed>0.746830</ns3:speed>
						<ns3:cad>51</ns3:cad>
					</ns3:TrackPointExtension>
				</extensions>
			</trkpt>
			<trkpt lat="-6.445803" lon="-35.664614">
				<time>2025-10-26T12:46:54Z</time>
				<ele>-20000.000000</ele>
				<extensions>
					<ns3:TrackPointExtension>
						<ns3:hr>152</ns3:hr>
						<ns3:speed>0.890470</ns3:speed>
						<ns3:cad>51</ns3:cad>
					</ns3:TrackPointExtension>
				</extensions>
			</trkpt>
			<trkpt lat="-6.445790" lon="-35.664621">
				<time>2025-10-26T12:46:55Z</time>
				<ele>-20000.000000</ele>
				<extensions>
					<ns3:TrackPointExtension>
						<ns3:hr>152</ns3:hr>
						<ns3:speed>0.938090</ns3:speed>
						<ns3:cad>51</ns3:cad>
					</ns3:TrackPointExtension>
				</extensions>
			</trkpt>
			<trkpt lat="-6.445779" lon="-35.664625">
				<time>2025-10-26T12:46:56Z</time>
				<ele>-20000.000000</ele>
				<extensions>
					<ns3:TrackPointExtension>
						<ns3:hr>152</ns3:hr>
						<ns3:speed>1.034130</ns3:speed>
						<ns3:cad>55</ns3:cad>
					</ns3:TrackPointExtension>
				</extensions>
			</trkpt>
			<trkpt lat="-6.445770" lon="-35.664629">
				<time>2025-10-26T12:46:57Z</time>
				<ele>-20000.000000</ele>
				<extensions>
					<ns3:TrackPointExtension>
						<ns3:hr>153</ns3:hr>
						<ns3:speed>1.082250</ns3:speed>
						<ns3:cad>58</ns3:cad>
					</ns3:TrackPointExtension>
				</extensions>
			</trkpt>
			<trkpt lat="-6.445764" lon="-35.664635">
				<time>2025-10-26T12:46:58Z</time>
				<ele>-20000.000000</ele>
				<extensions>
					<ns3:TrackPointExtension>
						<ns3:hr>153</ns3:hr>
						<ns3:speed>1.256280</ns3:speed>
						<ns3:cad>0</ns3:cad>
					</ns3:TrackPointExtension>
				</extensions>
			</trkpt>
			<trkpt lat="-6.445760" lon="-35.664643">
				<time>2025-10-26T12:46:58Z</time>
				<ele>-20000.000000</ele>
				<extensions>
					<ns3:TrackPointExtension>
						<ns3:hr>153</ns3:hr>
						<ns3:speed>1.256280</ns3:speed>
						<ns3:cad>0</ns3:cad>
					</ns3:TrackPointExtension>
				</extensions>
			</trkpt>
			<trkpt lat="-6.445756" lon="-35.664651">
				<time>2025-10-26T12:46:59Z</time>
				<ele>-20000.000000</ele>
				<extensions>
					<ns3:TrackPointExtension>
						<ns3:hr>153</ns3:hr>
						<ns3:speed>1.210650</ns3:speed>
						<ns3:cad>0</ns3:cad>
					</ns3:TrackPointExtension>
				</extensions>
			</trkpt>
			<trkpt lat="-6.445753" lon="-35.664661">
				<time>2025-10-26T12:47:00Z</time>
				<ele>-20000.000000</ele>
				<extensions>
					<ns3:TrackPointExtension>
						<ns3:hr>154</ns3:hr>
						<ns3:speed>0.000000</ns3:speed>
						<ns3:cad>0</ns3:cad>
					</ns3:TrackPointExtension>
				</extensions>
			</trkpt>
			<trkpt lat="-6.445751" lon="-35.664670">
				<time>2025-10-26T12:47:01Z</time>
				<ele>-20000.000000</ele>
				<extensions>
					<ns3:TrackPointExtension>
						<ns3:hr>155</ns3:hr>
						<ns3:speed>0.000000</ns3:speed>
						<ns3:cad>0</ns3:cad>
					</ns3:TrackPointExtension>
				</extensions>
			</trkpt>
			<trkpt lat="-6.445751" lon="-35.664680">
				<time>2025-10-26T12:47:02Z</time>
				<ele>-20000.000000</ele>
				<extensions>
					<ns3:TrackPointExtension>
						<ns3:hr>155</ns3:hr>
						<ns3:speed>0.972760</ns3:speed>
						<ns3:cad>0</ns3:cad>
					</ns3:TrackPointExtension>
				</extensions>
			</trkpt>
			<trkpt lat="-6.445753" lon="-35.664691">
				<time>2025-10-26T12:47:03Z</time>
				<ele>-20000.000000</ele>
				<extensions>
					<ns3:TrackPointExtension>
						<ns3:hr>154</ns3:hr>
						<ns3:speed>0.924210</ns3:speed>
						<ns3:cad>0</ns3:cad>
					</ns3:TrackPointExtension>
				</extensions>
			</trkpt>
			<trkpt lat="-6.445755" lon="-35.664702">
				<time>2025-10-26T12:47:04Z</time>
				<ele>-20000.000000</ele>
				<extensions>
					<ns3:TrackPointExtension>
						<ns3:hr>155</ns3:hr>
						<ns3:speed>0.888890</ns3:speed>
						<ns3:cad>0</ns3:cad>
					</ns3:TrackPointExtension>
				</extensions>
			</trkpt>
			<trkpt lat="-6.445757" lon="-35.664712">
				<time>2025-10-26T12:47:05Z</time>
				<ele>-20000.000000</ele>
				<extensions>
					<ns3:TrackPointExtension>
						<ns3:hr>156</ns3:hr>
						<ns3:speed>0.882610</ns3:speed>
						<ns3:cad>0</ns3:cad>
					</ns3:TrackPointExtension>
				</extensions>
			</trkpt>
			<trkpt lat="-6.445758" lon="-35.664722">
				<time>2025-10-26T12:47:06Z</time>
				<ele>-20000.000000</ele>
				<extensions>
					<ns3:TrackPointExtension>
						<ns3:hr>156</ns3:hr>
						<ns3:speed>0.887310</ns3:speed>
						<ns3:cad>0</ns3:cad>
					</ns3:TrackPointExtension>
				</extensions>
			</trkpt>
			<trkpt lat="-6.445761" lon="-35.664733">
				<time>2025-10-26T12:47:07Z</time>
				<ele>-20000.000000</ele>
				<extensions>
					<ns3:TrackPointExtension>
						<ns3:hr>157</ns3:hr>
						<ns3:speed>0.888100</ns3:speed>
						<ns3:cad>0</ns3:cad>
					</ns3:TrackPointExtension>
				</extensions>
			</trkpt>
			<trkpt lat="-6.445763" lon="-35.664743">
				<time>2025-10-26T12:47:08Z</time>
				<ele>-20000.000000</ele>
				<extensions>
					<ns3:TrackPointExtension>
						<ns3:hr>158</ns3:hr>
						<ns3:speed>0.888890</ns3:speed>
						<ns3:cad>0</ns3:cad>
					</ns3:TrackPointExtension>
				</extensions>
			</trkpt>
			<trkpt lat="-6.445765" lon="-35.664754">
				<time>2025-10-26T12:47:10Z</time>
				<ele>-20000.000000</ele>
				<extensions>
					<ns3:TrackPointExtension>
						<ns3:hr>159</ns3:hr>
						<ns3:speed>0.902530</ns3:speed>
						<ns3:cad>44</ns3:cad>
					</ns3:TrackPointExtension>
				</extensions>
			</trkpt>
			<trkpt lat="-6.445769" lon="-35.664765">
				<time>2025-10-26T12:47:10Z</time>
				<ele>-20000.000000</ele>
				<extensions>
					<ns3:TrackPointExtension>
						<ns3:hr>159</ns3:hr>
						<ns3:speed>0.902530</ns3:speed>
						<ns3:cad>44</ns3:cad>
					</ns3:TrackPointExtension>
				</extensions>
			</trkpt>
			<trkpt lat="-6.445774" lon="-35.664777">
				<time>2025-10-26T12:47:11Z</time>
				<ele>-20000.000000</ele>
				<extensions>
					<ns3:TrackPointExtension>
						<ns3:hr>159</ns3:hr>
						<ns3:speed>0.902530</ns3:speed>
						<ns3:cad>44</ns3:cad>
					</ns3:TrackPointExtension>
				</extensions>
			</trkpt>
			<trkpt lat="-6.445781" lon="-35.664792">
				<time>2025-10-26T12:47:13Z</time>
				<ele>-20000.000000</ele>
				<extensions>
					<ns3:TrackPointExtension>
						<ns3:hr>162</ns3:hr>
						<ns3:speed>0.993050</ns3:speed>
						<ns3:cad>46</ns3:cad>
					</ns3:TrackPointExtension>
				</extensions>
			</trkpt>
			<trkpt lat="-6.445791" lon="-35.664808">
				<time>2025-10-26T12:47:13Z</time>
				<ele>-20000.000000</ele>
				<extensions>
					<ns3:TrackPointExtension>
						<ns3:hr>162</ns3:hr>
						<ns3:speed>0.993050</ns3:speed>
						<ns3:cad>46</ns3:cad>
					</ns3:TrackPointExtension>
				</extensions>
			</trkpt>
			<trkpt lat="-6.445799" lon="-35.664827">
				<time>2025-10-26T12:47:14Z</time>
				<ele>-20000.000000</ele>
				<extensions>
					<ns3:TrackPointExtension>
						<ns3:hr>161</ns3:hr>
						<ns3:speed>1.047120</ns3:speed>
						<ns3:cad>48</ns3:cad>
					</ns3:TrackPointExtension>
				</extensions>
			</trkpt>
			<trkpt lat="-6.445807" lon="-35.664845">
				<time>2025-10-26T12:47:15Z</time>
				<ele>-20000.000000</ele>
				<extensions>
					<ns3:TrackPointExtension>
						<ns3:hr>161</ns3:hr>
						<ns3:speed>1.058200</ns3:speed>
						<ns3:cad>53</ns3:cad>
					</ns3:TrackPointExtension>
				</extensions>
			</trkpt>
			<trkpt lat="-6.445816" lon="-35.664861">
				<time>2025-10-26T12:47:16Z</time>
				<ele>-20000.000000</ele>
				<extensions>
					<ns3:TrackPointExtension>
						<ns3:hr>161</ns3:hr>
						<ns3:speed>1.165500</ns3:speed>
						<ns3:cad>76</ns3:cad>
					</ns3:TrackPointExtension>
				</extensions>
			</trkpt>
			<trkpt lat="-6.445824" lon="-35.664874">
				<time>2025-10-26T12:47:17Z</time>
				<ele>-20000.000000</ele>
				<extensions>
					<ns3:TrackPointExtension>
						<ns3:hr>161</ns3:hr>
						<ns3:speed>1.175090</ns3:speed>
						<ns3:cad>76</ns3:cad>
					</ns3:TrackPointExtension>
				</extensions>
			</trkpt>
			<trkpt lat="-6.445834" lon="-35.664884">
				<time>2025-10-26T12:47:18Z</time>
				<ele>-20000.000000</ele>
				<extensions>
					<ns3:TrackPointExtension>
						<ns3:hr>160</ns3:hr>
						<ns3:speed>1.127400</ns3:speed>
						<ns3:cad>76</ns3:cad>
					</ns3:TrackPointExtension>
				</extensions>
			</trkpt>
			<trkpt lat="-6.445846" lon="-35.664893">
				<time>2025-10-26T12:47:19Z</time>
				<ele>-20000.000000</ele>
				<extensions>
					<ns3:TrackPointExtension>
						<ns3:hr>160</ns3:hr>
						<ns3:speed>1.127400</ns3:speed>
						<ns3:cad>75</ns3:cad>
					</ns3:TrackPointExtension>
				</extensions>
			</trkpt>
			<trkpt lat="-6.445859" lon="-35.664900">
				<time>2025-10-26T12:47:20Z</time>
				<ele>-20000.000000</ele>
				<extensions>
					<ns3:TrackPointExtension>
						<ns3:hr>160</ns3:hr>
						<ns3:speed>1.050420</ns3:speed>
						<ns3:cad>75</ns3:cad>
					</ns3:TrackPointExtension>
				</extensions>
			</trkpt>
			<trkpt lat="-6.445871" lon="-35.664906">
				<time>2025-10-26T12:47:21Z</time>
				<ele>-20000.000000</ele>
				<extensions>
					<ns3:TrackPointExtension>
						<ns3:hr>160</ns3:hr>
						<ns3:speed>0.892060</ns3:speed>
						<ns3:cad>74</ns3:cad>
					</ns3:TrackPointExtension>
				</extensions>
			</trkpt>
			<trkpt lat="-6.445882" lon="-35.664911">
				<time>2025-10-26T12:47:22Z</time>
				<ele>-20000.000000</ele>
				<extensions>
					<ns3:TrackPointExtension>
						<ns3:hr>160</ns3:hr>
						<ns3:speed>0.846740</ns3:speed>
						<ns3:cad>73</ns3:cad>
					</ns3:TrackPointExtension>
				</extensions>
			</trkpt>
			<trkpt lat="-6.445892" lon="-35.664916">
				<time>2025-10-26T12:47:23Z</time>
				<ele>-20000.000000</ele>
				<extensions>
					<ns3:TrackPointExtension>
						<ns3:hr>159</ns3:hr>
						<ns3:speed>0.904160</ns3:speed>
						<ns3:cad>72</ns3:cad>
					</ns3:TrackPointExtension>
				</extensions>
			</trkpt>
			<trkpt lat="-6.445904" lon="-35.664920">
				<time>2025-10-26T12:47:24Z</time>
				<ele>-20000.000000</ele>
				<extensions>
					<ns3:TrackPointExtension>
						<ns3:hr>159</ns3:hr>
						<ns3:speed>0.955110</ns3:speed>
						<ns3:cad>72</ns3:cad>
					</ns3:TrackPointExtension>
				</extensions>
			</trkpt>
			<trkpt lat="-6.445918" lon="-35.664924">
				<time>2025-10-26T12:47:26Z</time>
				<ele>-20000.000000</ele>
				<extensions>
					<ns3:TrackPointExtension>
						<ns3:hr>160</ns3:hr>
						<ns3:speed>1.047120</ns3:speed>
						<ns3:cad>51</ns3:cad>
					</ns3:TrackPointExtension>
				</extensions>
			</trkpt>
			<trkpt lat="-6.445936" lon="-35.664927">
				<time>2025-10-26T12:47:26Z</time>
				<ele>-20000.000000</ele>
				<extensions>
					<ns3:TrackPointExtension>
						<ns3:hr>160</ns3:hr>
						<ns3:speed>1.047120</ns3:speed>
						<ns3:cad>51</ns3:cad>
					</ns3:TrackPointExtension>
				</extensions>
			</trkpt>
			<trkpt lat="-6.445957" lon="-35.664928">
				<time>2025-10-26T12:47:28Z</time>
				<ele>-20000.000000</ele>
				<extensions>
					<ns3:TrackPointExtension>
						<ns3:hr>163</ns3:hr>
						<ns3:speed>1.081080</ns3:speed>
						<ns3:cad>52</ns3:cad>
					</ns3:TrackPointExtension>
				</extensions>
			</trkpt>
			<trkpt lat="-6.445979" lon="-35.664928">
				<time>2025-10-26T12:47:29Z</time>
				<ele>-20000.000000</ele>
				<extensions>
					<ns3:TrackPointExtension>
						<ns3:hr>164</ns3:hr>
						<ns3:speed>1.103750</ns3:speed>
						<ns3:cad>83</ns3:cad>
					</ns3:TrackPointExtension>
				</extensions>
			</trkpt>
			<trkpt lat="-6.446003" lon="-35.664925">
				<time>2025-10-26T12:47:30Z</time>
				<ele>-20000.000000</ele>
				<extensions>
					<ns3:TrackPointExtension>
						<ns3:hr>165</ns3:hr>
						<ns3:speed>1.172330</ns3:speed>
						<ns3:cad>83</ns3:cad>
					</ns3:TrackPointExtension>
				</extensions>
			</trkpt>
			<trkpt lat="-6.446029" lon="-35.664919">
				<time>2025-10-26T12:47:31Z</time>
				<ele>-20000.000000</ele>
				<extensions>
					<ns3:TrackPointExtension>
						<ns3:hr>165</ns3:hr>
						<ns3:speed>1.457730</ns3:speed>
						<ns3:cad>82</ns3:cad>
					</ns3:TrackPointExtension>
				</extensions>
			</trkpt>
			<trkpt lat="-6.446055" lon="-35.664909">
				<time>2025-10-26T12:47:32Z</time>
				<ele>-20000.000000</ele>
				<extensions>
					<ns3:TrackPointExtension>
						<ns3:hr>165</ns3:hr>
						<ns3:speed>2.028400</ns3:speed>
						<ns3:cad>82</ns3:cad>
					</ns3:TrackPointExtension>
				</extensions>
			</trkpt>
			<trkpt lat="-6.446081" lon="-35.664893">
				<time>2025-10-26T12:47:32Z</time>
				<ele>-20000.000000</ele>
				<extensions>
					<ns3:TrackPointExtension>
						<ns3:hr>165</ns3:hr>
						<ns3:speed>2.028400</ns3:speed>
						<ns3:cad>82</ns3:cad>
					</ns3:TrackPointExtension>
				</extensions>
			</trkpt>
			<trkpt lat="-6.446105" lon="-35.664875">
				<time>2025-10-26T12:47:34Z</time>
				<ele>-20000.000000</ele>
				<extensions>
					<ns3:TrackPointExtension>
						<ns3:hr>167</ns3:hr>
						<ns3:speed>2.808990</ns3:speed>
						<ns3:cad>81</ns3:cad>
					</ns3:TrackPointExtension>
				</extensions>
			</trkpt>
			<trkpt lat="-6.446123" lon="-35.664848">
				<time>2025-10-26T12:47:35Z</time>
				<ele>-20000.000000</ele>
				<extensions>
					<ns3:TrackPointExtension>
						<ns3:hr>168</ns3:hr>
						<ns3:speed>2.985070</ns3:speed>
						<ns3:cad>81</ns3:cad>
					</ns3:TrackPointExtension>
				</extensions>
			</trkpt>
			<trkpt lat="-6.446136" lon="-35.664817">
				<time>2025-10-26T12:47:36Z</time>
				<ele>-20000.000000</ele>
				<extensions>
					<ns3:TrackPointExtension>
						<ns3:hr>168</ns3:hr>
						<ns3:speed>3.105590</ns3:speed>
						<ns3:cad>80</ns3:cad>
					</ns3:TrackPointExtension>
				</extensions>
			</trkpt>
			<trkpt lat="-6.446146" lon="-35.664780">
				<time>2025-10-26T12:47:37Z</time>
				<ele>-20000.000000</ele>
				<extensions>
					<ns3:TrackPointExtension>
						<ns3:hr>168</ns3:hr>
						<ns3:speed>3.205130</ns3:speed>
						<ns3:cad>79</ns3:cad>
					</ns3:TrackPointExtension>
				</extensions>
			</trkpt>
			<trkpt lat="-6.446156" lon="-35.664746">
				<time>2025-10-26T12:47:37Z</time>
				<ele>-20000.000000</ele>
				<extensions>
					<ns3:TrackPointExtension>
						<ns3:hr>168</ns3:hr>
						<ns3:speed>3.205130</ns3:speed>
						<ns3:cad>79</ns3:cad>
					</ns3:TrackPointExtension>
				</extensions>
			</trkpt>
			<trkpt lat="-6.446170" lon="-35.664711">
				<time>2025-10-26T12:47:39Z</time>
				<ele>-20000.000000</ele>
				<extensions>
					<ns3:TrackPointExtension>
						<ns3:hr>168</ns3:hr>
						<ns3:speed>3.333330</ns3:speed>
						<ns3:cad>79</ns3:cad>
					</ns3:TrackPointExtension>
				</extensions>
			</trkpt>
			<trkpt lat="-6.446180" lon="-35.664679">
				<time>2025-10-26T12:47:40Z</time>
				<ele>-20000.000000</ele>
				<extensions>
					<ns3:TrackPointExtension>
						<ns3:hr>168</ns3:hr>
						<ns3:speed>3.412970</ns3:speed>
						<ns3:cad>78</ns3:cad>
					</ns3:TrackPointExtension>
				</extensions>
			</trkpt>
			<trkpt lat="-6.446189" lon="-35.664648">
				<time>2025-10-26T12:47:41Z</time>
				<ele>-20000.000000</ele>
				<extensions>
					<ns3:TrackPointExtension>
						<ns3:hr>168</ns3:hr>
						<ns3:speed>3.436430</ns3:speed>
						<ns3:cad>77</ns3:cad>
					</ns3:TrackPointExtension>
				</extensions>
			</trkpt>
			<trkpt lat="-6.446193" lon="-35.664620">
				<time>2025-10-26T12:47:42Z</time>
				<ele>-20000.000000</ele>
				<extensions>
					<ns3:TrackPointExtension>
						<ns3:hr>169</ns3:hr>
						<ns3:speed>3.436430</ns3:speed>
						<ns3:cad>77</ns3:cad>
					</ns3:TrackPointExtension>
				</extensions>
			</trkpt>
			<trkpt lat="-6.446194" lon="-35.664592">
				<time>2025-10-26T12:47:42Z</time>
				<ele>-20000.000000</ele>
				<extensions>
					<ns3:TrackPointExtension>
						<ns3:hr>169</ns3:hr>
						<ns3:speed>3.436430</ns3:speed>
						<ns3:cad>77</ns3:cad>
					</ns3:TrackPointExtension>
				</extensions>
			</trkpt>
			<trkpt lat="-6.446193" lon="-35.664565">
				<time>2025-10-26T12:47:43Z</time>
				<ele>-20000.000000</ele>
				<extensions>
					<ns3:TrackPointExtension>
						<ns3:hr>168</ns3:hr>
						<ns3:speed>3.436430</ns3:speed>
						<ns3:cad>76</ns3:cad>
					</ns3:TrackPointExtension>
				</extensions>
			</trkpt>
			<trkpt lat="-6.446188" lon="-35.664537">
				<time>2025-10-26T12:47:45Z</time>
				<ele>-20000.000000</ele>
				<extensions>
					<ns3:TrackPointExtension>
						<ns3:hr>169</ns3:hr>
						<ns3:speed>3.086420</ns3:speed>
						<ns3:cad>75</ns3:cad>
					</ns3:TrackPointExtension>
				</extensions>
			</trkpt>
			<trkpt lat="-6.446184" lon="-35.664511">
				<time>2025-10-26T12:47:46Z</time>
				<ele>-20000.000000</ele>
				<extensions>
					<ns3:TrackPointExtension>
						<ns3:hr>168</ns3:hr>
						<ns3:speed>2.898550</ns3:speed>
						<ns3:cad>75</ns3:cad>
					</ns3:TrackPointExtension>
				</extensions>
			</trkpt>
			<trkpt lat="-6.446180" lon="-35.664486">
				<time>2025-10-26T12:47:46Z</time>
				<ele>-20000.000000</ele>
				<extensions>
					<ns3:TrackPointExtension>
						<ns3:hr>168</ns3:hr>
						<ns3:speed>2.898550</ns3:speed>
						<ns3:cad>75</ns3:cad>
					</ns3:TrackPointExtension>
				</extensions>
			</trkpt>
			<trkpt lat="-6.446177" lon="-35.664463">
				<time>2025-10-26T12:47:47Z</time>
				<ele>-20000.000000</ele>
				<extensions>
					<ns3:TrackPointExtension>
						<ns3:hr>167</ns3:hr>
						<ns3:speed>2.840910</ns3:speed>
						<ns3:cad>75</ns3:cad>
					</ns3:TrackPointExtension>
				</extensions>
			</trkpt>
			<trkpt lat="-6.446175" lon="-35.664439">
				<time>2025-10-26T12:47:49Z</time>
				<ele>-20000.000000</ele>
				<extensions>
					<ns3:TrackPointExtension>
						<ns3:hr>168</ns3:hr>
						<ns3:speed>2.865330</ns3:speed>
						<ns3:cad>76</ns3:cad>
					</ns3:TrackPointExtension>
				</extensions>
			</trkpt>
			<trkpt lat="-6.446175" lon="-35.664415">
				<time>2025-10-26T12:47:50Z</time>
				<ele>-20000.000000</ele>
				<extensions>
					<ns3:TrackPointExtension>
						<ns3:hr>169</ns3:hr>
						<ns3:speed>2.808990</ns3:speed>
						<ns3:cad>77</ns3:cad>
					</ns3:TrackPointExtension>
				</extensions>
			</trkpt>
			<trkpt lat="-6.446175" lon="-35.664388">
				<time>2025-10-26T12:47:51Z</time>
				<ele>-20000.000000</ele>
				<extensions>
					<ns3:TrackPointExtension>
						<ns3:hr>171</ns3:hr>
						<ns3:speed>2.770080</ns3:speed>
						<ns3:cad>78</ns3:cad>
					</ns3:TrackPointExtension>
				</extensions>
			</trkpt>
			<trkpt lat="-6.446176" lon="-35.664358">
				<time>2025-10-26T12:47:52Z</time>
				<ele>-20000.000000</ele>
				<extensions>
					<ns3:TrackPointExtension>
						<ns3:hr>172</ns3:hr>
						<ns3:speed>2.770080</ns3:speed>
						<ns3:cad>78</ns3:cad>
					</ns3:TrackPointExtension>
				</extensions>
			</trkpt>
			<trkpt lat="-6.446179" lon="-35.664328">
				<time>2025-10-26T12:47:52Z</time>
				<ele>-20000.000000</ele>
				<extensions>
					<ns3:TrackPointExtension>
						<ns3:hr>172</ns3:hr>
						<ns3:speed>2.770080</ns3:speed>
						<ns3:cad>78</ns3:cad>
					</ns3:TrackPointExtension>
				</extensions>
			</trkpt>
			<trkpt lat="-6.446180" lon="-35.664298">
				<time>2025-10-26T12:47:53Z</time>
				<ele>-20000.000000</ele>
				<extensions>
					<ns3:TrackPointExtension>
						<ns3:hr>174</ns3:hr>
						<ns3:speed>2.770080</ns3:speed>
						<ns3:cad>78</ns3:cad>
					</ns3:TrackPointExtension>
				</extensions>
			</trkpt>
			<trkpt lat="-6.446182" lon="-35.664268">
				<time>2025-10-26T12:47:54Z</time>
				<ele>-20000.000000</ele>
				<extensions>
					<ns3:TrackPointExtension>
						<ns3:hr>175</ns3:hr>
						<ns3:speed>2.832860</ns3:speed>
						<ns3:cad>78</ns3:cad>
					</ns3:TrackPointExtension>
				</extensions>
			</trkpt>
			<trkpt lat="-6.446187" lon="-35.664238">
				<time>2025-10-26T12:47:56Z</time>
				<ele>-20000.000000</ele>
				<extensions>
					<ns3:TrackPointExtension>
						<ns3:hr>175</ns3:hr>
						<ns3:speed>3.086420</ns3:speed>
						<ns3:cad>77</ns3:cad>
					</ns3:TrackPointExtension>
				</extensions>
			</trkpt>
			<trkpt lat="-6.446193" lon="-35.664211">
				<time>2025-10-26T12:47:57Z</time>
				<ele>-20000.000000</ele>
				<extensions>
					<ns3:TrackPointExtension>
						<ns3:hr>175</ns3:hr>
						<ns3:speed>3.144650</ns3:speed>
						<ns3:cad>77</ns3:cad>
					</ns3:TrackPointExtension>
				</extensions>
			</trkpt>
			<trkpt lat="-6.446201" lon="-35.664186">
				<time>2025-10-26T12:47:58Z</time>
				<ele>-20000.000000</ele>
				<extensions>
					<ns3:TrackPointExtension>
						<ns3:hr>176</ns3:hr>
						<ns3:speed>3.144650</ns3:speed>
						<ns3:cad>77</ns3:cad>
					</ns3:TrackPointExtension>
				</extensions>
			</trkpt>
			<trkpt lat="-6.446208" lon="-35.664163">
				<time>2025-10-26T12:47:59Z</time>
				<ele>-20000.000000</ele>
				<extensions>
					<ns3:TrackPointExtension>
						<ns3:hr>177</ns3:hr>
						<ns3:speed>3.134800</ns3:speed>
						<ns3:cad>77</ns3:cad>
					</ns3:TrackPointExtension>
				</extensions>
			</trkpt>
			<trkpt lat="-6.446215" lon="-35.664139">
				<time>2025-10-26T12:48:00Z</time>
				<ele>-20000.000000</ele>
				<extensions>
					<ns3:TrackPointExtension>
						<ns3:hr>176</ns3:hr>
						<ns3:speed>3.095980</ns3:speed>
						<ns3:cad>77</ns3:cad>
					</ns3:TrackPointExtension>
				</extensions>
			</trkpt>
			<trkpt lat="-6.446223" lon="-35.664115">
				<time>2025-10-26T12:48:01Z</time>
				<ele>-20000.000000</ele>
				<extensions>
					<ns3:TrackPointExtension>
						<ns3:hr>176</ns3:hr>
						<ns3:speed>3.058100</ns3:speed>
						<ns3:cad>78</ns3:cad>
					</ns3:TrackPointExtension>
				</extensions>
			</trkpt>
			<trkpt lat="-6.446233" lon="-35.664090">
				<time>2025-10-26T12:48:01Z</time>
				<ele>-20000.000000</ele>
				<extensions>
					<ns3:TrackPointExtension>
						<ns3:hr>176</ns3:hr>
						<ns3:speed>3.058100</ns3:speed>
						<ns3:cad>78</ns3:cad>
					</ns3:TrackPointExtension>
				</extensions>
			</trkpt>
			<trkpt lat="-6.446242" lon="-35.664065">
				<time>2025-10-26T12:48:03Z</time>
				<ele>-20000.000000</ele>
				<extensions>
					<ns3:TrackPointExtension>
						<ns3:hr>175</ns3:hr>
						<ns3:speed>2.967360</ns3:speed>
						<ns3:cad>79</ns3:cad>
					</ns3:TrackPointExtension>
				</extensions>
			</trkpt>
			<trkpt lat="-6.446250" lon="-35.664039">
				<time>2025-10-26T12:48:04Z</time>
				<ele>-20000.000000</ele>
				<extensions>
					<ns3:TrackPointExtension>
						<ns3:hr>175</ns3:hr>
						<ns3:speed>2.958580</ns3:speed>
						<ns3:cad>79</ns3:cad>
					</ns3:TrackPointExtension>
				</extensions>
			</trkpt>
			<trkpt lat="-6.446256" lon="-35.664012">
				<time>2025-10-26T12:48:04Z</time>
				<ele>-20000.000000</ele>
				<extensions>
					<ns3:TrackPointExtension>
						<ns3:hr>175</ns3:hr>
						<ns3:speed>2.958580</ns3:speed>
						<ns3:cad>79</ns3:cad>
					</ns3:TrackPointExtension>
				</extensions>
			</trkpt>
			<trkpt lat="-6.446262" lon="-35.663986">
				<time>2025-10-26T12:48:05Z</time>
				<ele>-20000.000000</ele>
				<extensions>
					<ns3:TrackPointExtension>
						<ns3:hr>175</ns3:hr>
						<ns3:speed>2.958580</ns3:speed>
						<ns3:cad>79</ns3:cad>
					</ns3:TrackPointExtension>
				</extensions>
			</trkpt>
			<trkpt lat="-6.446268" lon="-35.663958">
				<time>2025-10-26T12:48:06Z</time>
				<ele>-20000.000000</ele>
				<extensions>
					<ns3:TrackPointExtension>
						<ns3:hr>174</ns3:hr>
						<ns3:speed>2.976190</ns3:speed>
						<ns3:cad>78</ns3:cad>
					</ns3:TrackPointExtension>
				</extensions>
			</trkpt>
			<trkpt lat="-6.446272" lon="-35.663931">
				<time>2025-10-26T12:48:08Z</time>
				<ele>-20000.000000</ele>
				<extensions>
					<ns3:TrackPointExtension>
						<ns3:hr>174</ns3:hr>
						<ns3:speed>3.030300</ns3:speed>
						<ns3:cad>77</ns3:cad>
					</ns3:TrackPointExtension>
				</extensions>
			</trkpt>
			<trkpt lat="-6.446277" lon="-35.663905">
				<time>2025-10-26T12:48:08Z</time>
				<ele>-20000.000000</ele>
				<extensions>
					<ns3:TrackPointExtension>
						<ns3:hr>174</ns3:hr>
						<ns3:speed>3.030300</ns3:speed>
						<ns3:cad>77</ns3:cad>
					</ns3:TrackPointExtension>
				</extensions>
			</trkpt>
			<trkpt lat="-6.446280" lon="-35.663880">
				<time>2025-10-26T12:48:09Z</time>
				<ele>-20000.000000</ele>
				<extensions>
					<ns3:TrackPointExtension>
						<ns3:hr>175</ns3:hr>
						<ns3:speed>3.048780</ns3:speed>
						<ns3:cad>77</ns3:cad>
					</ns3:TrackPointExtension>
				</extensions>
			</trkpt>
			<trkpt lat="-6.446281" lon="-35.663856">
				<time>2025-10-26T12:48:11Z</time>
				<ele>-20000.000000</ele>
				<extensions>
					<ns3:TrackPointExtension>
						<ns3:hr>174</ns3:hr>
						<ns3:speed>3.048780</ns3:speed>
						<ns3:cad>77</ns3:cad>
					</ns3:TrackPointExtension>
				</extensions>
			</trkpt>
			<trkpt lat="-6.446278" lon="-35.663835">
				<time>2025-10-26T12:48:12Z</time>
				<ele>-20000.000000</ele>
				<extensions>
					<ns3:TrackPointExtension>
						<ns3:hr>173</ns3:hr>
						<ns3:speed>3.030300</ns3:speed>
						<ns3:cad>77</ns3:cad>
					</ns3:TrackPointExtension>
				</extensions>
			</trkpt>
			<trkpt lat="-6.446274" lon="-35.663818">
				<time>2025-10-26T12:48:13Z</time>
				<ele>-20000.000000</ele>
				<extensions>
					<ns3:TrackPointExtension>
						<ns3:hr>173</ns3:hr>
						<ns3:speed>2.976190</ns3:speed>
						<ns3:cad>77</ns3:cad>
					</ns3:TrackPointExtension>
				</extensions>
			</trkpt>
			<trkpt lat="-6.446273" lon="-35.663805">
				<time>2025-10-26T12:48:14Z</time>
				<ele>-20000.000000</ele>
				<extensions>
					<ns3:TrackPointExtension>
						<ns3:hr>174</ns3:hr>
						<ns3:speed>2.793300</ns3:speed>
						<ns3:cad>77</ns3:cad>
					</ns3:TrackPointExtension>
				</extensions>
			</trkpt>
			<trkpt lat="-6.446274" lon="-35.663794">
				<time>2025-10-26T12:48:14Z</time>
				<ele>-20000.000000</ele>
				<extensions>
					<ns3:TrackPointExtension>
						<ns3:hr>174</ns3:hr>
						<ns3:speed>2.793300</ns3:speed>
						<ns3:cad>77</ns3:cad>
					</ns3:TrackPointExtension>
				</extensions>
			</trkpt>
			<trkpt lat="-6.446276" lon="-35.663785">
				<time>2025-10-26T12:48:15Z</time>
				<ele>-20000.000000</ele>
				<extensions>
					<ns3:TrackPointExtension>
						<ns3:hr>173</ns3:hr>
						<ns3:speed>2.457000</ns3:speed>
						<ns3:cad>77</ns3:cad>
					</ns3:TrackPointExtension>
				</extensions>
			</trkpt>
			<trkpt lat="-6.446281" lon="-35.663780">
				<time>2025-10-26T12:48:17Z</time>
				<ele>-20000.000000</ele>
				<extensions>
					<ns3:TrackPointExtension>
						<ns3:hr>173</ns3:hr>
						<ns3:speed>1.647450</ns3:speed>
						<ns3:cad>77</ns3:cad>
					</ns3:TrackPointExtension>
				</extensions>
			</trkpt>
			<trkpt lat="-6.446285" lon="-35.663776">
				<time>2025-10-26T12:48:18Z</time>
				<ele>-20000.000000</ele>
				<extensions>
					<ns3:TrackPointExtension>
						<ns3:hr>174</ns3:hr>
						<ns3:speed>1.358700</ns3:speed>
						<ns3:cad>72</ns3:cad>
					</ns3:TrackPointExtension>
				</extensions>
			</trkpt>
			<trkpt lat="-6.446288" lon="-35.663771">
				<time>2025-10-26T12:48:18Z</time>
				<ele>-20000.000000</ele>
				<extensions>
					<ns3:TrackPointExtension>
						<ns3:hr>174</ns3:hr>
						<ns3:speed>1.358700</ns3:speed>
						<ns3:cad>72</ns3:cad>
					</ns3:TrackPointExtension>
				</extensions>
			</trkpt>
			<trkpt lat="-6.446292" lon="-35.663765">
				<time>2025-10-26T12:48:19Z</time>
				<ele>-20000.000000</ele>
				<extensions>
					<ns3:TrackPointExtension>
						<ns3:hr>173</ns3:hr>
						<ns3:speed>1.137660</ns3:speed>
						<ns3:cad>51</ns3:cad>
					</ns3:TrackPointExtension>
				</extensions>
			</trkpt>
			<trkpt lat="-6.446296" lon="-35.663758">
				<time>2025-10-26T12:48:20Z</time>
				<ele>-20000.000000</ele>
				<extensions>
					<ns3:TrackPointExtension>
						<ns3:hr>173</ns3:hr>
						<ns3:speed>1.011120</ns3:speed>
						<ns3:cad>51</ns3:cad>
					</ns3:TrackPointExtension>
				</extensions>
			</trkpt>
			<trkpt lat="-6.446299" lon="-35.663750">
				<time>2025-10-26T12:48:21Z</time>
				<ele>-20000.000000</ele>
				<extensions>
					<ns3:TrackPointExtension>
						<ns3:hr>173</ns3:hr>
						<ns3:speed>0.968990</ns3:speed>
						<ns3:cad>51</ns3:cad>
					</ns3:TrackPointExtension>
				</extensions>
			</trkpt>
			<trkpt lat="-6.446302" lon="-35.663742">
				<time>2025-10-26T12:48:23Z</time>
				<ele>-20000.000000</ele>
				<extensions>
					<ns3:TrackPointExtension>
						<ns3:hr>173</ns3:hr>
						<ns3:speed>0.960610</ns3:speed>
						<ns3:cad>51</ns3:cad>
					</ns3:TrackPointExtension>
				</extensions>
			</trkpt>
			<trkpt lat="-6.446299" lon="-35.663730">
				<time>2025-10-26T12:48:24Z</time>
				<ele>-20000.000000</ele>
				<extensions>
					<ns3:TrackPointExtension>
						<ns3:hr>173</ns3:hr>
						<ns3:speed>0.976560</ns3:speed>
						<ns3:cad>51</ns3:cad>
					</ns3:TrackPointExtension>
				</extensions>
			</trkpt>
			<trkpt lat="-6.446293" lon="-35.663718">
				<time>2025-10-26T12:48:25Z</time>
				<ele>-20000.000000</ele>
				<extensions>
					<ns3:TrackPointExtension>
						<ns3:hr>173</ns3:hr>
						<ns3:speed>0.997010</ns3:speed>
						<ns3:cad>53</ns3:cad>
					</ns3:TrackPointExtension>
				</extensions>
			</trkpt>
			<trkpt lat="-6.446285" lon="-35.663706">
				<time>2025-10-26T12:48:26Z</time>
				<ele>-20000.000000</ele>
				<extensions>
					<ns3:TrackPointExtension>
						<ns3:hr>173</ns3:hr>
						<ns3:speed>1.041670</ns3:speed>
						<ns3:cad>54</ns3:cad>
					</ns3:TrackPointExtension>
				</extensions>
			</trkpt>
			<trkpt lat="-6.446277" lon="-35.663693">
				<time>2025-10-26T12:48:26Z</time>
				<ele>-20000.000000</ele>
				<extensions>
					<ns3:TrackPointExtension>
						<ns3:hr>173</ns3:hr>
						<ns3:speed>1.041670</ns3:speed>
						<ns3:cad>54</ns3:cad>
					</ns3:TrackPointExtension>
				</extensions>
			</trkpt>
			<trkpt lat="-6.446267" lon="-35.663680">
				<time>2025-10-26T12:48:27Z</time>
				<ele>-20000.000000</ele>
				<extensions>
					<ns3:TrackPointExtension>
						<ns3:hr>173</ns3:hr>
						<ns3:speed>1.128670</ns3:speed>
						<ns3:cad>55</ns3:cad>
					</ns3:TrackPointExtension>
				</extensions>
			</trkpt>
			<trkpt lat="-6.446258" lon="-35.663671">
				<time>2025-10-26T12:48:29Z</time>
				<ele>-20000.000000</ele>
				<extensions>
					<ns3:TrackPointExtension>
						<ns3:hr>172</ns3:hr>
						<ns3:speed>1.355010</ns3:speed>
						<ns3:cad>56</ns3:cad>
					</ns3:TrackPointExtension>
				</extensions>
			</trkpt>
			<trkpt lat="-6.446248" lon="-35.663666">
				<time>2025-10-26T12:48:30Z</time>
				<ele>-20000.000000</ele>
				<extensions>
					<ns3:TrackPointExtension>
						<ns3:hr>171</ns3:hr>
						<ns3:speed>1.388890</ns3:speed>
						<ns3:cad>56</ns3:cad>
					</ns3:TrackPointExtension>
				</extensions>
			</trkpt>
			<trkpt lat="-6.446237" lon="-35.663667">
				<time>2025-10-26T12:48:30Z</time>
				<ele>-20000.000000</ele>
				<extensions>
					<ns3:TrackPointExtension>
						<ns3:hr>171</ns3:hr>
						<ns3:speed>1.388890</ns3:speed>
						<ns3:cad>56</ns3:cad>
					</ns3:TrackPointExtension>
				</extensions>
			</trkpt>
			<trkpt lat="-6.446224" lon="-35.663670">
				<time>2025-10-26T12:48:32Z</time>
				<ele>-20000.000000</ele>
				<extensions>
					<ns3:TrackPointExtension>
						<ns3:hr>170</ns3:hr>
						<ns3:speed>1.428570</ns3:speed>
						<ns3:cad>63</ns3:cad>
					</ns3:TrackPointExtension>
				</extensions>
			</trkpt>
			<trkpt lat="-6.446208" lon="-35.663671">
				<time>2025-10-26T12:48:33Z</time>
				<ele>-20000.000000</ele>
				<extensions>
					<ns3:TrackPointExtension>
						<ns3:hr>170</ns3:hr>
						<ns3:speed>1.492540</ns3:speed>
						<ns3:cad>64</ns3:cad>
					</ns3:TrackPointExtension>
				</extensions>
			</trkpt>
			<trkpt lat="-6.446190" lon="-35.663672">
				<time>2025-10-26T12:48:33Z</time>
				<ele>-20000.000000</ele>
				<extensions>
					<ns3:TrackPointExtension>
						<ns3:hr>170</ns3:hr>
						<ns3:speed>1.492540</ns3:speed>
						<ns3:cad>64</ns3:cad>
					</ns3:TrackPointExtension>
				</extensions>
			</trkpt>
			<trkpt lat="-6.446173" lon="-35.663673">
				<time>2025-10-26T12:48:35Z</time>
				<ele>-20000.000000</ele>
				<extensions>
					<ns3:TrackPointExtension>
						<ns3:hr>172</ns3:hr>
						<ns3:speed>1.545600</ns3:speed>
						<ns3:cad>64</ns3:cad>
					</ns3:TrackPointExtension>
				</extensions>
			</trkpt>
			<trkpt lat="-6.446159" lon="-35.663674">
				<time>2025-10-26T12:48:36Z</time>
				<ele>-20000.000000</ele>
				<extensions>
					<ns3:TrackPointExtension>
						<ns3:hr>170</ns3:hr>
						<ns3:speed>1.610310</ns3:speed>
						<ns3:cad>65</ns3:cad>
					</ns3:TrackPointExtension>
				</extensions>
			</trkpt>
			<trkpt lat="-6.446149" lon="-35.663674">
				<time>2025-10-26T12:48:37Z</time>
				<ele>-20000.000000</ele>
				<extensions>
					<ns3:TrackPointExtension>
						<ns3:hr>170</ns3:hr>
						<ns3:speed>1.644740</ns3:speed>
						<ns3:cad>65</ns3:cad>
					</ns3:TrackPointExtension>
				</extensions>
			</trkpt>
			<trkpt lat="-6.446143" lon="-35.663676">
				<time>2025-10-26T12:48:37Z</time>
				<ele>-20000.000000</ele>
				<extensions>
					<ns3:TrackPointExtension>
						<ns3:hr>170</ns3:hr>
						<ns3:speed>1.644740</ns3:speed>
						<ns3:cad>65</ns3:cad>
					</ns3:TrackPointExtension>
				</extensions>
			</trkpt>
			<trkpt lat="-6.446138" lon="-35.663677">
				<time>2025-10-26T12:48:38Z</time>
				<ele>-20000.000000</ele>
				<extensions>
					<ns3:TrackPointExtension>
						<ns3:hr>170</ns3:hr>
						<ns3:speed>0.000000</ns3:speed>
						<ns3:cad>65</ns3:cad>
					</ns3:TrackPointExtension>
				</extensions>
			</trkpt>
			<trkpt lat="-6.446137" lon="-35.663678">
				<time>2025-10-26T12:48:39Z</time>
				<ele>-20000.000000</ele>
				<extensions>
					<ns3:TrackPointExtension>
						<ns3:hr>172</ns3:hr>
						<ns3:speed>0.000000</ns3:speed>
						<ns3:cad>0</ns3:cad>
					</ns3:TrackPointExtension>
				</extensions>
			</trkpt>
			<trkpt lat="-6.446137" lon="-35.663680">
				<time>2025-10-26T12:48:41Z</time>
				<ele>-20000.000000</ele>
				<extensions>
					<ns3:TrackPointExtension>
						<ns3:hr>171</ns3:hr>
						<ns3:speed>0.000000</ns3:speed>
						<ns3:cad>0</ns3:cad>
					</ns3:TrackPointExtension>
				</extensions>
			</trkpt>
			<trkpt lat="-6.446137" lon="-35.663683">
				<time>2025-10-26T12:48:41Z</time>
				<ele>-20000.000000</ele>
				<extensions>
					<ns3:TrackPointExtension>
						<ns3:hr>171</ns3:hr>
						<ns3:speed>0.000000</ns3:speed>
						<ns3:cad>0</ns3:cad>
					</ns3:TrackPointExtension>
				</extensions>
			</trkpt>
			<trkpt lat="-6.446133" lon="-35.663687">
				<time>2025-10-26T12:48:43Z</time>
				<ele>-20000.000000</ele>
				<extensions>
					<ns3:TrackPointExtension>
						<ns3:hr>169</ns3:hr>
						<ns3:speed>0.753010</ns3:speed>
						<ns3:cad>54</ns3:cad>
					</ns3:TrackPointExtension>
				</extensions>
			</trkpt>
			<trkpt lat="-6.446126" lon="-35.663692">
				<time>2025-10-26T12:48:43Z</time>
				<ele>-20000.000000</ele>
				<extensions>
					<ns3:TrackPointExtension>
						<ns3:hr>169</ns3:hr>
						<ns3:speed>0.753010</ns3:speed>
						<ns3:cad>54</ns3:cad>
					</ns3:TrackPointExtension>
				</extensions>
			</trkpt>
			<trkpt lat="-6.446119" lon="-35.663700">
				<time>2025-10-26T12:48:44Z</time>
				<ele>-20000.000000</ele>
				<extensions>
					<ns3:TrackPointExtension>
						<ns3:hr>169</ns3:hr>
						<ns3:speed>0.977520</ns3:speed>
						<ns3:cad>55</ns3:cad>
					</ns3:TrackPointExtension>
				</extensions>
			</trkpt>
			<trkpt lat="-6.446110" lon="-35.663710">
				<time>2025-10-26T12:48:45Z</time>
				<ele>-20000.000000</ele>
				<extensions>
					<ns3:TrackPointExtension>
						<ns3:hr>169</ns3:hr>
						<ns3:speed>0.836820</ns3:speed>
						<ns3:cad>54</ns3:cad>
					</ns3:TrackPointExtension>
				</extensions>
			</trkpt>
			<trkpt lat="-6.446103" lon="-35.663720">
				<time>2025-10-26T12:48:47Z</time>
				<ele>-20000.000000</ele>
				<extensions>
					<ns3:TrackPointExtension>
						<ns3:hr>169</ns3:hr>
						<ns3:speed>0.732600</ns3:speed>
						<ns3:cad>58</ns3:cad>
					</ns3:TrackPointExtension>
				</extensions>
			</trkpt>
			<trkpt lat="-6.446098" lon="-35.663727">
				<time>2025-10-26T12:48:48Z</time>
				<ele>-20000.000000</ele>
				<extensions>
					<ns3:TrackPointExtension>
						<ns3:hr>167</ns3:hr>
						<ns3:speed>0.768640</ns3:speed>
						<ns3:cad>73</ns3:cad>
					</ns3:TrackPointExtension>
				</extensions>
			</trkpt>
			<trkpt lat="-6.446093" lon="-35.663731">
				<time>2025-10-26T12:48:49Z</time>
				<ele>-20000.000000</ele>
				<extensions>
					<ns3:TrackPointExtension>
						<ns3:hr>166</ns3:hr>
						<ns3:speed>0.845310</ns3:speed>
						<ns3:cad>73</ns3:cad>
					</ns3:TrackPointExtension>
				</extensions>
			</trkpt>
			<trkpt lat="-6.446088" lon="-35.663732">
				<time>2025-10-26T12:48:49Z</time>
				<ele>-20000.000000</ele>
				<extensions>
					<ns3:TrackPointExtension>
						<ns3:hr>166</ns3:hr>
						<ns3:speed>0.845310</ns3:speed>
						<ns3:cad>73</ns3:cad>
					</ns3:TrackPointExtension>
				</extensions>
			</trkpt>
			<trkpt lat="-6.446083" lon="-35.663728">
				<time>2025-10-26T12:48:51Z</time>
				<ele>-20000.000000</ele>
				<extensions>
					<ns3:TrackPointExtension>
						<ns3:hr>164</ns3:hr>
						<ns3:speed>0.912410</ns3:speed>
						<ns3:cad>72</ns3:cad>
					</ns3:TrackPointExtension>
				</extensions>
			</trkpt>
			<trkpt lat="-6.446077" lon="-35.663723">
				<time>2025-10-26T12:48:51Z</time>
				<ele>-20000.000000</ele>
				<extensions>
					<ns3:TrackPointExtension>
						<ns3:hr>164</ns3:hr>
						<ns3:speed>0.912410</ns3:speed>
						<ns3:cad>72</ns3:cad>
					</ns3:TrackPointExtension>
				</extensions>
			</trkpt>
			<trkpt lat="-6.446072" lon="-35.663716">
				<time>2025-10-26T12:48:53Z</time>
				<ele>-20000.000000</ele>
				<extensions>
					<ns3:TrackPointExtension>
						<ns3:hr>164</ns3:hr>
						<ns3:speed>0.841750</ns3:speed>
						<ns3:cad>70</ns3:cad>
					</ns3:TrackPointExtension>
				</extensions>
			</trkpt>
			<trkpt lat="-6.446066" lon="-35.663707">
				<time>2025-10-26T12:48:54Z</time>
				<ele>-20000.000000</ele>
				<extensions>
					<ns3:TrackPointExtension>
						<ns3:hr>163</ns3:hr>
						<ns3:speed>0.826450</ns3:speed>
						<ns3:cad>70</ns3:cad>
					</ns3:TrackPointExtension>
				</extensions>
			</trkpt>
			<trkpt lat="-6.446061" lon="-35.663699">
				<time>2025-10-26T12:48:55Z</time>
				<ele>-20000.000000</ele>
				<extensions>
					<ns3:TrackPointExtension>
						<ns3:hr>163</ns3:hr>
						<ns3:speed>0.826450</ns3:speed>
						<ns3:cad>70</ns3:cad>
					</ns3:TrackPointExtension>
				</extensions>
			</trkpt>
			<trkpt lat="-6.446054" lon="-35.663689">
				<time>2025-10-26T12:48:56Z</time>
				<ele>-20000.000000</ele>
				<extensions>
					<ns3:TrackPointExtension>
						<ns3:hr>164</ns3:hr>
						<ns3:speed>0.836120</ns3:speed>
						<ns3:cad>71</ns3:cad>
					</ns3:TrackPointExtension>
				</extensions>
			</trkpt>
			<trkpt lat="-6.446046" lon="-35.663679">
				<time>2025-10-26T12:48:56Z</time>
				<ele>-20000.000000</ele>
				<extensions>
					<ns3:TrackPointExtension>
						<ns3:hr>164</ns3:hr>
						<ns3:speed>0.836120</ns3:speed>
						<ns3:cad>71</ns3:cad>
					</ns3:TrackPointExtension>
				</extensions>
			</trkpt>
			<trkpt lat="-6.446036" lon="-35.663665">
				<time>2025-10-26T12:48:58Z</time>
				<ele>-20000.000000</ele>
				<extensions>
					<ns3:TrackPointExtension>
						<ns3:hr>164</ns3:hr>
						<ns3:speed>0.754720</ns3:speed>
						<ns3:cad>74</ns3:cad>
					</ns3:TrackPointExtension>
				</extensions>
			</trkpt>
			<trkpt lat="-6.446026" lon="-35.663652">
				<time>2025-10-26T12:48:58Z</time>
				<ele>-20000.000000</ele>
				<extensions>
					<ns3:TrackPointExtension>
						<ns3:hr>164</ns3:hr>
						<ns3:speed>0.754720</ns3:speed>
						<ns3:cad>74</ns3:cad>
					</ns3:TrackPointExtension>
				</extensions>
			</trkpt>
			<trkpt lat="-6.446014" lon="-35.663638">
				<time>2025-10-26T12:48:59Z</time>
				<ele>-20000.000000</ele>
				<extensions>
					<ns3:TrackPointExtension>
						<ns3:hr>165</ns3:hr>
						<ns3:speed>0.794280</ns3:speed>
						<ns3:cad>75</ns3:cad>
					</ns3:TrackPointExtension>
				</extensions>
			</trkpt>
			<trkpt lat="-6.446005" lon="-35.663626">
				<time>2025-10-26T12:49:01Z</time>
				<ele>-20000.000000</ele>
				<extensions>
					<ns3:TrackPointExtension>
						<ns3:hr>165</ns3:hr>
						<ns3:speed>1.005030</ns3:speed>
						<ns3:cad>76</ns3:cad>
					</ns3:TrackPointExtension>
				</extensions>
			</trkpt>
			<trkpt lat="-6.445998" lon="-35.663614">
				<time>2025-10-26T12:49:01Z</time>
				<ele>-20000.000000</ele>
				<extensions>
					<ns3:TrackPointExtension>
						<ns3:hr>165</ns3:hr>
						<ns3:speed>1.005030</ns3:speed>
						<ns3:cad>76</ns3:cad>
					</ns3:TrackPointExtension>
				</extensions>
			</trkpt>
			<trkpt lat="-6.445994" lon="-35.663603">
				<time>2025-10-26T12:49:02Z</time>
				<ele>-20000.000000</ele>
				<extensions>
					<ns3:TrackPointExtension>
						<ns3:hr>166</ns3:hr>
						<ns3:speed>1.136360</ns3:speed>
						<ns3:cad>76</ns3:cad>
					</ns3:TrackPointExtension>
				</extensions>
			</trkpt>
			<trkpt lat="-6.445990" lon="-35.663593">
				<time>2025-10-26T12:49:03Z</time>
				<ele>-20000.000000</ele>
				<extensions>
					<ns3:TrackPointExtension>
						<ns3:hr>166</ns3:hr>
						<ns3:speed>1.191900</ns3:speed>
						<ns3:cad>76</ns3:cad>
					</ns3:TrackPointExtension>
				</extensions>
			</trkpt>
			<trkpt lat="-6.445989" lon="-35.663583">
				<time>2025-10-26T12:49:04Z</time>
				<ele>-20000.000000</ele>
				<extensions>
					<ns3:TrackPointExtension>
						<ns3:hr>166</ns3:hr>
						<ns3:speed>1.191900</ns3:speed>
						<ns3:cad>74</ns3:cad>
					</ns3:TrackPointExtension>
				</extensions>
			</trkpt>
			<trkpt lat="-6.445990" lon="-35.663574">
				<time>2025-10-26T12:49:05Z</time>
				<ele>-20000.000000</ele>
				<extensions>
					<ns3:TrackPointExtension>
						<ns3:hr>166</ns3:hr>
						<ns3:speed>1.297020</ns3:speed>
						<ns3:cad>71</ns3:cad>
					</ns3:TrackPointExtension>
				</extensions>
			</trkpt>
			<trkpt lat="-6.445993" lon="-35.663565">
				<time>2025-10-26T12:49:06Z</time>
				<ele>-20000.000000</ele>
				<extensions>
					<ns3:TrackPointExtension>
						<ns3:hr>166</ns3:hr>
						<ns3:speed>1.355010</ns3:speed>
						<ns3:cad>69</ns3:cad>
					</ns3:TrackPointExtension>
				</extensions>
			</trkpt>
			<trkpt lat="-6.445997" lon="-35.663558">
				<time>2025-10-26T12:49:07Z</time>
				<ele>-20000.000000</ele>
				<extensions>
					<ns3:TrackPointExtension>
						<ns3:hr>166</ns3:hr>
						<ns3:speed>1.261030</ns3:speed>
						<ns3:cad>68</ns3:cad>
					</ns3:TrackPointExtension>
				</extensions>
			</trkpt>
			<trkpt lat="-6.446001" lon="-35.663550">
				<time>2025-10-26T12:49:08Z</time>
				<ele>-20000.000000</ele>
				<extensions>
					<ns3:TrackPointExtension>
						<ns3:hr>165</ns3:hr>
						<ns3:speed>1.157410</ns3:speed>
						<ns3:cad>68</ns3:cad>
					</ns3:TrackPointExtension>
				</extensions>
			</trkpt>
			<trkpt lat="-6.446004" lon="-35.663544">
				<time>2025-10-26T12:49:10Z</time>
				<ele>-20000.000000</ele>
				<extensions>
					<ns3:TrackPointExtension>
						<ns3:hr>166</ns3:hr>
						<ns3:speed>1.009080</ns3:speed>
						<ns3:cad>54</ns3:cad>
					</ns3:TrackPointExtension>
				</extensions>
			</trkpt>
			<trkpt lat="-6.446008" lon="-35.663538">
				<time>2025-10-26T12:49:11Z</time>
				<ele>-20000.000000</ele>
				<extensions>
					<ns3:TrackPointExtension>
						<ns3:hr>165</ns3:hr>
						<ns3:speed>0.940730</ns3:speed>
						<ns3:cad>54</ns3:cad>
					</ns3:TrackPointExtension>
				</extensions>
			</trkpt>
			<trkpt lat="-6.446014" lon="-35.663532">
				<time>2025-10-26T12:49:12Z</time>
				<ele>-20000.000000</ele>
				<extensions>
					<ns3:TrackPointExtension>
						<ns3:hr>164</ns3:hr>
						<ns3:speed>0.778210</ns3:speed>
						<ns3:cad>53</ns3:cad>
					</ns3:TrackPointExtension>
				</extensions>
			</trkpt>
			<trkpt lat="-6.446020" lon="-35.663526">
				<time>2025-10-26T12:49:13Z</time>
				<ele>-20000.000000</ele>
				<extensions>
					<ns3:TrackPointExtension>
						<ns3:hr>165</ns3:hr>
						<ns3:speed>0.000000</ns3:speed>
						<ns3:cad>51</ns3:cad>
					</ns3:TrackPointExtension>
				</extensions>
			</trkpt>
			<trkpt lat="-6.446026" lon="-35.663522">
				<time>2025-10-26T12:49:14Z</time>
				<ele>-20000.000000</ele>
				<extensions>
					<ns3:TrackPointExtension>
						<ns3:hr>165</ns3:hr>
						<ns3:speed>0.000000</ns3:speed>
						<ns3:cad>0</ns3:cad>
					</ns3:TrackPointExtension>
				</extensions>
			</trkpt>
			<trkpt lat="-6.446033" lon="-35.663521">
				<time>2025-10-26T12:49:15Z</time>
				<ele>-20000.000000</ele>
				<extensions>
					<ns3:TrackPointExtension>
						<ns3:hr>164</ns3:hr>
						<ns3:speed>0.325950</ns3:speed>
						<ns3:cad>41</ns3:cad>
					</ns3:TrackPointExtension>
				</extensions>
			</trkpt>
			<trkpt lat="-6.446040" lon="-35.663522">
				<time>2025-10-26T12:49:16Z</time>
				<ele>-20000.000000</ele>
				<extensions>
					<ns3:TrackPointExtension>
						<ns3:hr>164</ns3:hr>
						<ns3:speed>0.352240</ns3:speed>
						<ns3:cad>42</ns3:cad>
					</ns3:TrackPointExtension>
				</extensions>
			</trkpt>
			<trkpt lat="-6.446045" lon="-35.663524">
				<time>2025-10-26T12:49:17Z</time>
				<ele>-20000.000000</ele>
				<extensions>
					<ns3:TrackPointExtension>
						<ns3:hr>164</ns3:hr>
						<ns3:speed>0.396670</ns3:speed>
						<ns3:cad>43</ns3:cad>
					</ns3:TrackPointExtension>
				</extensions>
			</trkpt>
			<trkpt lat="-6.446052" lon="-35.663528">
				<time>2025-10-26T12:49:18Z</time>
				<ele>-20000.000000</ele>
				<extensions>
					<ns3:TrackPointExtension>
						<ns3:hr>163</ns3:hr>
						<ns3:speed>0.447630</ns3:speed>
						<ns3:cad>45</ns3:cad>
					</ns3:TrackPointExtension>
				</extensions>
			</trkpt>
			<trkpt lat="-6.446060" lon="-35.663532">
				<time>2025-10-26T12:49:19Z</time>
				<ele>-20000.000000</ele>
				<extensions>
					<ns3:TrackPointExtension>
						<ns3:hr>163</ns3:hr>
						<ns3:speed>0.510730</ns3:speed>
						<ns3:cad>45</ns3:cad>
					</ns3:TrackPointExtension>
				</extensions>
			</trkpt>
			<trkpt lat="-6.446067" lon="-35.663538">
				<time>2025-10-26T12:49:20Z</time>
				<ele>-20000.000000</ele>
				<extensions>
					<ns3:TrackPointExtension>
						<ns3:hr>163</ns3:hr>
						<ns3:speed>0.502260</ns3:speed>
						<ns3:cad>45</ns3:cad>
					</ns3:TrackPointExtension>
				</extensions>
			</trkpt>
			<trkpt lat="-6.446074" lon="-35.663544">
				<time>2025-10-26T12:49:21Z</time>
				<ele>-20000.000000</ele>
				<extensions>
					<ns3:TrackPointExtension>
						<ns3:hr>162</ns3:hr>
						<ns3:speed>0.477780</ns3:speed>
						<ns3:cad>44</ns3:cad>
					</ns3:TrackPointExtension>
				</extensions>
			</trkpt>
			<trkpt lat="-6.446081" lon="-35.663549">
				<time>2025-10-26T12:49:22Z</time>
				<ele>-20000.000000</ele>
				<extensions>
					<ns3:TrackPointExtension>
						<ns3:hr>161</ns3:hr>
						<ns3:speed>0.535910</ns3:speed>
						<ns3:cad>44</ns3:cad>
					</ns3:TrackPointExtension>
				</extensions>
			</trkpt>
			<trkpt lat="-6.446087" lon="-35.663554">
				<time>2025-10-26T12:49:23Z</time>
				<ele>-20000.000000</ele>
				<extensions>
					<ns3:TrackPointExtension>
						<ns3:hr>161</ns3:hr>
						<ns3:speed>0.573070</ns3:speed>
						<ns3:cad>43</ns3:cad>
					</ns3:TrackPointExtension>
				</extensions>
			</trkpt>
			<trkpt lat="-6.446092" lon="-35.663558">
				<time>2025-10-26T12:49:24Z</time>
				<ele>-20000.000000</ele>
				<extensions>
					<ns3:TrackPointExtension>
						<ns3:hr>161</ns3:hr>
						<ns3:speed>0.573070</ns3:speed>
						<ns3:cad>43</ns3:cad>
					</ns3:TrackPointExtension>
				</extensions>
			</trkpt>
			<trkpt lat="-6.446096" lon="-35.663560">
				<time>2025-10-26T12:49:25Z</time>
				<ele>-20000.000000</ele>
				<extensions>
					<ns3:TrackPointExtension>
						<ns3:hr>162</ns3:hr>
						<ns3:speed>0.615760</ns3:speed>
						<ns3:cad>42</ns3:cad>
					</ns3:TrackPointExtension>
				</extensions>
			</trkpt>
			<trkpt lat="-6.446101" lon="-35.663560">
				<time>2025-10-26T12:49:26Z</time>
				<ele>-20000.000000</ele>
				<extensions>
					<ns3:TrackPointExtension>
						<ns3:hr>162</ns3:hr>
						<ns3:speed>0.715310</ns3:speed>
						<ns3:cad>43</ns3:cad>
					</ns3:TrackPointExtension>
				</extensions>
			</trkpt>
			<trkpt lat="-6.446106" lon="-35.663559">
				<time>2025-10-26T12:49:27Z</time>
				<ele>-20000.000000</ele>
				<extensions>
					<ns3:TrackPointExtension>
						<ns3:hr>161</ns3:hr>
						<ns3:speed>0.754150</ns3:speed>
						<ns3:cad>52</ns3:cad>
					</ns3:TrackPointExtension>
				</extensions>
			</trkpt>
			<trkpt lat="-6.446115" lon="-35.663557">
				<time>2025-10-26T12:49:28Z</time>
				<ele>-20000.000000</ele>
				<extensions>
					<ns3:TrackPointExtension>
						<ns3:hr>161</ns3:hr>
						<ns3:speed>0.736380</ns3:speed>
						<ns3:cad>53</ns3:cad>
					</ns3:TrackPointExtension>
				</extensions>
			</trkpt>
			<trkpt lat="-6.446123" lon="-35.663554">
				<time>2025-10-26T12:49:29Z</time>
				<ele>-20000.000000</ele>
				<extensions>
					<ns3:TrackPointExtension>
						<ns3:hr>161</ns3:hr>
						<ns3:speed>0.736380</ns3:speed>
						<ns3:cad>52</ns3:cad>
					</ns3:TrackPointExtension>
				</extensions>
			</trkpt>
			<trkpt lat="-6.446135" lon="-35.663549">
				<time>2025-10-26T12:49:30Z</time>
				<ele>-20000.000000</ele>
				<extensions>
					<ns3:TrackPointExtension>
						<ns3:hr>162</ns3:hr>
						<ns3:speed>0.748500</ns3:speed>
						<ns3:cad>60</ns3:cad>
					</ns3:TrackPointExtension>
				</extensions>
			</trkpt>
			<trkpt lat="-6.446151" lon="-35.663549">
				<time>2025-10-26T12:49:31Z</time>
				<ele>-20000.000000</ele>
				<extensions>
					<ns3:TrackPointExtension>
						<ns3:hr>161</ns3:hr>
						<ns3:speed>0.798720</ns3:speed>
						<ns3:cad>60</ns3:cad>
					</ns3:TrackPointExtension>
				</extensions>
			</trkpt>
			<trkpt lat="-6.446164" lon="-35.663554">
				<time>2025-10-26T12:49:32Z</time>
				<ele>-20000.000000</ele>
				<extensions>
					<ns3:TrackPointExtension>
						<ns3:hr>161</ns3:hr>
						<ns3:speed>0.987170</ns3:speed>
						<ns3:cad>60</ns3:cad>
					</ns3:TrackPointExtension>
				</extensions>
			</trkpt>
			<trkpt lat="-6.446174" lon="-35.663562">
				<time>2025-10-26T12:49:33Z</time>
				<ele>-20000.000000</ele>
				<extensions>
					<ns3:TrackPointExtension>
						<ns3:hr>161</ns3:hr>
						<ns3:speed>1.230010</ns3:speed>
						<ns3:cad>61</ns3:cad>
					</ns3:TrackPointExtension>
				</extensions>
			</trkpt>
			<trkpt lat="-6.446184" lon="-35.663570">
				<time>2025-10-26T12:49:34Z</time>
				<ele>-20000.000000</ele>
				<extensions>
					<ns3:TrackPointExtension>
						<ns3:hr>160</ns3:hr>
						<ns3:speed>1.358700</ns3:speed>
						<ns3:cad>86</ns3:cad>
					</ns3:TrackPointExtension>
				</extensions>
			</trkpt>
			<trkpt lat="-6.446192" lon="-35.663580">
				<time>2025-10-26T12:49:35Z</time>
				<ele>-20000.000000</ele>
				<extensions>
					<ns3:TrackPointExtension>
						<ns3:hr>160</ns3:hr>
						<ns3:speed>1.396650</ns3:speed>
						<ns3:cad>86</ns3:cad>
					</ns3:TrackPointExtension>
				</extensions>
			</trkpt>
			<trkpt lat="-6.446202" lon="-35.663593">
				<time>2025-10-26T12:49:36Z</time>
				<ele>-20000.000000</ele>
				<extensions>
					<ns3:TrackPointExtension>
						<ns3:hr>159</ns3:hr>
						<ns3:speed>1.488100</ns3:speed>
						<ns3:cad>86</ns3:cad>
					</ns3:TrackPointExtension>
				</extensions>
			</trkpt>
			<trkpt lat="-6.446212" lon="-35.663608">
				<time>2025-10-26T12:49:37Z</time>
				<ele>-20000.000000</ele>
				<extensions>
					<ns3:TrackPointExtension>
						<ns3:hr>159</ns3:hr>
						<ns3:speed>1.620750</ns3:speed>
						<ns3:cad>86</ns3:cad>
					</ns3:TrackPointExtension>
				</extensions>
			</trkpt>
			<trkpt lat="-6.446219" lon="-35.663622">
				<time>2025-10-26T12:49:38Z</time>
				<ele>-20000.000000</ele>
				<extensions>
					<ns3:TrackPointExtension>
						<ns3:hr>158</ns3:hr>
						<ns3:speed>1.600000</ns3:speed>
						<ns3:cad>84</ns3:cad>
					</ns3:TrackPointExtension>
				</extensions>
			</trkpt>
			<trkpt lat="-6.446224" lon="-35.663633">
				<time>2025-10-26T12:49:39Z</time>
				<ele>-20000.000000</ele>
				<extensions>
					<ns3:TrackPointExtension>
						<ns3:hr>157</ns3:hr>
						<ns3:speed>1.447180</ns3:speed>
						<ns3:cad>60</ns3:cad>
					</ns3:TrackPointExtension>
				</extensions>
			</trkpt>
			<trkpt lat="-6.446230" lon="-35.663644">
				<time>2025-10-26T12:49:40Z</time>
				<ele>-20000.000000</ele>
				<extensions>
					<ns3:TrackPointExtension>
						<ns3:hr>156</ns3:hr>
						<ns3:speed>1.234570</ns3:speed>
						<ns3:cad>59</ns3:cad>
					</ns3:TrackPointExtension>
				</extensions>
			</trkpt>
			<trkpt lat="-6.446237" lon="-35.663657">
				<time>2025-10-26T12:49:41Z</time>
				<ele>-20000.000000</ele>
				<extensions>
					<ns3:TrackPointExtension>
						<ns3:hr>156</ns3:hr>
						<ns3:speed>1.091700</ns3:speed>
						<ns3:cad>57</ns3:cad>
					</ns3:TrackPointExtension>
				</extensions>
			</trkpt>
			<trkpt lat="-6.446243" lon="-35.663670">
				<time>2025-10-26T12:49:42Z</time>
				<ele>-20000.000000</ele>
				<extensions>
					<ns3:TrackPointExtension>
						<ns3:hr>156</ns3:hr>
						<ns3:speed>1.095290</ns3:speed>
						<ns3:cad>50</ns3:cad>
					</ns3:TrackPointExtension>
				</extensions>
			</trkpt>
			<trkpt lat="-6.446251" lon="-35.663681">
				<time>2025-10-26T12:49:43Z</time>
				<ele>-20000.000000</ele>
				<extensions>
					<ns3:TrackPointExtension>
						<ns3:hr>156</ns3:hr>
						<ns3:speed>1.079910</ns3:speed>
						<ns3:cad>45</ns3:cad>
					</ns3:TrackPointExtension>
				</extensions>
			</trkpt>
			<trkpt lat="-6.446258" lon="-35.663691">
				<time>2025-10-26T12:49:44Z</time>
				<ele>-20000.000000</ele>
				<extensions>
					<ns3:TrackPointExtension>
						<ns3:hr>155</ns3:hr>
						<ns3:speed>1.058200</ns3:speed>
						<ns3:cad>44</ns3:cad>
					</ns3:TrackPointExtension>
				</extensions>
			</trkpt>
			<trkpt lat="-6.446268" lon="-35.663702">
				<time>2025-10-26T12:49:45Z</time>
				<ele>-20000.000000</ele>
				<extensions>
					<ns3:TrackPointExtension>
						<ns3:hr>155</ns3:hr>
						<ns3:speed>1.075270</ns3:speed>
						<ns3:cad>47</ns3:cad>
					</ns3:TrackPointExtension>
				</extensions>
			</trkpt>
			<trkpt lat="-6.446280" lon="-35.663713">
				<time>2025-10-26T12:49:46Z</time>
				<ele>-20000.000000</ele>
				<extensions>
					<ns3:TrackPointExtension>
						<ns3:hr>154</ns3:hr>
						<ns3:speed>1.072960</ns3:speed>
						<ns3:cad>48</ns3:cad>
					</ns3:TrackPointExtension>
				</extensions>
			</trkpt>
			<trkpt lat="-6.446297" lon="-35.663724">
				<time>2025-10-26T12:49:47Z</time>
				<ele>-20000.000000</ele>
				<extensions>
					<ns3:TrackPointExtension>
						<ns3:hr>155</ns3:hr>
						<ns3:speed>1.068380</ns3:speed>
						<ns3:cad>48</ns3:cad>
					</ns3:TrackPointExtension>
				</extensions>
			</trkpt>
			<trkpt lat="-6.446319" lon="-35.663737">
				<time>2025-10-26T12:49:48Z</time>
				<ele>-20000.000000</ele>
				<extensions>
					<ns3:TrackPointExtension>
						<ns3:hr>155</ns3:hr>
						<ns3:speed>1.100110</ns3:speed>
						<ns3:cad>49</ns3:cad>
					</ns3:TrackPointExtension>
				</extensions>
			</trkpt>
			<trkpt lat="-6.446345" lon="-35.663748">
				<time>2025-10-26T12:49:49Z</time>
				<ele>-20000.000000</ele>
				<extensions>
					<ns3:TrackPointExtension>
						<ns3:hr>155</ns3:hr>
						<ns3:speed>1.424500</ns3:speed>
						<ns3:cad>50</ns3:cad>
					</ns3:TrackPointExtension>
				</extensions>
			</trkpt>
			<trkpt lat="-6.446372" lon="-35.663762">
				<time>2025-10-26T12:49:50Z</time>
				<ele>-20000.000000</ele>
				<extensions>
					<ns3:TrackPointExtension>
						<ns3:hr>155</ns3:hr>
						<ns3:speed>1.937980</ns3:speed>
						<ns3:cad>79</ns3:cad>
					</ns3:TrackPointExtension>
				</extensions>
			</trkpt>
			<trkpt lat="-6.446398" lon="-35.663777">
				<time>2025-10-26T12:49:51Z</time>
				<ele>-20000.000000</ele>
				<extensions>
					<ns3:TrackPointExtension>
						<ns3:hr>154</ns3:hr>
						<ns3:speed>2.409640</ns3:speed>
						<ns3:cad>79</ns3:cad>
					</ns3:TrackPointExtension>
				</extensions>
			</trkpt>
			<trkpt lat="-6.446423" lon="-35.663790">
				<time>2025-10-26T12:49:52Z</time>
				<ele>-20000.000000</ele>
				<extensions>
					<ns3:TrackPointExtension>
						<ns3:hr>154</ns3:hr>
						<ns3:speed>2.793300</ns3:speed>
						<ns3:cad>79</ns3:cad>
					</ns3:TrackPointExtension>
				</extensions>
			</trkpt>
			<trkpt lat="-6.446447" lon="-35.663802">
				<time>2025-10-26T12:49:53Z</time>
				<ele>-20000.000000</ele>
				<extensions>
					<ns3:TrackPointExtension>
						<ns3:hr>155</ns3:hr>
						<ns3:speed>2.967360</ns3:speed>
						<ns3:cad>79</ns3:cad>
					</ns3:TrackPointExtension>
				</extensions>
			</trkpt>
			<trkpt lat="-6.446471" lon="-35.663814">
				<time>2025-10-26T12:49:54Z</time>
				<ele>-20000.000000</ele>
				<extensions>
					<ns3:TrackPointExtension>
						<ns3:hr>156</ns3:hr>
						<ns3:speed>3.003000</ns3:speed>
						<ns3:cad>79</ns3:cad>
					</ns3:TrackPointExtension>
				</extensions>
			</trkpt>
			<trkpt lat="-6.446494" lon="-35.663829">
				<time>2025-10-26T12:49:55Z</time>
				<ele>-20000.000000</ele>
				<extensions>
					<ns3:TrackPointExtension>
						<ns3:hr>158</ns3:hr>
						<ns3:speed>3.003000</ns3:speed>
						<ns3:cad>79</ns3:cad>
					</ns3:TrackPointExtension>
				</extensions>
			</trkpt>
			<trkpt lat="-6.446516" lon="-35.663847">
				<time>2025-10-26T12:49:56Z</time>
				<ele>-20000.000000</ele>
				<extensions>
					<ns3:TrackPointExtension>
						<ns3:hr>159</ns3:hr>
						<ns3:speed>2.994010</ns3:speed>
						<ns3:cad>78</ns3:cad>
					</ns3:TrackPointExtension>
				</extensions>
			</trkpt>
			<trkpt lat="-6.446527" lon="-35.663865">
				<time>2025-10-26T12:49:57Z</time>
				<ele>-20000.000000</ele>
				<extensions>
					<ns3:TrackPointExtension>
						<ns3:hr>159</ns3:hr>
						<ns3:speed>2.985070</ns3:speed>
						<ns3:cad>78</ns3:cad>
					</ns3:TrackPointExtension>
				</extensions>
			</trkpt>
			<trkpt lat="-6.446537" lon="-35.663879">
				<time>2025-10-26T12:49:58Z</time>
				<ele>-20000.000000</ele>
				<extensions>
					<ns3:TrackPointExtension>
						<ns3:hr>161</ns3:hr>
						<ns3:speed>2.949850</ns3:speed>
						<ns3:cad>78</ns3:cad>
					</ns3:TrackPointExtension>
				</extensions>
			</trkpt>
			<trkpt lat="-6.446545" lon="-35.663891">
				<time>2025-10-26T12:49:59Z</time>
				<ele>-20000.000000</ele>
				<extensions>
					<ns3:TrackPointExtension>
						<ns3:hr>161</ns3:hr>
						<ns3:speed>2.762430</ns3:speed>
						<ns3:cad>78</ns3:cad>
					</ns3:TrackPointExtension>
				</extensions>
			</trkpt>
			<trkpt lat="-6.446553" lon="-35.663901">
				<time>2025-10-26T12:50:00Z</time>
				<ele>-20000.000000</ele>
				<extensions>
					<ns3:TrackPointExtension>
						<ns3:hr>161</ns3:hr>
						<ns3:speed>2.375300</ns3:speed>
						<ns3:cad>77</ns3:cad>
					</ns3:TrackPointExtension>
				</extensions>
			</trkpt>
			<trkpt lat="-6.446558" lon="-35.663906">
				<time>2025-10-26T12:50:01Z</time>
				<ele>-20000.000000</ele>
				<extensions>
					<ns3:TrackPointExtension>
						<ns3:hr>161</ns3:hr>
						<ns3:speed>1.748250</ns3:speed>
						<ns3:cad>76</ns3:cad>
					</ns3:TrackPointExtension>
				</extensions>
			</trkpt>
			<trkpt lat="-6.446562" lon="-35.663910">
				<time>2025-10-26T12:50:02Z</time>
				<ele>-20000.000000</ele>
				<extensions>
					<ns3:TrackPointExtension>
						<ns3:hr>159</ns3:hr>
						<ns3:speed>1.182030</ns3:speed>
						<ns3:cad>74</ns3:cad>
					</ns3:TrackPointExtension>
				</extensions>
			</trkpt>
			<trkpt lat="-6.446564" lon="-35.663912">
				<time>2025-10-26T12:50:03Z</time>
				<ele>-20000.000000</ele>
				<extensions>
					<ns3:TrackPointExtension>
						<ns3:hr>159</ns3:hr>
						<ns3:speed>0.881830</ns3:speed>
						<ns3:cad>73</ns3:cad>
					</ns3:TrackPointExtension>
				</extensions>
			</trkpt>
			<trkpt lat="-6.446566" lon="-35.663914">
				<time>2025-10-26T12:50:04Z</time>
				<ele>-20000.000000</ele>
				<extensions>
					<ns3:TrackPointExtension>
						<ns3:hr>158</ns3:hr>
						<ns3:speed>0.632110</ns3:speed>
						<ns3:cad>73</ns3:cad>
					</ns3:TrackPointExtension>
				</extensions>
			</trkpt>
			<trkpt lat="-6.446567" lon="-35.663915">
				<time>2025-10-26T12:50:05Z</time>
				<ele>-20000.000000</ele>
				<extensions>
					<ns3:TrackPointExtension>
						<ns3:hr>159</ns3:hr>
						<ns3:speed>0.454550</ns3:speed>
						<ns3:cad>73</ns3:cad>
					</ns3:TrackPointExtension>
				</extensions>
			</trkpt>
			<trkpt lat="-6.446567" lon="-35.663918">
				<time>2025-10-26T12:50:06Z</time>
				<ele>-20000.000000</ele>
				<extensions>
					<ns3:TrackPointExtension>
						<ns3:hr>159</ns3:hr>
						<ns3:speed>0.379650</ns3:speed>
						<ns3:cad>43</ns3:cad>
					</ns3:TrackPointExtension>
				</extensions>
			</trkpt>
			<trkpt lat="-6.446567" lon="-35.663919">
				<time>2025-10-26T12:50:07Z</time>
				<ele>-20000.000000</ele>
				<extensions>
					<ns3:TrackPointExtension>
						<ns3:hr>159</ns3:hr>
						<ns3:speed>0.334000</ns3:speed>
						<ns3:cad>42</ns3:cad>
					</ns3:TrackPointExtension>
				</extensions>
			</trkpt>
			<trkpt lat="-6.446566" lon="-35.663920">
				<time>2025-10-26T12:50:08Z</time>
				<ele>-20000.000000</ele>
				<extensions>
					<ns3:TrackPointExtension>
						<ns3:hr>158</ns3:hr>
						<ns3:speed>0.000000</ns3:speed>
						<ns3:cad>41</ns3:cad>
					</ns3:TrackPointExtension>
				</extensions>
			</trkpt>
			<trkpt lat="-6.446565" lon="-35.663920">
				<time>2025-10-26T12:50:09Z</time>
				<ele>-20000.000000</ele>
				<extensions>
					<ns3:TrackPointExtension>
						<ns3:hr>157</ns3:hr>
						<ns3:speed>0.000000</ns3:speed>
						<ns3:cad>0</ns3:cad>
					</ns3:TrackPointExtension>
				</extensions>
			</trkpt>
			<trkpt lat="-6.446564" lon="-35.663920">
				<time>2025-10-26T12:50:10Z</time>
				<ele>-20000.000000</ele>
				<extensions>
					<ns3:TrackPointExtension>
						<ns3:hr>158</ns3:hr>
						<ns3:speed>0.000000</ns3:speed>
						<ns3:cad>0</ns3:cad>
					</ns3:TrackPointExtension>
				</extensions>
			</trkpt>
			<trkpt lat="-6.446563" lon="-35.663921">
				<time>2025-10-26T12:50:11Z</time>
				<ele>-20000.000000</ele>
				<extensions>
					<ns3:TrackPointExtension>
						<ns3:hr>158</ns3:hr>
						<ns3:speed>0.000000</ns3:speed>
						<ns3:cad>0</ns3:cad>
					</ns3:TrackPointExtension>
				</extensions>
			</trkpt>
			<trkpt lat="-6.446562" lon="-35.663922">
				<time>2025-10-26T12:50:12Z</time>
				<ele>-20000.000000</ele>
				<extensions>
					<ns3:TrackPointExtension>
						<ns3:hr>158</ns3:hr>
						<ns3:speed>0.000000</ns3:speed>
						<ns3:cad>0</ns3:cad>
					</ns3:TrackPointExtension>
				</extensions>
			</trkpt>
			<trkpt lat="-6.446561" lon="-35.663924">
				<time>2025-10-26T12:50:13Z</time>
				<ele>-20000.000000</ele>
				<extensions>
					<ns3:TrackPointExtension>
						<ns3:hr>158</ns3:hr>
						<ns3:speed>0.000000</ns3:speed>
						<ns3:cad>0</ns3:cad>
					</ns3:TrackPointExtension>
				</extensions>
			</trkpt>
			<trkpt lat="-6.446561" lon="-35.663924">
				<time>2025-10-26T12:50:14Z</time>
				<ele>-20000.000000</ele>
				<extensions>
					<ns3:TrackPointExtension>
						<ns3:hr>158</ns3:hr>
						<ns3:speed>0.000000</ns3:speed>
						<ns3:cad>0</ns3:cad>
					</ns3:TrackPointExtension>
				</extensions>
			</trkpt>
			<trkpt lat="-6.446560" lon="-35.663924">
				<time>2025-10-26T12:50:15Z</time>
				<ele>-20000.000000</ele>
				<extensions>
					<ns3:TrackPointExtension>
						<ns3:hr>158</ns3:hr>
						<ns3:speed>0.000000</ns3:speed>
						<ns3:cad>0</ns3:cad>
					</ns3:TrackPointExtension>
				</extensions>
			</trkpt>
			<trkpt lat="-6.446560" lon="-35.663924">
				<time>2025-10-26T12:50:16Z</time>
				<ele>-20000.000000</ele>
				<extensions>
					<ns3:TrackPointExtension>
						<ns3:hr>157</ns3:hr>
						<ns3:speed>0.000000</ns3:speed>
						<ns3:cad>0</ns3:cad>
					</ns3:TrackPointExtension>
				</extensions>
			</trkpt>
			<trkpt lat="-6.446560" lon="-35.663924">
				<time>2025-10-26T12:50:17Z</time>
				<ele>-20000.000000</ele>
				<extensions>
					<ns3:TrackPointExtension>
						<ns3:hr>157</ns3:hr>
						<ns3:speed>0.000000</ns3:speed>
						<ns3:cad>0</ns3:cad>
					</ns3:TrackPointExtension>
				</extensions>
			</trkpt>
			<trkpt lat="-6.446560" lon="-35.663924">
				<time>2025-10-26T12:50:18Z</time>
				<ele>-20000.000000</ele>
				<extensions>
					<ns3:TrackPointExtension>
						<ns3:hr>157</ns3:hr>
						<ns3:speed>0.000000</ns3:speed>
						<ns3:cad>0</ns3:cad>
					</ns3:TrackPointExtension>
				</extensions>
			</trkpt>
			<trkpt lat="-6.446560" lon="-35.663924">
				<time>2025-10-26T12:50:19Z</time>
				<ele>-20000.000000</ele>
				<extensions>
					<ns3:TrackPointExtension>
						<ns3:hr>155</ns3:hr>
						<ns3:speed>0.000000</ns3:speed>
						<ns3:cad>0</ns3:cad>
					</ns3:TrackPointExtension>
				</extensions>
			</trkpt>
			<trkpt lat="-6.446561" lon="-35.663924">
				<time>2025-10-26T12:50:20Z</time>
				<ele>-20000.000000</ele>
				<extensions>
					<ns3:TrackPointExtension>
						<ns3:hr>154</ns3:hr>
						<ns3:speed>0.000000</ns3:speed>
						<ns3:cad>0</ns3:cad>
					</ns3:TrackPointExtension>
				</extensions>
			</trkpt>
			<trkpt lat="-6.446561" lon="-35.663925">
				<time>2025-10-26T12:50:21Z</time>
				<ele>-20000.000000</ele>
				<extensions>
					<ns3:TrackPointExtension>
						<ns3:hr>154</ns3:hr>
						<ns3:speed>0.000000</ns3:speed>
						<ns3:cad>0</ns3:cad>
					</ns3:TrackPointExtension>
				</extensions>
			</trkpt>
			<trkpt lat="-6.446559" lon="-35.663927">
				<time>2025-10-26T12:50:22Z</time>
				<ele>-20000.000000</ele>
				<extensions>
					<ns3:TrackPointExtension>
						<ns3:hr>154</ns3:hr>
						<ns3:speed>0.000000</ns3:speed>
						<ns3:cad>0</ns3:cad>
					</ns3:TrackPointExtension>
				</extensions>
			</trkpt>
			<trkpt lat="-6.446557" lon="-35.663931">
				<time>2025-10-26T12:50:23Z</time>
				<ele>-20000.000000</ele>
				<extensions>
					<ns3:TrackPointExtension>
						<ns3:hr>154</ns3:hr>
						<ns3:speed>0.000000</ns3:speed>
						<ns3:cad>0</ns3:cad>
					</ns3:TrackPointExtension>
				</extensions>
			</trkpt>
			<trkpt lat="-6.446554" lon="-35.663934">
				<time>2025-10-26T12:50:24Z</time>
				<ele>-20000.000000</ele>
				<extensions>
					<ns3:TrackPointExtension>
						<ns3:hr>154</ns3:hr>
						<ns3:speed>0.305160</ns3:speed>
						<ns3:cad>0</ns3:cad>
					</ns3:TrackPointExtension>
				</extensions>
			</trkpt>
			<trkpt lat="-6.446550" lon="-35.663937">
				<time>2025-10-26T12:50:25Z</time>
				<ele>-20000.000000</ele>
				<extensions>
					<ns3:TrackPointExtension>
						<ns3:hr>153</ns3:hr>
						<ns3:speed>0.378210</ns3:speed>
						<ns3:cad>0</ns3:cad>
					</ns3:TrackPointExtension>
				</extensions>
			</trkpt>
			<trkpt lat="-6.446546" lon="-35.663940">
				<time>2025-10-26T12:50:26Z</time>
				<ele>-20000.000000</ele>
				<extensions>
					<ns3:TrackPointExtension>
						<ns3:hr>153</ns3:hr>
						<ns3:speed>0.462320</ns3:speed>
						<ns3:cad>0</ns3:cad>
					</ns3:TrackPointExtension>
				</extensions>
			</trkpt>
			<trkpt lat="-6.446541" lon="-35.663943">
				<time>2025-10-26T12:50:27Z</time>
				<ele>-20000.000000</ele>
				<extensions>
					<ns3:TrackPointExtension>
						<ns3:hr>153</ns3:hr>
						<ns3:speed>0.549450</ns3:speed>
						<ns3:cad>0</ns3:cad>
					</ns3:TrackPointExtension>
				</extensions>
			</trkpt>
			<trkpt lat="-6.446535" lon="-35.663948">
				<time>2025-10-26T12:50:28Z</time>
				<ele>-20000.000000</ele>
				<extensions>
					<ns3:TrackPointExtension>
						<ns3:hr>152</ns3:hr>
						<ns3:speed>0.643920</ns3:speed>
						<ns3:cad>45</ns3:cad>
					</ns3:TrackPointExtension>
				</extensions>
			</trkpt>
			<trkpt lat="-6.446527" lon="-35.663956">
				<time>2025-10-26T12:50:29Z</time>
				<ele>-20000.000000</ele>
				<extensions>
					<ns3:TrackPointExtension>
						<ns3:hr>152</ns3:hr>
						<ns3:speed>0.679810</ns3:speed>
						<ns3:cad>46</ns3:cad>
					</ns3:TrackPointExtension>
				</extensions>
			</trkpt>
			<trkpt lat="-6.446517" lon="-35.663965">
				<time>2025-10-26T12:50:30Z</time>
				<ele>-20000.000000</ele>
				<extensions>
					<ns3:TrackPointExtension>
						<ns3:hr>153</ns3:hr>
						<ns3:speed>0.664890</ns3:speed>
						<ns3:cad>47</ns3:cad>
					</ns3:TrackPointExtension>
				</extensions>
			</trkpt>
			<trkpt lat="-6.446506" lon="-35.663975">
				<time>2025-10-26T12:50:31Z</time>
				<ele>-20000.000000</ele>
				<extensions>
					<ns3:TrackPointExtension>
						<ns3:hr>152</ns3:hr>
						<ns3:speed>0.677050</ns3:speed>
						<ns3:cad>47</ns3:cad>
					</ns3:TrackPointExtension>
				</extensions>
			</trkpt>
			<trkpt lat="-6.446491" lon="-35.663988">
				<time>2025-10-26T12:50:32Z</time>
				<ele>-20000.000000</ele>
				<extensions>
					<ns3:TrackPointExtension>
						<ns3:hr>152</ns3:hr>
						<ns3:speed>0.727270</ns3:speed>
						<ns3:cad>47</ns3:cad>
					</ns3:TrackPointExtension>
				</extensions>
			</trkpt>
			<trkpt lat="-6.446471" lon="-35.664009">
				<time>2025-10-26T12:50:33Z</time>
				<ele>-20000.000000</ele>
				<extensions>
					<ns3:TrackPointExtension>
						<ns3:hr>152</ns3:hr>
						<ns3:speed>0.801920</ns3:speed>
						<ns3:cad>87</ns3:cad>
					</ns3:TrackPointExtension>
				</extensions>
			</trkpt>
			<trkpt lat="-6.446447" lon="-35.664031">
				<time>2025-10-26T12:50:34Z</time>
				<ele>-20000.000000</ele>
				<extensions>
					<ns3:TrackPointExtension>
						<ns3:hr>154</ns3:hr>
						<ns3:speed>1.213590</ns3:speed>
						<ns3:cad>86</ns3:cad>
					</ns3:TrackPointExtension>
				</extensions>
			</trkpt>
			<trkpt lat="-6.446422" lon="-35.664054">
				<time>2025-10-26T12:50:35Z</time>
				<ele>-20000.000000</ele>
				<extensions>
					<ns3:TrackPointExtension>
						<ns3:hr>156</ns3:hr>
						<ns3:speed>1.937980</ns3:speed>
						<ns3:cad>86</ns3:cad>
					</ns3:TrackPointExtension>
				</extensions>
			</trkpt>
			<trkpt lat="-6.446397" lon="-35.664077">
				<time>2025-10-26T12:50:36Z</time>
				<ele>-20000.000000</ele>
				<extensions>
					<ns3:TrackPointExtension>
						<ns3:hr>158</ns3:hr>
						<ns3:speed>2.666670</ns3:speed>
						<ns3:cad>86</ns3:cad>
					</ns3:TrackPointExtension>
				</extensions>
			</trkpt>
			<trkpt lat="-6.446371" lon="-35.664099">
				<time>2025-10-26T12:50:37Z</time>
				<ele>-20000.000000</ele>
				<extensions>
					<ns3:TrackPointExtension>
						<ns3:hr>161</ns3:hr>
						<ns3:speed>3.236250</ns3:speed>
						<ns3:cad>85</ns3:cad>
					</ns3:TrackPointExtension>
				</extensions>
			</trkpt>
			<trkpt lat="-6.446344" lon="-35.664121">
				<time>2025-10-26T12:50:38Z</time>
				<ele>-20000.000000</ele>
				<extensions>
					<ns3:TrackPointExtension>
						<ns3:hr>163</ns3:hr>
						<ns3:speed>3.484320</ns3:speed>
						<ns3:cad>84</ns3:cad>
					</ns3:TrackPointExtension>
				</extensions>
			</trkpt>
			<trkpt lat="-6.446316" lon="-35.664142">
				<time>2025-10-26T12:50:39Z</time>
				<ele>-20000.000000</ele>
				<extensions>
					<ns3:TrackPointExtension>
						<ns3:hr>165</ns3:hr>
						<ns3:speed>3.533570</ns3:speed>
						<ns3:cad>83</ns3:cad>
					</ns3:TrackPointExtension>
				</extensions>
			</trkpt>
			<trkpt lat="-6.446289" lon="-35.664163">
				<time>2025-10-26T12:50:40Z</time>
				<ele>-20000.000000</ele>
				<extensions>
					<ns3:TrackPointExtension>
						<ns3:hr>166</ns3:hr>
						<ns3:speed>3.546100</ns3:speed>
						<ns3:cad>82</ns3:cad>
					</ns3:TrackPointExtension>
				</extensions>
			</trkpt>
			<trkpt lat="-6.446262" lon="-35.664184">
				<time>2025-10-26T12:50:41Z</time>
				<ele>-20000.000000</ele>
				<extensions>
					<ns3:TrackPointExtension>
						<ns3:hr>167</ns3:hr>
						<ns3:speed>3.571430</ns3:speed>
						<ns3:cad>81</ns3:cad>
					</ns3:TrackPointExtension>
				</extensions>
			</trkpt>
			<trkpt lat="-6.446235" lon="-35.664205">
				<time>2025-10-26T12:50:42Z</time>
				<ele>-20000.000000</ele>
				<extensions>
					<ns3:TrackPointExtension>
						<ns3:hr>166</ns3:hr>
						<ns3:speed>3.597120</ns3:speed>
						<ns3:cad>81</ns3:cad>
					</ns3:TrackPointExtension>
				</extensions>
			</trkpt>
			<trkpt lat="-6.446208" lon="-35.664226">
				<time>2025-10-26T12:50:43Z</time>
				<ele>-20000.000000</ele>
				<extensions>
					<ns3:TrackPointExtension>
						<ns3:hr>165</ns3:hr>
						<ns3:speed>3.597120</ns3:speed>
						<ns3:cad>80</ns3:cad>
					</ns3:TrackPointExtension>
				</extensions>
			</trkpt>
			<trkpt lat="-6.446184" lon="-35.664247">
				<time>2025-10-26T12:50:44Z</time>
				<ele>-20000.000000</ele>
				<extensions>
					<ns3:TrackPointExtension>
						<ns3:hr>164</ns3:hr>
						<ns3:speed>3.597120</ns3:speed>
						<ns3:cad>80</ns3:cad>
					</ns3:TrackPointExtension>
				</extensions>
			</trkpt>
			<trkpt lat="-6.446161" lon="-35.664268">
				<time>2025-10-26T12:50:45Z</time>
				<ele>-20000.000000</ele>
				<extensions>
					<ns3:TrackPointExtension>
						<ns3:hr>163</ns3:hr>
						<ns3:speed>3.571430</ns3:speed>
						<ns3:cad>80</ns3:cad>
					</ns3:TrackPointExtension>
				</extensions>
			</trkpt>
			<trkpt lat="-6.446138" lon="-35.664286">
				<time>2025-10-26T12:50:46Z</time>
				<ele>-20000.000000</ele>
				<extensions>
					<ns3:TrackPointExtension>
						<ns3:hr>162</ns3:hr>
						<ns3:speed>3.521130</ns3:speed>
						<ns3:cad>79</ns3:cad>
					</ns3:TrackPointExtension>
				</extensions>
			</trkpt>
			<trkpt lat="-6.446116" lon="-35.664303">
				<time>2025-10-26T12:50:47Z</time>
				<ele>-20000.000000</ele>
				<extensions>
					<ns3:TrackPointExtension>
						<ns3:hr>162</ns3:hr>
						<ns3:speed>3.460210</ns3:speed>
						<ns3:cad>79</ns3:cad>
					</ns3:TrackPointExtension>
				</extensions>
			</trkpt>
			<trkpt lat="-6.446098" lon="-35.664318">
				<time>2025-10-26T12:50:48Z</time>
				<ele>-20000.000000</ele>
				<extensions>
					<ns3:TrackPointExtension>
						<ns3:hr>161</ns3:hr>
						<ns3:speed>3.378380</ns3:speed>
						<ns3:cad>78</ns3:cad>
					</ns3:TrackPointExtension>
				</extensions>
			</trkpt>
			<trkpt lat="-6.446086" lon="-35.664335">
				<time>2025-10-26T12:50:49Z</time>
				<ele>-20000.000000</ele>
				<extensions>
					<ns3:TrackPointExtension>
						<ns3:hr>160</ns3:hr>
						<ns3:speed>3.267970</ns3:speed>
						<ns3:cad>78</ns3:cad>
					</ns3:TrackPointExtension>
				</extensions>
			</trkpt>
			<trkpt lat="-6.446077" lon="-35.664349">
				<time>2025-10-26T12:50:50Z</time>
				<ele>-20000.000000</ele>
				<extensions>
					<ns3:TrackPointExtension>
						<ns3:hr>160</ns3:hr>
						<ns3:speed>3.039510</ns3:speed>
						<ns3:cad>77</ns3:cad>
					</ns3:TrackPointExtension>
				</extensions>
			</trkpt>
			<trkpt lat="-6.446071" lon="-35.664359">
				<time>2025-10-26T12:50:51Z</time>
				<ele>-20000.000000</ele>
				<extensions>
					<ns3:TrackPointExtension>
						<ns3:hr>159</ns3:hr>
						<ns3:speed>2.680970</ns3:speed>
						<ns3:cad>77</ns3:cad>
					</ns3:TrackPointExtension>
				</extensions>
			</trkpt>
			<trkpt lat="-6.446065" lon="-35.664366">
				<time>2025-10-26T12:50:52Z</time>
				<ele>-20000.000000</ele>
				<extensions>
					<ns3:TrackPointExtension>
						<ns3:hr>160</ns3:hr>
						<ns3:speed>2.066120</ns3:speed>
						<ns3:cad>76</ns3:cad>
					</ns3:TrackPointExtension>
				</extensions>
			</trkpt>
			<trkpt lat="-6.446057" lon="-35.664367">
				<time>2025-10-26T12:50:53Z</time>
				<ele>-20000.000000</ele>
				<extensions>
					<ns3:TrackPointExtension>
						<ns3:hr>160</ns3:hr>
						<ns3:speed>1.420450</ns3:speed>
						<ns3:cad>76</ns3:cad>
					</ns3:TrackPointExtension>
				</extensions>
			</trkpt>
			<trkpt lat="-6.446048" lon="-35.664364">
				<time>2025-10-26T12:50:54Z</time>
				<ele>-20000.000000</ele>
				<extensions>
					<ns3:TrackPointExtension>
						<ns3:hr>160</ns3:hr>
						<ns3:speed>1.248440</ns3:speed>
						<ns3:cad>73</ns3:cad>
					</ns3:TrackPointExtension>
				</extensions>
			</trkpt>
			<trkpt lat="-6.446039" lon="-35.664357">
				<time>2025-10-26T12:50:55Z</time>
				<ele>-20000.000000</ele>
				<extensions>
					<ns3:TrackPointExtension>
						<ns3:hr>161</ns3:hr>
						<ns3:speed>1.317520</ns3:speed>
						<ns3:cad>77</ns3:cad>
					</ns3:TrackPointExtension>
				</extensions>
			</trkpt>
			<trkpt lat="-6.446028" lon="-35.664350">
				<time>2025-10-26T12:50:56Z</time>
				<ele>-20000.000000</ele>
				<extensions>
					<ns3:TrackPointExtension>
						<ns3:hr>161</ns3:hr>
						<ns3:speed>1.340480</ns3:speed>
						<ns3:cad>77</ns3:cad>
					</ns3:TrackPointExtension>
				</extensions>
			</trkpt>
			<trkpt lat="-6.446017" lon="-35.664342">
				<time>2025-10-26T12:50:57Z</time>
				<ele>-20000.000000</ele>
				<extensions>
					<ns3:TrackPointExtension>
						<ns3:hr>161</ns3:hr>
						<ns3:speed>1.340480</ns3:speed>
						<ns3:cad>78</ns3:cad>
					</ns3:TrackPointExtension>
				</extensions>
			</trkpt>
			<trkpt lat="-6.446004" lon="-35.664333">
				<time>2025-10-26T12:50:58Z</time>
				<ele>-20000.000000</ele>
				<extensions>
					<ns3:TrackPointExtension>
						<ns3:hr>162</ns3:hr>
						<ns3:speed>1.408450</ns3:speed>
						<ns3:cad>78</ns3:cad>
					</ns3:TrackPointExtension>
				</extensions>
			</trkpt>
			<trkpt lat="-6.445991" lon="-35.664327">
				<time>2025-10-26T12:50:59Z</time>
				<ele>-20000.000000</ele>
				<extensions>
					<ns3:TrackPointExtension>
						<ns3:hr>162</ns3:hr>
						<ns3:speed>1.485880</ns3:speed>
						<ns3:cad>79</ns3:cad>
					</ns3:TrackPointExtension>
				</extensions>
			</trkpt>
			<trkpt lat="-6.445978" lon="-35.664327">
				<time>2025-10-26T12:51:00Z</time>
				<ele>-20000.000000</ele>
				<extensions>
					<ns3:TrackPointExtension>
						<ns3:hr>163</ns3:hr>
						<ns3:speed>1.503760</ns3:speed>
						<ns3:cad>80</ns3:cad>
					</ns3:TrackPointExtension>
				</extensions>
			</trkpt>
			<trkpt lat="-6.445963" lon="-35.664332">
				<time>2025-10-26T12:51:01Z</time>
				<ele>-20000.000000</ele>
				<extensions>
					<ns3:TrackPointExtension>
						<ns3:hr>163</ns3:hr>
						<ns3:speed>1.543210</ns3:speed>
						<ns3:cad>81</ns3:cad>
					</ns3:TrackPointExtension>
				</extensions>
			</trkpt>
			<trkpt lat="-6.445948" lon="-35.664343">
				<time>2025-10-26T12:51:02Z</time>
				<ele>-20000.000000</ele>
				<extensions>
					<ns3:TrackPointExtension>
						<ns3:hr>163</ns3:hr>
						<ns3:speed>1.574800</ns3:speed>
						<ns3:cad>81</ns3:cad>
					</ns3:TrackPointExtension>
				</extensions>
			</trkpt>
			<trkpt lat="-6.445932" lon="-35.664359">
				<time>2025-10-26T12:51:03Z</time>
				<ele>-20000.000000</ele>
				<extensions>
					<ns3:TrackPointExtension>
						<ns3:hr>164</ns3:hr>
						<ns3:speed>1.610310</ns3:speed>
						<ns3:cad>81</ns3:cad>
					</ns3:TrackPointExtension>
				</extensions>
			</trkpt>
			<trkpt lat="-6.445917" lon="-35.664378">
				<time>2025-10-26T12:51:04Z</time>
				<ele>-20000.000000</ele>
				<extensions>
					<ns3:TrackPointExtension>
						<ns3:hr>163</ns3:hr>
						<ns3:speed>1.703580</ns3:speed>
						<ns3:cad>81</ns3:cad>
					</ns3:TrackPointExtension>
				</extensions>
			</trkpt>
			<trkpt lat="-6.445903" lon="-35.664401">
				<time>2025-10-26T12:51:05Z</time>
				<ele>-20000.000000</ele>
				<extensions>
					<ns3:TrackPointExtension>
						<ns3:hr>163</ns3:hr>
						<ns3:speed>1.923080</ns3:speed>
						<ns3:cad>81</ns3:cad>
					</ns3:TrackPointExtension>
				</extensions>
			</trkpt>
			<trkpt lat="-6.445892" lon="-35.664424">
				<time>2025-10-26T12:51:06Z</time>
				<ele>-20000.000000</ele>
				<extensions>
					<ns3:TrackPointExtension>
						<ns3:hr>164</ns3:hr>
						<ns3:speed>2.202640</ns3:speed>
						<ns3:cad>80</ns3:cad>
					</ns3:TrackPointExtension>
				</extensions>
			</trkpt>
			<trkpt lat="-6.445883" lon="-35.664443">
				<time>2025-10-26T12:51:07Z</time>
				<ele>-20000.000000</ele>
				<extensions>
					<ns3:TrackPointExtension>
						<ns3:hr>165</ns3:hr>
						<ns3:speed>2.341920</ns3:speed>
						<ns3:cad>80</ns3:cad>
					</ns3:TrackPointExtension>
				</extensions>
			</trkpt>
			<trkpt lat="-6.445876" lon="-35.664462">
				<time>2025-10-26T12:51:08Z</time>
				<ele>-20000.000000</ele>
				<extensions>
					<ns3:TrackPointExtension>
						<ns3:hr>166</ns3:hr>
						<ns3:speed>2.375300</ns3:speed>
						<ns3:cad>79</ns3:cad>
					</ns3:TrackPointExtension>
				</extensions>
			</trkpt>
			<trkpt lat="-6.445870" lon="-35.664481">
				<time>2025-10-26T12:51:09Z</time>
				<ele>-20000.000000</ele>
				<extensions>
					<ns3:TrackPointExtension>
						<ns3:hr>167</ns3:hr>
						<ns3:speed>2.375300</ns3:speed>
						<ns3:cad>78</ns3:cad>
					</ns3:TrackPointExtension>
				</extensions>
			</trkpt>
			<trkpt lat="-6.445865" lon="-35.664497">
				<time>2025-10-26T12:51:10Z</time>
				<ele>-20000.000000</ele>
				<extensions>
					<ns3:TrackPointExtension>
						<ns3:hr>167</ns3:hr>
						<ns3:speed>2.293580</ns3:speed>
						<ns3:cad>77</ns3:cad>
					</ns3:TrackPointExtension>
				</extensions>
			</trkpt>
			<trkpt lat="-6.445863" lon="-35.664508">
				<time>2025-10-26T12:51:11Z</time>
				<ele>-20000.000000</ele>
				<extensions>
					<ns3:TrackPointExtension>
						<ns3:hr>167</ns3:hr>
						<ns3:speed>2.155170</ns3:speed>
						<ns3:cad>77</ns3:cad>
					</ns3:TrackPointExtension>
				</extensions>
			</trkpt>
			<trkpt lat="-6.445862" lon="-35.664518">
				<time>2025-10-26T12:51:12Z</time>
				<ele>-20000.000000</ele>
				<extensions>
					<ns3:TrackPointExtension>
						<ns3:hr>166</ns3:hr>
						<ns3:speed>2.012070</ns3:speed>
						<ns3:cad>77</ns3:cad>
					</ns3:TrackPointExtension>
				</extensions>
			</trkpt>
			<trkpt lat="-6.445859" lon="-35.664526">
				<time>2025-10-26T12:51:13Z</time>
				<ele>-20000.000000</ele>
				<extensions>
					<ns3:TrackPointExtension>
						<ns3:hr>167</ns3:hr>
						<ns3:speed>1.757470</ns3:speed>
						<ns3:cad>77</ns3:cad>
					</ns3:TrackPointExtension>
				</extensions>
			</trkpt>
			<trkpt lat="-6.445857" lon="-35.664533">
				<time>2025-10-26T12:51:14Z</time>
				<ele>-20000.000000</ele>
				<extensions>
					<ns3:TrackPointExtension>
						<ns3:hr>166</ns3:hr>
						<ns3:speed>0.000000</ns3:speed>
						<ns3:cad>76</ns3:cad>
					</ns3:TrackPointExtension>
				</extensions>
			</trkpt>
			<trkpt lat="-6.445860" lon="-35.664542">
				<time>2025-10-26T12:51:15Z</time>
				<ele>-20000.000000</ele>
				<extensions>
					<ns3:TrackPointExtension>
						<ns3:hr>167</ns3:hr>
						<ns3:speed>0.000000</ns3:speed>
						<ns3:cad>0</ns3:cad>
					</ns3:TrackPointExtension>
				</extensions>
			</trkpt>
			<trkpt lat="-6.445858" lon="-35.664545">
				<time>2025-10-26T12:51:16Z</time>
				<ele>-20000.000000</ele>
				<extensions>
					<ns3:TrackPointExtension>
						<ns3:hr>167</ns3:hr>
						<ns3:speed>0.000000</ns3:speed>
						<ns3:cad>0</ns3:cad>
					</ns3:TrackPointExtension>
				</extensions>
			</trkpt>
			<trkpt lat="-6.445857" lon="-35.664547">
				<time>2025-10-26T12:51:17Z</time>
				<ele>-20000.000000</ele>
				<extensions>
					<ns3:TrackPointExtension>
						<ns3:hr>167</ns3:hr>
						<ns3:speed>0.000000</ns3:speed>
						<ns3:cad>0</ns3:cad>
					</ns3:TrackPointExtension>
				</extensions>
			</trkpt>
			<trkpt lat="-6.445856" lon="-35.664549">
				<time>2025-10-26T12:51:18Z</time>
				<ele>-20000.000000</ele>
				<extensions>
					<ns3:TrackPointExtension>
						<ns3:hr>168</ns3:hr>
						<ns3:speed>0.000000</ns3:speed>
						<ns3:cad>0</ns3:cad>
					</ns3:TrackPointExtension>
				</extensions>
			</trkpt>
			<trkpt lat="-6.445858" lon="-35.664553">
				<time>2025-10-26T12:51:19Z</time>
				<ele>-20000.000000</ele>
				<extensions>
					<ns3:TrackPointExtension>
						<ns3:hr>167</ns3:hr>
						<ns3:speed>0.000000</ns3:speed>
						<ns3:cad>0</ns3:cad>
					</ns3:TrackPointExtension>
				</extensions>
			</trkpt>
			<trkpt lat="-6.445862" lon="-35.664558">
				<time>2025-10-26T12:51:20Z</time>
				<ele>-20000.000000</ele>
				<extensions>
					<ns3:TrackPointExtension>
						<ns3:hr>167</ns3:hr>
						<ns3:speed>0.454550</ns3:speed>
						<ns3:cad>47</ns3:cad>
					</ns3:TrackPointExtension>
				</extensions>
			</trkpt>
			<trkpt lat="-6.445867" lon="-35.664564">
				<time>2025-10-26T12:51:21Z</time>
				<ele>-20000.000000</ele>
				<extensions>
					<ns3:TrackPointExtension>
						<ns3:hr>167</ns3:hr>
						<ns3:speed>0.469260</ns3:speed>
						<ns3:cad>46</ns3:cad>
					</ns3:TrackPointExtension>
				</extensions>
			</trkpt>
			<trkpt lat="-6.445872" lon="-35.664572">
				<time>2025-10-26T12:51:22Z</time>
				<ele>-20000.000000</ele>
				<extensions>
					<ns3:TrackPointExtension>
						<ns3:hr>167</ns3:hr>
						<ns3:speed>0.501000</ns3:speed>
						<ns3:cad>43</ns3:cad>
					</ns3:TrackPointExtension>
				</extensions>
			</trkpt>
			<trkpt lat="-6.445880" lon="-35.664578">
				<time>2025-10-26T12:51:23Z</time>
				<ele>-20000.000000</ele>
				<extensions>
					<ns3:TrackPointExtension>
						<ns3:hr>167</ns3:hr>
						<ns3:speed>0.550660</ns3:speed>
						<ns3:cad>42</ns3:cad>
					</ns3:TrackPointExtension>
				</extensions>
			</trkpt>
			<trkpt lat="-6.445886" lon="-35.664583">
				<time>2025-10-26T12:51:24Z</time>
				<ele>-20000.000000</ele>
				<extensions>
					<ns3:TrackPointExtension>
						<ns3:hr>167</ns3:hr>
						<ns3:speed>0.602050</ns3:speed>
						<ns3:cad>42</ns3:cad>
					</ns3:TrackPointExtension>
				</extensions>
			</trkpt>
			<trkpt lat="-6.445889" lon="-35.664587">
				<time>2025-10-26T12:51:25Z</time>
				<ele>-20000.000000</ele>
				<extensions>
					<ns3:TrackPointExtension>
						<ns3:hr>167</ns3:hr>
						<ns3:speed>0.595950</ns3:speed>
						<ns3:cad>41</ns3:cad>
					</ns3:TrackPointExtension>
				</extensions>
			</trkpt>
			<trkpt lat="-6.445892" lon="-35.664590">
				<time>2025-10-26T12:51:26Z</time>
				<ele>-20000.000000</ele>
				<extensions>
					<ns3:TrackPointExtension>
						<ns3:hr>167</ns3:hr>
						<ns3:speed>0.544660</ns3:speed>
						<ns3:cad>41</ns3:cad>
					</ns3:TrackPointExtension>
				</extensions>
			</trkpt>
			<trkpt lat="-6.445896" lon="-35.664593">
				<time>2025-10-26T12:51:27Z</time>
				<ele>-20000.000000</ele>
				<extensions>
					<ns3:TrackPointExtension>
						<ns3:hr>166</ns3:hr>
						<ns3:speed>0.552180</ns3:speed>
						<ns3:cad>41</ns3:cad>
					</ns3:TrackPointExtension>
				</extensions>
			</trkpt>
			<trkpt lat="-6.445900" lon="-35.664595">
				<time>2025-10-26T12:51:28Z</time>
				<ele>-20000.000000</ele>
				<extensions>
					<ns3:TrackPointExtension>
						<ns3:hr>166</ns3:hr>
						<ns3:speed>0.603860</ns3:speed>
						<ns3:cad>41</ns3:cad>
					</ns3:TrackPointExtension>
				</extensions>
			</trkpt>
			<trkpt lat="-6.445903" lon="-35.664598">
				<time>2025-10-26T12:51:29Z</time>
				<ele>-20000.000000</ele>
				<extensions>
					<ns3:TrackPointExtension>
						<ns3:hr>165</ns3:hr>
						<ns3:speed>0.583430</ns3:speed>
						<ns3:cad>42</ns3:cad>
					</ns3:TrackPointExtension>
				</extensions>
			</trkpt>
			<trkpt lat="-6.445907" lon="-35.664602">
				<time>2025-10-26T12:51:30Z</time>
				<ele>-20000.000000</ele>
				<extensions>
					<ns3:TrackPointExtension>
						<ns3:hr>165</ns3:hr>
						<ns3:speed>0.539080</ns3:speed>
						<ns3:cad>42</ns3:cad>
					</ns3:TrackPointExtension>
				</extensions>
			</trkpt>
			<trkpt lat="-6.445908" lon="-35.664608">
				<time>2025-10-26T12:51:31Z</time>
				<ele>-20000.000000</ele>
				<extensions>
					<ns3:TrackPointExtension>
						<ns3:hr>166</ns3:hr>
						<ns3:speed>0.539080</ns3:speed>
						<ns3:cad>42</ns3:cad>
					</ns3:TrackPointExtension>
				</extensions>
			</trkpt>
			<trkpt lat="-6.445908" lon="-35.664615">
				<time>2025-10-26T12:51:32Z</time>
				<ele>-20000.000000</ele>
				<extensions>
					<ns3:TrackPointExtension>
						<ns3:hr>165</ns3:hr>
						<ns3:speed>0.528820</ns3:speed>
						<ns3:cad>43</ns3:cad>
					</ns3:TrackPointExtension>
				</extensions>
			</trkpt>
			<trkpt lat="-6.445904" lon="-35.664622">
				<time>2025-10-26T12:51:33Z</time>
				<ele>-20000.000000</ele>
				<extensions>
					<ns3:TrackPointExtension>
						<ns3:hr>165</ns3:hr>
						<ns3:speed>0.526870</ns3:speed>
						<ns3:cad>48</ns3:cad>
					</ns3:TrackPointExtension>
				</extensions>
			</trkpt>
			<trkpt lat="-6.445898" lon="-35.664630">
				<time>2025-10-26T12:51:34Z</time>
				<ele>-20000.000000</ele>
				<extensions>
					<ns3:TrackPointExtension>
						<ns3:hr>165</ns3:hr>
						<ns3:speed>0.486140</ns3:speed>
						<ns3:cad>50</ns3:cad>
					</ns3:TrackPointExtension>
				</extensions>
			</trkpt>
			<trkpt lat="-6.445894" lon="-35.664638">
				<time>2025-10-26T12:51:35Z</time>
				<ele>-20000.000000</ele>
				<extensions>
					<ns3:TrackPointExtension>
						<ns3:hr>164</ns3:hr>
						<ns3:speed>0.442480</ns3:speed>
						<ns3:cad>50</ns3:cad>
					</ns3:TrackPointExtension>
				</extensions>
			</trkpt>
			<trkpt lat="-6.445891" lon="-35.664644">
				<time>2025-10-26T12:51:36Z</time>
				<ele>-20000.000000</ele>
				<extensions>
					<ns3:TrackPointExtension>
						<ns3:hr>163</ns3:hr>
						<ns3:speed>0.457040</ns3:speed>
						<ns3:cad>50</ns3:cad>
					</ns3:TrackPointExtension>
				</extensions>
			</trkpt>
			<trkpt lat="-6.445890" lon="-35.664649">
				<time>2025-10-26T12:51:37Z</time>
				<ele>-20000.000000</ele>
				<extensions>
					<ns3:TrackPointExtension>
						<ns3:hr>163</ns3:hr>
						<ns3:speed>0.466640</ns3:speed>
						<ns3:cad>50</ns3:cad>
					</ns3:TrackPointExtension>
				</extensions>
			</trkpt>
			<trkpt lat="-6.445889" lon="-35.664651">
				<time>2025-10-26T12:51:38Z</time>
				<ele>-20000.000000</ele>
				<extensions>
					<ns3:TrackPointExtension>
						<ns3:hr>163</ns3:hr>
						<ns3:speed>0.466640</ns3:speed>
						<ns3:cad>50</ns3:cad>
					</ns3:TrackPointExtension>
				</extensions>
			</trkpt>
			<trkpt lat="-6.445889" lon="-35.664654">
				<time>2025-10-26T12:51:39Z</time>
				<ele>-20000.000000</ele>
				<extensions>
					<ns3:TrackPointExtension>
						<ns3:hr>163</ns3:hr>
						<ns3:speed>0.475960</ns3:speed>
						<ns3:cad>49</ns3:cad>
					</ns3:TrackPointExtension>
				</extensions>
			</trkpt>
			<trkpt lat="-6.445888" lon="-35.664656">
				<time>2025-10-26T12:51:40Z</time>
				<ele>-20000.000000</ele>
				<extensions>
					<ns3:TrackPointExtension>
						<ns3:hr>163</ns3:hr>
						<ns3:speed>0.499000</ns3:speed>
						<ns3:cad>42</ns3:cad>
					</ns3:TrackPointExtension>
				</extensions>
			</trkpt>
			<trkpt lat="-6.445887" lon="-35.664658">
				<time>2025-10-26T12:51:41Z</time>
				<ele>-20000.000000</ele>
				<extensions>
					<ns3:TrackPointExtension>
						<ns3:hr>163</ns3:hr>
						<ns3:speed>0.473480</ns3:speed>
						<ns3:cad>42</ns3:cad>
					</ns3:TrackPointExtension>
				</extensions>
			</trkpt>
			<trkpt lat="-6.445887" lon="-35.664659">
				<time>2025-10-26T12:51:42Z</time>
				<ele>-20000.000000</ele>
				<extensions>
					<ns3:TrackPointExtension>
						<ns3:hr>162</ns3:hr>
						<ns3:speed>0.000000</ns3:speed>
						<ns3:cad>0</ns3:cad>
					</ns3:TrackPointExtension>
				</extensions>
			</trkpt>
			<trkpt lat="-6.445887" lon="-35.664659">
				<time>2025-10-26T12:51:43Z</time>
				<ele>-20000.000000</ele>
				<extensions>
					<ns3:TrackPointExtension>
						<ns3:hr>162</ns3:hr>
						<ns3:speed>0.000000</ns3:speed>
						<ns3:cad>0</ns3:cad>
					</ns3:TrackPointExtension>
				</extensions>
			</trkpt>
			<trkpt lat="-6.445886" lon="-35.664660">
				<time>2025-10-26T12:51:44Z</time>
				<ele>-20000.000000</ele>
				<extensions>
					<ns3:TrackPointExtension>
						<ns3:hr>162</ns3:hr>
						<ns3:speed>0.000000</ns3:speed>
						<ns3:cad>0</ns3:cad>
					</ns3:TrackPointExtension>
				</extensions>
			</trkpt>
			<trkpt lat="-6.445886" lon="-35.664660">
				<time>2025-10-26T12:51:45Z</time>
				<ele>-20000.000000</ele>
				<extensions>
					<ns3:TrackPointExtension>
						<ns3:hr>161</ns3:hr>
						<ns3:speed>0.000000</ns3:speed>
						<ns3:cad>0</ns3:cad>
					</ns3:TrackPointExtension>
				</extensions>
			</trkpt>
			<trkpt lat="-6.445887" lon="-35.664660">
				<time>2025-10-26T12:51:46Z</time>
				<ele>-20000.000000</ele>
				<extensions>
					<ns3:TrackPointExtension>
						<ns3:hr>160</ns3:hr>
						<ns3:speed>0.000000</ns3:speed>
						<ns3:cad>0</ns3:cad>
					</ns3:TrackPointExtension>
				</extensions>
			</trkpt>
			<trkpt lat="-6.445887" lon="-35.664660">
				<time>2025-10-26T12:51:46Z</time>
				<ele>-20000.000000</ele>
				<extensions>
					<ns3:TrackPointExtension>
						<ns3:hr>160</ns3:hr>
						<ns3:speed>0.000000</ns3:speed>
						<ns3:cad>0</ns3:cad>
					</ns3:TrackPointExtension>
				</extensions>
			</trkpt>
			<trkpt lat="-6.445888" lon="-35.664659">
				<time>2025-10-26T12:51:48Z</time>
				<ele>-20000.000000</ele>
				<extensions>
					<ns3:TrackPointExtension>
						<ns3:hr>160</ns3:hr>
						<ns3:speed>0.000000</ns3:speed>
						<ns3:cad>0</ns3:cad>
					</ns3:TrackPointExtension>
				</extensions>
			</trkpt>
			<trkpt lat="-6.445889" lon="-35.664660">
				<time>2025-10-26T12:51:49Z</time>
				<ele>-20000.000000</ele>
				<extensions>
					<ns3:TrackPointExtension>
						<ns3:hr>160</ns3:hr>
						<ns3:speed>0.000000</ns3:speed>
						<ns3:cad>0</ns3:cad>
					</ns3:TrackPointExtension>
				</extensions>
			</trkpt>
			<trkpt lat="-6.445890" lon="-35.664662">
				<time>2025-10-26T12:51:50Z</time>
				<ele>-20000.000000</ele>
				<extensions>
					<ns3:TrackPointExtension>
						<ns3:hr>160</ns3:hr>
						<ns3:speed>0.000000</ns3:speed>
						<ns3:cad>0</ns3:cad>
					</ns3:TrackPointExtension>
				</extensions>
			</trkpt>
			<trkpt lat="-6.445891" lon="-35.664665">
				<time>2025-10-26T12:51:51Z</time>
				<ele>-20000.000000</ele>
				<extensions>
					<ns3:TrackPointExtension>
						<ns3:hr>161</ns3:hr>
						<ns3:speed>0.000000</ns3:speed>
						<ns3:cad>48</ns3:cad>
					</ns3:TrackPointExtension>
				</extensions>
			</trkpt>
			<trkpt lat="-6.445891" lon="-35.664670">
				<time>2025-10-26T12:51:52Z</time>
				<ele>-20000.000000</ele>
				<extensions>
					<ns3:TrackPointExtension>
						<ns3:hr>161</ns3:hr>
						<ns3:speed>0.152280</ns3:speed>
						<ns3:cad>48</ns3:cad>
					</ns3:TrackPointExtension>
				</extensions>
			</trkpt>
			<trkpt lat="-6.445892" lon="-35.664678">
				<time>2025-10-26T12:51:53Z</time>
				<ele>-20000.000000</ele>
				<extensions>
					<ns3:TrackPointExtension>
						<ns3:hr>161</ns3:hr>
						<ns3:speed>0.198330</ns3:speed>
						<ns3:cad>0</ns3:cad>
					</ns3:TrackPointExtension>
				</extensions>
			</trkpt>
			<trkpt lat="-6.445893" lon="-35.664685">
				<time>2025-10-26T12:51:54Z</time>
				<ele>-20000.000000</ele>
				<extensions>
					<ns3:TrackPointExtension>
						<ns3:hr>162</ns3:hr>
						<ns3:speed>0.258800</ns3:speed>
						<ns3:cad>0</ns3:cad>
					</ns3:TrackPointExtension>
				</extensions>
			</trkpt>
			<trkpt lat="-6.445895" lon="-35.664692">
				<time>2025-10-26T12:51:55Z</time>
				<ele>-20000.000000</ele>
				<extensions>
					<ns3:TrackPointExtension>
						<ns3:hr>161</ns3:hr>
						<ns3:speed>0.311330</ns3:speed>
						<ns3:cad>68</ns3:cad>
					</ns3:TrackPointExtension>
				</extensions>
			</trkpt>
			<trkpt lat="-6.445898" lon="-35.664699">
				<time>2025-10-26T12:51:55Z</time>
				<ele>-20000.000000</ele>
				<extensions>
					<ns3:TrackPointExtension>
						<ns3:hr>161</ns3:hr>
						<ns3:speed>0.311330</ns3:speed>
						<ns3:cad>68</ns3:cad>
					</ns3:TrackPointExtension>
				</extensions>
			</trkpt>
			<trkpt lat="-6.445901" lon="-35.664704">
				<time>2025-10-26T12:51:56Z</time>
				<ele>-20000.000000</ele>
				<extensions>
					<ns3:TrackPointExtension>
						<ns3:hr>161</ns3:hr>
						<ns3:speed>0.355750</ns3:speed>
						<ns3:cad>73</ns3:cad>
					</ns3:TrackPointExtension>
				</extensions>
			</trkpt>
			<trkpt lat="-6.445905" lon="-35.664709">
				<time>2025-10-26T12:51:57Z</time>
				<ele>-20000.000000</ele>
				<extensions>
					<ns3:TrackPointExtension>
						<ns3:hr>162</ns3:hr>
						<ns3:speed>0.349040</ns3:speed>
						<ns3:cad>73</ns3:cad>
					</ns3:TrackPointExtension>
				</extensions>
			</trkpt>
			<trkpt lat="-6.445909" lon="-35.664716">
				<time>2025-10-26T12:51:59Z</time>
				<ele>-20000.000000</ele>
				<extensions>
					<ns3:TrackPointExtension>
						<ns3:hr>162</ns3:hr>
						<ns3:speed>0.363640</ns3:speed>
						<ns3:cad>73</ns3:cad>
					</ns3:TrackPointExtension>
				</extensions>
			</trkpt>
			<trkpt lat="-6.445911" lon="-35.664721">
				<time>2025-10-26T12:52:00Z</time>
				<ele>-20000.000000</ele>
				<extensions>
					<ns3:TrackPointExtension>
						<ns3:hr>162</ns3:hr>
						<ns3:speed>0.363640</ns3:speed>
						<ns3:cad>73</ns3:cad>
					</ns3:TrackPointExtension>
				</extensions>
			</trkpt>
			<trkpt lat="-6.445913" lon="-35.664725">
				<time>2025-10-26T12:52:01Z</time>
				<ele>-20000.000000</ele>
				<extensions>
					<ns3:TrackPointExtension>
						<ns3:hr>160</ns3:hr>
						<ns3:speed>0.418590</ns3:speed>
						<ns3:cad>74</ns3:cad>
					</ns3:TrackPointExtension>
				</extensions>
			</trkpt>
			<trkpt lat="-6.445914" lon="-35.664729">
				<time>2025-10-26T12:52:02Z</time>
				<ele>-20000.000000</ele>
				<extensions>
					<ns3:TrackPointExtension>
						<ns3:hr>160</ns3:hr>
						<ns3:speed>0.000000</ns3:speed>
						<ns3:cad>0</ns3:cad>
					</ns3:TrackPointExtension>
				</extensions>
			</trkpt>
			<trkpt lat="-6.445915" lon="-35.664731">
				<time>2025-10-26T12:52:02Z</time>
				<ele>-20000.000000</ele>
				<extensions>
					<ns3:TrackPointExtension>
						<ns3:hr>160</ns3:hr>
						<ns3:speed>0.000000</ns3:speed>
						<ns3:cad>0</ns3:cad>
					</ns3:TrackPointExtension>
				</extensions>
			</trkpt>
			<trkpt lat="-6.445917" lon="-35.664731">
				<time>2025-10-26T12:52:03Z</time>
				<ele>-20000.000000</ele>
				<extensions>
					<ns3:TrackPointExtension>
						<ns3:hr>160</ns3:hr>
						<ns3:speed>0.000000</ns3:speed>
						<ns3:cad>0</ns3:cad>
					</ns3:TrackPointExtension>
				</extensions>
			</trkpt>
			<trkpt lat="-6.445919" lon="-35.664732">
				<time>2025-10-26T12:52:05Z</time>
				<ele>-20000.000000</ele>
				<extensions>
					<ns3:TrackPointExtension>
						<ns3:hr>161</ns3:hr>
						<ns3:speed>0.000000</ns3:speed>
						<ns3:cad>0</ns3:cad>
					</ns3:TrackPointExtension>
				</extensions>
			</trkpt>
			<trkpt lat="-6.445921" lon="-35.664733">
				<time>2025-10-26T12:52:06Z</time>
				<ele>-20000.000000</ele>
				<extensions>
					<ns3:TrackPointExtension>
						<ns3:hr>161</ns3:hr>
						<ns3:speed>0.000000</ns3:speed>
						<ns3:cad>0</ns3:cad>
					</ns3:TrackPointExtension>
				</extensions>
			</trkpt>
			<trkpt lat="-6.445923" lon="-35.664732">
				<time>2025-10-26T12:52:07Z</time>
				<ele>-20000.000000</ele>
				<extensions>
					<ns3:TrackPointExtension>
						<ns3:hr>161</ns3:hr>
						<ns3:speed>0.000000</ns3:speed>
						<ns3:cad>0</ns3:cad>
					</ns3:TrackPointExtension>
				</extensions>
			</trkpt>
			<trkpt lat="-6.445927" lon="-35.664730">
				<time>2025-10-26T12:52:08Z</time>
				<ele>-20000.000000</ele>
				<extensions>
					<ns3:TrackPointExtension>
						<ns3:hr>161</ns3:hr>
						<ns3:speed>0.000000</ns3:speed>
						<ns3:cad>0</ns3:cad>
					</ns3:TrackPointExtension>
				</extensions>
			</trkpt>
			<trkpt lat="-6.445930" lon="-35.664724">
				<time>2025-10-26T12:52:09Z</time>
				<ele>-20000.000000</ele>
				<extensions>
					<ns3:TrackPointExtension>
						<ns3:hr>162</ns3:hr>
						<ns3:speed>0.000000</ns3:speed>
						<ns3:cad>0</ns3:cad>
					</ns3:TrackPointExtension>
				</extensions>
			</trkpt>
			<trkpt lat="-6.445933" lon="-35.664718">
				<time>2025-10-26T12:52:10Z</time>
				<ele>-20000.000000</ele>
				<extensions>
					<ns3:TrackPointExtension>
						<ns3:hr>161</ns3:hr>
						<ns3:speed>0.000000</ns3:speed>
						<ns3:cad>0</ns3:cad>
					</ns3:TrackPointExtension>
				</extensions>
			</trkpt>
			<trkpt lat="-6.445936" lon="-35.664713">
				<time>2025-10-26T12:52:11Z</time>
				<ele>-20000.000000</ele>
				<extensions>
					<ns3:TrackPointExtension>
						<ns3:hr>161</ns3:hr>
						<ns3:speed>0.000000</ns3:speed>
						<ns3:cad>41</ns3:cad>
					</ns3:TrackPointExtension>
				</extensions>
			</trkpt>
			<trkpt lat="-6.445940" lon="-35.664708">
				<time>2025-10-26T12:52:12Z</time>
				<ele>-20000.000000</ele>
				<extensions>
					<ns3:TrackPointExtension>
						<ns3:hr>161</ns3:hr>
						<ns3:speed>0.468600</ns3:speed>
						<ns3:cad>43</ns3:cad>
					</ns3:TrackPointExtension>
				</extensions>
			</trkpt>
			<trkpt lat="-6.445943" lon="-35.664704">
				<time>2025-10-26T12:52:13Z</time>
				<ele>-20000.000000</ele>
				<extensions>
					<ns3:TrackPointExtension>
						<ns3:hr>160</ns3:hr>
						<ns3:speed>0.505560</ns3:speed>
						<ns3:cad>43</ns3:cad>
					</ns3:TrackPointExtension>
				</extensions>
			</trkpt>
			<trkpt lat="-6.445946" lon="-35.664702">
				<time>2025-10-26T12:52:13Z</time>
				<ele>-20000.000000</ele>
				<extensions>
					<ns3:TrackPointExtension>
						<ns3:hr>160</ns3:hr>
						<ns3:speed>0.505560</ns3:speed>
						<ns3:cad>43</ns3:cad>
					</ns3:TrackPointExtension>
				</extensions>
			</trkpt>
			<trkpt lat="-6.445946" lon="-35.664702">
				<time>2025-10-26T12:52:15Z</time>
				<ele>-20000.000000</ele>
				<extensions>
					<ns3:TrackPointExtension>
						<ns3:hr>160</ns3:hr>
						<ns3:speed>0.516000</ns3:speed>
						<ns3:cad>44</ns3:cad>
					</ns3:TrackPointExtension>
				</extensions>
			</trkpt>
			<trkpt lat="-6.445947" lon="-35.664702">
				<time>2025-10-26T12:52:16Z</time>
				<ele>-20000.000000</ele>
				<extensions>
					<ns3:TrackPointExtension>
						<ns3:hr>160</ns3:hr>
						<ns3:speed>0.484500</ns3:speed>
						<ns3:cad>45</ns3:cad>
					</ns3:TrackPointExtension>
				</extensions>
			</trkpt>
			<trkpt lat="-6.445948" lon="-35.664702">
				<time>2025-10-26T12:52:17Z</time>
				<ele>-20000.000000</ele>
				<extensions>
					<ns3:TrackPointExtension>
						<ns3:hr>159</ns3:hr>
						<ns3:speed>0.450860</ns3:speed>
						<ns3:cad>45</ns3:cad>
					</ns3:TrackPointExtension>
				</extensions>
			</trkpt>
			<trkpt lat="-6.445950" lon="-35.664701">
				<time>2025-10-26T12:52:18Z</time>
				<ele>-20000.000000</ele>
				<extensions>
					<ns3:TrackPointExtension>
						<ns3:hr>158</ns3:hr>
						<ns3:speed>0.437640</ns3:speed>
						<ns3:cad>43</ns3:cad>
					</ns3:TrackPointExtension>
				</extensions>
			</trkpt>
			<trkpt lat="-6.445951" lon="-35.664700">
				<time>2025-10-26T12:52:19Z</time>
				<ele>-20000.000000</ele>
				<extensions>
					<ns3:TrackPointExtension>
						<ns3:hr>158</ns3:hr>
						<ns3:speed>0.411690</ns3:speed>
						<ns3:cad>38</ns3:cad>
					</ns3:TrackPointExtension>
				</extensions>
			</trkpt>
			<trkpt lat="-6.445954" lon="-35.664697">
				<time>2025-10-26T12:52:20Z</time>
				<ele>-20000.000000</ele>
				<extensions>
					<ns3:TrackPointExtension>
						<ns3:hr>158</ns3:hr>
						<ns3:speed>0.379080</ns3:speed>
						<ns3:cad>70</ns3:cad>
					</ns3:TrackPointExtension>
				</extensions>
			</trkpt>
			<trkpt lat="-6.445955" lon="-35.664695">
				<time>2025-10-26T12:52:21Z</time>
				<ele>-20000.000000</ele>
				<extensions>
					<ns3:TrackPointExtension>
						<ns3:hr>158</ns3:hr>
						<ns3:speed>0.379080</ns3:speed>
						<ns3:cad>69</ns3:cad>
					</ns3:TrackPointExtension>
				</extensions>
			</trkpt>
			<trkpt lat="-6.445957" lon="-35.664694">
				<time>2025-10-26T12:52:22Z</time>
				<ele>-20000.000000</ele>
				<extensions>
					<ns3:TrackPointExtension>
						<ns3:hr>158</ns3:hr>
						<ns3:speed>0.366970</ns3:speed>
						<ns3:cad>69</ns3:cad>
					</ns3:TrackPointExtension>
				</extensions>
			</trkpt>
			<trkpt lat="-6.445959" lon="-35.664691">
				<time>2025-10-26T12:52:23Z</time>
				<ele>-20000.000000</ele>
				<extensions>
					<ns3:TrackPointExtension>
						<ns3:hr>158</ns3:hr>
						<ns3:speed>0.329710</ns3:speed>
						<ns3:cad>71</ns3:cad>
					</ns3:TrackPointExtension>
				</extensions>
			</trkpt>
			<trkpt lat="-6.445961" lon="-35.664688">
				<time>2025-10-26T12:52:24Z</time>
				<ele>-20000.000000</ele>
				<extensions>
					<ns3:TrackPointExtension>
						<ns3:hr>158</ns3:hr>
						<ns3:speed>0.315460</ns3:speed>
						<ns3:cad>72</ns3:cad>
					</ns3:TrackPointExtension>
				</extensions>
			</trkpt>
			<trkpt lat="-6.445964" lon="-35.664682">
				<time>2025-10-26T12:52:25Z</time>
				<ele>-20000.000000</ele>
				<extensions>
					<ns3:TrackPointExtension>
						<ns3:hr>158</ns3:hr>
						<ns3:speed>0.337380</ns3:speed>
						<ns3:cad>72</ns3:cad>
					</ns3:TrackPointExtension>
				</extensions>
			</trkpt>
			<trkpt lat="-6.445966" lon="-35.664676">
				<time>2025-10-26T12:52:26Z</time>
				<ele>-20000.000000</ele>
				<extensions>
					<ns3:TrackPointExtension>
						<ns3:hr>158</ns3:hr>
						<ns3:speed>0.364830</ns3:speed>
						<ns3:cad>71</ns3:cad>
					</ns3:TrackPointExtension>
				</extensions>
			</trkpt>
			<trkpt lat="-6.445969" lon="-35.664666">
				<time>2025-10-26T12:52:27Z</time>
				<ele>-20000.000000</ele>
				<extensions>
					<ns3:TrackPointExtension>
						<ns3:hr>157</ns3:hr>
						<ns3:speed>0.407660</ns3:speed>
						<ns3:cad>66</ns3:cad>
					</ns3:TrackPointExtension>
				</extensions>
			</trkpt>
			<trkpt lat="-6.445972" lon="-35.664657">
				<time>2025-10-26T12:52:28Z</time>
				<ele>-20000.000000</ele>
				<extensions>
					<ns3:TrackPointExtension>
						<ns3:hr>157</ns3:hr>
						<ns3:speed>0.426080</ns3:speed>
						<ns3:cad>67</ns3:cad>
					</ns3:TrackPointExtension>
				</extensions>
			</trkpt>
			<trkpt lat="-6.445976" lon="-35.664649">
				<time>2025-10-26T12:52:29Z</time>
				<ele>-20000.000000</ele>
				<extensions>
					<ns3:TrackPointExtension>
						<ns3:hr>156</ns3:hr>
						<ns3:speed>0.441700</ns3:speed>
						<ns3:cad>66</ns3:cad>
					</ns3:TrackPointExtension>
				</extensions>
			</trkpt>
			<trkpt lat="-6.445981" lon="-35.664640">
				<time>2025-10-26T12:52:29Z</time>
				<ele>-20000.000000</ele>
				<extensions>
					<ns3:TrackPointExtension>
						<ns3:hr>156</ns3:hr>
						<ns3:speed>0.441700</ns3:speed>
						<ns3:cad>66</ns3:cad>
					</ns3:TrackPointExtension>
				</extensions>
			</trkpt>
			<trkpt lat="-6.445986" lon="-35.664630">
				<time>2025-10-26T12:52:30Z</time>
				<ele>-20000.000000</ele>
				<extensions>
					<ns3:TrackPointExtension>
						<ns3:hr>156</ns3:hr>
						<ns3:speed>0.478470</ns3:speed>
						<ns3:cad>65</ns3:cad>
					</ns3:TrackPointExtension>
				</extensions>
			</trkpt>
			<trkpt lat="-6.445992" lon="-35.664622">
				<time>2025-10-26T12:52:32Z</time>
				<ele>-20000.000000</ele>
				<extensions>
					<ns3:TrackPointExtension>
						<ns3:hr>158</ns3:hr>
						<ns3:speed>0.516260</ns3:speed>
						<ns3:cad>59</ns3:cad>
					</ns3:TrackPointExtension>
				</extensions>
			</trkpt>
			<trkpt lat="-6.445999" lon="-35.664616">
				<time>2025-10-26T12:52:33Z</time>
				<ele>-20000.000000</ele>
				<extensions>
					<ns3:TrackPointExtension>
						<ns3:hr>157</ns3:hr>
						<ns3:speed>0.526590</ns3:speed>
						<ns3:cad>58</ns3:cad>
					</ns3:TrackPointExtension>
				</extensions>
			</trkpt>
			<trkpt lat="-6.446007" lon="-35.664611">
				<time>2025-10-26T12:52:34Z</time>
				<ele>-20000.000000</ele>
				<extensions>
					<ns3:TrackPointExtension>
						<ns3:hr>156</ns3:hr>
						<ns3:speed>0.531630</ns3:speed>
						<ns3:cad>58</ns3:cad>
					</ns3:TrackPointExtension>
				</extensions>
			</trkpt>
			<trkpt lat="-6.446013" lon="-35.664608">
				<time>2025-10-26T12:52:35Z</time>
				<ele>-20000.000000</ele>
				<extensions>
					<ns3:TrackPointExtension>
						<ns3:hr>156</ns3:hr>
						<ns3:speed>0.585820</ns3:speed>
						<ns3:cad>58</ns3:cad>
					</ns3:TrackPointExtension>
				</extensions>
			</trkpt>
			<trkpt lat="-6.446021" lon="-35.664605">
				<time>2025-10-26T12:52:36Z</time>
				<ele>-20000.000000</ele>
				<extensions>
					<ns3:TrackPointExtension>
						<ns3:hr>156</ns3:hr>
						<ns3:speed>0.687760</ns3:speed>
						<ns3:cad>58</ns3:cad>
					</ns3:TrackPointExtension>
				</extensions>
			</trkpt>
			<trkpt lat="-6.446030" lon="-35.664602">
				<time>2025-10-26T12:52:36Z</time>
				<ele>-20000.000000</ele>
				<extensions>
					<ns3:TrackPointExtension>
						<ns3:hr>156</ns3:hr>
						<ns3:speed>0.687760</ns3:speed>
						<ns3:cad>58</ns3:cad>
					</ns3:TrackPointExtension>
				</extensions>
			</trkpt>
			<trkpt lat="-6.446044" lon="-35.664597">
				<time>2025-10-26T12:52:38Z</time>
				<ele>-20000.000000</ele>
				<extensions>
					<ns3:TrackPointExtension>
						<ns3:hr>157</ns3:hr>
						<ns3:speed>0.937210</ns3:speed>
						<ns3:cad>58</ns3:cad>
					</ns3:TrackPointExtension>
				</extensions>
			</trkpt>
			<trkpt lat="-6.446060" lon="-35.664592">
				<time>2025-10-26T12:52:39Z</time>
				<ele>-20000.000000</ele>
				<extensions>
					<ns3:TrackPointExtension>
						<ns3:hr>156</ns3:hr>
						<ns3:speed>0.937210</ns3:speed>
						<ns3:cad>57</ns3:cad>
					</ns3:TrackPointExtension>
				</extensions>
			</trkpt>
			<trkpt lat="-6.446080" lon="-35.664586">
				<time>2025-10-26T12:52:40Z</time>
				<ele>-20000.000000</ele>
				<extensions>
					<ns3:TrackPointExtension>
						<ns3:hr>157</ns3:hr>
						<ns3:speed>0.911580</ns3:speed>
						<ns3:cad>63</ns3:cad>
					</ns3:TrackPointExtension>
				</extensions>
			</trkpt>
			<trkpt lat="-6.446101" lon="-35.664581">
				<time>2025-10-26T12:52:41Z</time>
				<ele>-20000.000000</ele>
				<extensions>
					<ns3:TrackPointExtension>
						<ns3:hr>157</ns3:hr>
						<ns3:speed>0.908270</ns3:speed>
						<ns3:cad>63</ns3:cad>
					</ns3:TrackPointExtension>
				</extensions>
			</trkpt>
			<trkpt lat="-6.446121" lon="-35.664578">
				<time>2025-10-26T12:52:42Z</time>
				<ele>-20000.000000</ele>
				<extensions>
					<ns3:TrackPointExtension>
						<ns3:hr>157</ns3:hr>
						<ns3:speed>1.123600</ns3:speed>
						<ns3:cad>80</ns3:cad>
					</ns3:TrackPointExtension>
				</extensions>
			</trkpt>
			<trkpt lat="-6.446139" lon="-35.664578">
				<time>2025-10-26T12:52:43Z</time>
				<ele>-20000.000000</ele>
				<extensions>
					<ns3:TrackPointExtension>
						<ns3:hr>156</ns3:hr>
						<ns3:speed>1.579780</ns3:speed>
						<ns3:cad>80</ns3:cad>
					</ns3:TrackPointExtension>
				</extensions>
			</trkpt>
			<trkpt lat="-6.446158" lon="-35.664580">
				<time>2025-10-26T12:52:44Z</time>
				<ele>-20000.000000</ele>
				<extensions>
					<ns3:TrackPointExtension>
						<ns3:hr>156</ns3:hr>
						<ns3:speed>1.915710</ns3:speed>
						<ns3:cad>79</ns3:cad>
					</ns3:TrackPointExtension>
				</extensions>
			</trkpt>
			<trkpt lat="-6.446176" lon="-35.664581">
				<time>2025-10-26T12:52:45Z</time>
				<ele>-20000.000000</ele>
				<extensions>
					<ns3:TrackPointExtension>
						<ns3:hr>155</ns3:hr>
						<ns3:speed>1.956950</ns3:speed>
						<ns3:cad>79</ns3:cad>
					</ns3:TrackPointExtension>
				</extensions>
			</trkpt>
			<trkpt lat="-6.446192" lon="-35.664585">
				<time>2025-10-26T12:52:46Z</time>
				<ele>-20000.000000</ele>
				<extensions>
					<ns3:TrackPointExtension>
						<ns3:hr>155</ns3:hr>
						<ns3:speed>1.919390</ns3:speed>
						<ns3:cad>79</ns3:cad>
					</ns3:TrackPointExtension>
				</extensions>
			</trkpt>
			<trkpt lat="-6.446204" lon="-35.664587">
				<time>2025-10-26T12:52:47Z</time>
				<ele>-20000.000000</ele>
				<extensions>
					<ns3:TrackPointExtension>
						<ns3:hr>155</ns3:hr>
						<ns3:speed>1.879700</ns3:speed>
						<ns3:cad>78</ns3:cad>
					</ns3:TrackPointExtension>
				</extensions>
			</trkpt>
			<trkpt lat="-6.446216" lon="-35.664588">
				<time>2025-10-26T12:52:48Z</time>
				<ele>-20000.000000</ele>
				<extensions>
					<ns3:TrackPointExtension>
						<ns3:hr>156</ns3:hr>
						<ns3:speed>1.650170</ns3:speed>
						<ns3:cad>73</ns3:cad>
					</ns3:TrackPointExtension>
				</extensions>
			</trkpt>
			<trkpt lat="-6.446226" lon="-35.664588">
				<time>2025-10-26T12:52:49Z</time>
				<ele>-20000.000000</ele>
				<extensions>
					<ns3:TrackPointExtension>
						<ns3:hr>155</ns3:hr>
						<ns3:speed>1.349530</ns3:speed>
						<ns3:cad>72</ns3:cad>
					</ns3:TrackPointExtension>
				</extensions>
			</trkpt>
			<trkpt lat="-6.446233" lon="-35.664589">
				<time>2025-10-26T12:52:50Z</time>
				<ele>-20000.000000</ele>
				<extensions>
					<ns3:TrackPointExtension>
						<ns3:hr>154</ns3:hr>
						<ns3:speed>1.020410</ns3:speed>
						<ns3:cad>72</ns3:cad>
					</ns3:TrackPointExtension>
				</extensions>
			</trkpt>
			<trkpt lat="-6.446238" lon="-35.664590">
				<time>2025-10-26T12:52:51Z</time>
				<ele>-20000.000000</ele>
				<extensions>
					<ns3:TrackPointExtension>
						<ns3:hr>154</ns3:hr>
						<ns3:speed>0.823720</ns3:speed>
						<ns3:cad>60</ns3:cad>
					</ns3:TrackPointExtension>
				</extensions>
			</trkpt>
			<trkpt lat="-6.446241" lon="-35.664591">
				<time>2025-10-26T12:52:52Z</time>
				<ele>-20000.000000</ele>
				<extensions>
					<ns3:TrackPointExtension>
						<ns3:hr>155</ns3:hr>
						<ns3:speed>0.924210</ns3:speed>
						<ns3:cad>55</ns3:cad>
					</ns3:TrackPointExtension>
				</extensions>
			</trkpt>
			<trkpt lat="-6.446241" lon="-35.664594">
				<time>2025-10-26T12:52:53Z</time>
				<ele>-20000.000000</ele>
				<extensions>
					<ns3:TrackPointExtension>
						<ns3:hr>156</ns3:hr>
						<ns3:speed>0.971820</ns3:speed>
						<ns3:cad>45</ns3:cad>
					</ns3:TrackPointExtension>
				</extensions>
			</trkpt>
			<trkpt lat="-6.446239" lon="-35.664598">
				<time>2025-10-26T12:52:54Z</time>
				<ele>-20000.000000</ele>
				<extensions>
					<ns3:TrackPointExtension>
						<ns3:hr>156</ns3:hr>
						<ns3:speed>0.824400</ns3:speed>
						<ns3:cad>45</ns3:cad>
					</ns3:TrackPointExtension>
				</extensions>
			</trkpt>
			<trkpt lat="-6.446234" lon="-35.664602">
				<time>2025-10-26T12:52:55Z</time>
				<ele>-20000.000000</ele>
				<extensions>
					<ns3:TrackPointExtension>
						<ns3:hr>156</ns3:hr>
						<ns3:speed>0.000000</ns3:speed>
						<ns3:cad>0</ns3:cad>
					</ns3:TrackPointExtension>
				</extensions>
			</trkpt>
			<trkpt lat="-6.446229" lon="-35.664607">
				<time>2025-10-26T12:52:56Z</time>
				<ele>-20000.000000</ele>
				<extensions>
					<ns3:TrackPointExtension>
						<ns3:hr>156</ns3:hr>
						<ns3:speed>0.000000</ns3:speed>
						<ns3:cad>0</ns3:cad>
					</ns3:TrackPointExtension>
				</extensions>
			</trkpt>
			<trkpt lat="-6.446224" lon="-35.664613">
				<time>2025-10-26T12:52:56Z</time>
				<ele>-20000.000000</ele>
				<extensions>
					<ns3:TrackPointExtension>
						<ns3:hr>156</ns3:hr>
						<ns3:speed>0.000000</ns3:speed>
						<ns3:cad>0</ns3:cad>
					</ns3:TrackPointExtension>
				</extensions>
			</trkpt>
			<trkpt lat="-6.446217" lon="-35.664618">
				<time>2025-10-26T12:52:58Z</time>
				<ele>-20000.000000</ele>
				<extensions>
					<ns3:TrackPointExtension>
						<ns3:hr>154</ns3:hr>
						<ns3:speed>0.384320</ns3:speed>
						<ns3:cad>49</ns3:cad>
					</ns3:TrackPointExtension>
				</extensions>
			</trkpt>
			<trkpt lat="-6.446210" lon="-35.664625">
				<time>2025-10-26T12:52:59Z</time>
				<ele>-20000.000000</ele>
				<extensions>
					<ns3:TrackPointExtension>
						<ns3:hr>153</ns3:hr>
						<ns3:speed>0.423010</ns3:speed>
						<ns3:cad>49</ns3:cad>
					</ns3:TrackPointExtension>
				</extensions>
			</trkpt>
			<trkpt lat="-6.446203" lon="-35.664632">
				<time>2025-10-26T12:53:00Z</time>
				<ele>-20000.000000</ele>
				<extensions>
					<ns3:TrackPointExtension>
						<ns3:hr>152</ns3:hr>
						<ns3:speed>0.482630</ns3:speed>
						<ns3:cad>48</ns3:cad>
					</ns3:TrackPointExtension>
				</extensions>
			</trkpt>
			<trkpt lat="-6.446198" lon="-35.664641">
				<time>2025-10-26T12:53:01Z</time>
				<ele>-20000.000000</ele>
				<extensions>
					<ns3:TrackPointExtension>
						<ns3:hr>152</ns3:hr>
						<ns3:speed>0.563060</ns3:speed>
						<ns3:cad>48</ns3:cad>
					</ns3:TrackPointExtension>
				</extensions>
			</trkpt>
			<trkpt lat="-6.446195" lon="-35.664650">
				<time>2025-10-26T12:53:01Z</time>
				<ele>-20000.000000</ele>
				<extensions>
					<ns3:TrackPointExtension>
						<ns3:hr>152</ns3:hr>
						<ns3:speed>0.563060</ns3:speed>
						<ns3:cad>48</ns3:cad>
					</ns3:TrackPointExtension>
				</extensions>
			</trkpt>
			<trkpt lat="-6.446193" lon="-35.664660">
				<time>2025-10-26T12:53:03Z</time>
				<ele>-20000.000000</ele>
				<extensions>
					<ns3:TrackPointExtension>
						<ns3:hr>152</ns3:hr>
						<ns3:speed>0.680270</ns3:speed>
						<ns3:cad>48</ns3:cad>
					</ns3:TrackPointExtension>
				</extensions>
			</trkpt>
			<trkpt lat="-6.446189" lon="-35.664673">
				<time>2025-10-26T12:53:04Z</time>
				<ele>-20000.000000</ele>
				<extensions>
					<ns3:TrackPointExtension>
						<ns3:hr>152</ns3:hr>
						<ns3:speed>0.668900</ns3:speed>
						<ns3:cad>48</ns3:cad>
					</ns3:TrackPointExtension>
				</extensions>
			</trkpt>
			<trkpt lat="-6.446185" lon="-35.664686">
				<time>2025-10-26T12:53:05Z</time>
				<ele>-20000.000000</ele>
				<extensions>
					<ns3:TrackPointExtension>
						<ns3:hr>152</ns3:hr>
						<ns3:speed>0.684460</ns3:speed>
						<ns3:cad>50</ns3:cad>
					</ns3:TrackPointExtension>
				</extensions>
			</trkpt>
			<trkpt lat="-6.446179" lon="-35.664701">
				<time>2025-10-26T12:53:06Z</time>
				<ele>-20000.000000</ele>
				<extensions>
					<ns3:TrackPointExtension>
						<ns3:hr>154</ns3:hr>
						<ns3:speed>0.728860</ns3:speed>
						<ns3:cad>74</ns3:cad>
					</ns3:TrackPointExtension>
				</extensions>
			</trkpt>
			<trkpt lat="-6.446173" lon="-35.664716">
				<time>2025-10-26T12:53:07Z</time>
				<ele>-20000.000000</ele>
				<extensions>
					<ns3:TrackPointExtension>
						<ns3:hr>156</ns3:hr>
						<ns3:speed>0.789270</ns3:speed>
						<ns3:cad>73</ns3:cad>
					</ns3:TrackPointExtension>
				</extensions>
			</trkpt>
			<trkpt lat="-6.446166" lon="-35.664732">
				<time>2025-10-26T12:53:08Z</time>
				<ele>-20000.000000</ele>
				<extensions>
					<ns3:TrackPointExtension>
						<ns3:hr>155</ns3:hr>
						<ns3:speed>0.906620</ns3:speed>
						<ns3:cad>73</ns3:cad>
					</ns3:TrackPointExtension>
				</extensions>
			</trkpt>
			<trkpt lat="-6.446160" lon="-35.664750">
				<time>2025-10-26T12:53:09Z</time>
				<ele>-20000.000000</ele>
				<extensions>
					<ns3:TrackPointExtension>
						<ns3:hr>155</ns3:hr>
						<ns3:speed>1.022490</ns3:speed>
						<ns3:cad>73</ns3:cad>
					</ns3:TrackPointExtension>
				</extensions>
			</trkpt>
			<trkpt lat="-6.446152" lon="-35.664769">
				<time>2025-10-26T12:53:10Z</time>
				<ele>-20000.000000</ele>
				<extensions>
					<ns3:TrackPointExtension>
						<ns3:hr>157</ns3:hr>
						<ns3:speed>1.094090</ns3:speed>
						<ns3:cad>74</ns3:cad>
					</ns3:TrackPointExtension>
				</extensions>
			</trkpt>
			<trkpt lat="-6.446141" lon="-35.664792">
				<time>2025-10-26T12:53:11Z</time>
				<ele>-20000.000000</ele>
				<extensions>
					<ns3:TrackPointExtension>
						<ns3:hr>158</ns3:hr>
						<ns3:speed>1.169590</ns3:speed>
						<ns3:cad>74</ns3:cad>
					</ns3:TrackPointExtension>
				</extensions>
			</trkpt>
			<trkpt lat="-6.446132" lon="-35.664810">
				<time>2025-10-26T12:53:12Z</time>
				<ele>-20000.000000</ele>
				<extensions>
					<ns3:TrackPointExtension>
						<ns3:hr>158</ns3:hr>
						<ns3:speed>1.275510</ns3:speed>
						<ns3:cad>75</ns3:cad>
					</ns3:TrackPointExtension>
				</extensions>
			</trkpt>
			<trkpt lat="-6.446123" lon="-35.664825">
				<time>2025-10-26T12:53:13Z</time>
				<ele>-20000.000000</ele>
				<extensions>
					<ns3:TrackPointExtension>
						<ns3:hr>158</ns3:hr>
						<ns3:speed>1.317520</ns3:speed>
						<ns3:cad>75</ns3:cad>
					</ns3:TrackPointExtension>
				</extensions>
			</trkpt>
			<trkpt lat="-6.446117" lon="-35.664838">
				<time>2025-10-26T12:53:13Z</time>
				<ele>-20000.000000</ele>
				<extensions>
					<ns3:TrackPointExtension>
						<ns3:hr>158</ns3:hr>
						<ns3:speed>1.317520</ns3:speed>
						<ns3:cad>75</ns3:cad>
					</ns3:TrackPointExtension>
				</extensions>
			</trkpt>
			<trkpt lat="-6.446113" lon="-35.664850">
				<time>2025-10-26T12:53:14Z</time>
				<ele>-20000.000000</ele>
				<extensions>
					<ns3:TrackPointExtension>
						<ns3:hr>158</ns3:hr>
						<ns3:speed>1.287000</ns3:speed>
						<ns3:cad>77</ns3:cad>
					</ns3:TrackPointExtension>
				</extensions>
			</trkpt>
			<trkpt lat="-6.446109" lon="-35.664860">
				<time>2025-10-26T12:53:15Z</time>
				<ele>-20000.000000</ele>
				<extensions>
					<ns3:TrackPointExtension>
						<ns3:hr>158</ns3:hr>
						<ns3:speed>1.287000</ns3:speed>
						<ns3:cad>77</ns3:cad>
					</ns3:TrackPointExtension>
				</extensions>
			</trkpt>
			<trkpt lat="-6.446106" lon="-35.664869">
				<time>2025-10-26T12:53:16Z</time>
				<ele>-20000.000000</ele>
				<extensions>
					<ns3:TrackPointExtension>
						<ns3:hr>159</ns3:hr>
						<ns3:speed>1.218030</ns3:speed>
						<ns3:cad>77</ns3:cad>
					</ns3:TrackPointExtension>
				</extensions>
			</trkpt>
			<trkpt lat="-6.446104" lon="-35.664875">
				<time>2025-10-26T12:53:17Z</time>
				<ele>-20000.000000</ele>
				<extensions>
					<ns3:TrackPointExtension>
						<ns3:hr>159</ns3:hr>
						<ns3:speed>1.020410</ns3:speed>
						<ns3:cad>76</ns3:cad>
					</ns3:TrackPointExtension>
				</extensions>
			</trkpt>
			<trkpt lat="-6.446103" lon="-35.664879">
				<time>2025-10-26T12:53:19Z</time>
				<ele>-20000.000000</ele>
				<extensions>
					<ns3:TrackPointExtension>
						<ns3:hr>158</ns3:hr>
						<ns3:speed>0.000000</ns3:speed>
						<ns3:cad>0</ns3:cad>
					</ns3:TrackPointExtension>
				</extensions>
			</trkpt>
			<trkpt lat="-6.446103" lon="-35.664883">
				<time>2025-10-26T12:53:19Z</time>
				<ele>-20000.000000</ele>
				<extensions>
					<ns3:TrackPointExtension>
						<ns3:hr>158</ns3:hr>
						<ns3:speed>0.000000</ns3:speed>
						<ns3:cad>0</ns3:cad>
					</ns3:TrackPointExtension>
				</extensions>
			</trkpt>
			<trkpt lat="-6.446105" lon="-35.664881">
				<time>2025-10-26T12:53:21Z</time>
				<ele>-20000.000000</ele>
				<extensions>
					<ns3:TrackPointExtension>
						<ns3:hr>159</ns3:hr>
						<ns3:speed>0.000000</ns3:speed>
						<ns3:cad>0</ns3:cad>
					</ns3:TrackPointExtension>
				</extensions>
			</trkpt>
			<trkpt lat="-6.446107" lon="-35.664879">
				<time>2025-10-26T12:53:21Z</time>
				<ele>-20000.000000</ele>
				<extensions>
					<ns3:TrackPointExtension>
						<ns3:hr>159</ns3:hr>
						<ns3:speed>0.000000</ns3:speed>
						<ns3:cad>0</ns3:cad>
					</ns3:TrackPointExtension>
				</extensions>
			</trkpt>
			<trkpt lat="-6.446109" lon="-35.664873">
				<time>2025-10-26T12:53:23Z</time>
				<ele>-20000.000000</ele>
				<extensions>
					<ns3:TrackPointExtension>
						<ns3:hr>160</ns3:hr>
						<ns3:speed>0.373550</ns3:speed>
						<ns3:cad>38</ns3:cad>
					</ns3:TrackPointExtension>
				</extensions>
			</trkpt>
			<trkpt lat="-6.446111" lon="-35.664865">
				<time>2025-10-26T12:53:24Z</time>
				<ele>-20000.000000</ele>
				<extensions>
					<ns3:TrackPointExtension>
						<ns3:hr>159</ns3:hr>
						<ns3:speed>0.353980</ns3:speed>
						<ns3:cad>43</ns3:cad>
					</ns3:TrackPointExtension>
				</extensions>
			</trkpt>
			<trkpt lat="-6.446113" lon="-35.664858">
				<time>2025-10-26T12:53:25Z</time>
				<ele>-20000.000000</ele>
				<extensions>
					<ns3:TrackPointExtension>
						<ns3:hr>159</ns3:hr>
						<ns3:speed>0.361660</ns3:speed>
						<ns3:cad>48</ns3:cad>
					</ns3:TrackPointExtension>
				</extensions>
			</trkpt>
			<trkpt lat="-6.446114" lon="-35.664851">
				<time>2025-10-26T12:53:26Z</time>
				<ele>-20000.000000</ele>
				<extensions>
					<ns3:TrackPointExtension>
						<ns3:hr>159</ns3:hr>
						<ns3:speed>0.392930</ns3:speed>
						<ns3:cad>50</ns3:cad>
					</ns3:TrackPointExtension>
				</extensions>
			</trkpt>
			<trkpt lat="-6.446117" lon="-35.664844">
				<time>2025-10-26T12:53:26Z</time>
				<ele>-20000.000000</ele>
				<extensions>
					<ns3:TrackPointExtension>
						<ns3:hr>159</ns3:hr>
						<ns3:speed>0.392930</ns3:speed>
						<ns3:cad>50</ns3:cad>
					</ns3:TrackPointExtension>
				</extensions>
			</trkpt>
			<trkpt lat="-6.446120" lon="-35.664837">
				<time>2025-10-26T12:53:27Z</time>
				<ele>-20000.000000</ele>
				<extensions>
					<ns3:TrackPointExtension>
						<ns3:hr>159</ns3:hr>
						<ns3:speed>0.416490</ns3:speed>
						<ns3:cad>50</ns3:cad>
					</ns3:TrackPointExtension>
				</extensions>
			</trkpt>
			<trkpt lat="-6.446124" lon="-35.664830">
				<time>2025-10-26T12:53:29Z</time>
				<ele>-20000.000000</ele>
				<extensions>
					<ns3:TrackPointExtension>
						<ns3:hr>158</ns3:hr>
						<ns3:speed>0.457040</ns3:speed>
						<ns3:cad>51</ns3:cad>
					</ns3:TrackPointExtension>
				</extensions>
			</trkpt>
			<trkpt lat="-6.446128" lon="-35.664823">
				<time>2025-10-26T12:53:29Z</time>
				<ele>-20000.000000</ele>
				<extensions>
					<ns3:TrackPointExtension>
						<ns3:hr>158</ns3:hr>
						<ns3:speed>0.457040</ns3:speed>
						<ns3:cad>51</ns3:cad>
					</ns3:TrackPointExtension>
				</extensions>
			</trkpt>
			<trkpt lat="-6.446133" lon="-35.664815">
				<time>2025-10-26T12:53:31Z</time>
				<ele>-20000.000000</ele>
				<extensions>
					<ns3:TrackPointExtension>
						<ns3:hr>157</ns3:hr>
						<ns3:speed>0.548850</ns3:speed>
						<ns3:cad>52</ns3:cad>
					</ns3:TrackPointExtension>
				</extensions>
			</trkpt>
			<trkpt lat="-6.446141" lon="-35.664806">
				<time>2025-10-26T12:53:32Z</time>
				<ele>-20000.000000</ele>
				<extensions>
					<ns3:TrackPointExtension>
						<ns3:hr>157</ns3:hr>
						<ns3:speed>0.565290</ns3:speed>
						<ns3:cad>53</ns3:cad>
					</ns3:TrackPointExtension>
				</extensions>
			</trkpt>
			<trkpt lat="-6.446148" lon="-35.664797">
				<time>2025-10-26T12:53:33Z</time>
				<ele>-20000.000000</ele>
				<extensions>
					<ns3:TrackPointExtension>
						<ns3:hr>158</ns3:hr>
						<ns3:speed>0.639800</ns3:speed>
						<ns3:cad>53</ns3:cad>
					</ns3:TrackPointExtension>
				</extensions>
			</trkpt>
			<trkpt lat="-6.446155" lon="-35.664789">
				<time>2025-10-26T12:53:34Z</time>
				<ele>-20000.000000</ele>
				<extensions>
					<ns3:TrackPointExtension>
						<ns3:hr>159</ns3:hr>
						<ns3:speed>0.831260</ns3:speed>
						<ns3:cad>53</ns3:cad>
					</ns3:TrackPointExtension>
				</extensions>
			</trkpt>
			<trkpt lat="-6.446162" lon="-35.664779">
				<time>2025-10-26T12:53:35Z</time>
				<ele>-20000.000000</ele>
				<extensions>
					<ns3:TrackPointExtension>
						<ns3:hr>159</ns3:hr>
						<ns3:speed>1.021450</ns3:speed>
						<ns3:cad>58</ns3:cad>
					</ns3:TrackPointExtension>
				</extensions>
			</trkpt>
			<trkpt lat="-6.446167" lon="-35.664769">
				<time>2025-10-26T12:53:36Z</time>
				<ele>-20000.000000</ele>
				<extensions>
					<ns3:TrackPointExtension>
						<ns3:hr>159</ns3:hr>
						<ns3:speed>1.131220</ns3:speed>
						<ns3:cad>58</ns3:cad>
					</ns3:TrackPointExtension>
				</extensions>
			</trkpt>
			<trkpt lat="-6.446170" lon="-35.664758">
				<time>2025-10-26T12:53:37Z</time>
				<ele>-20000.000000</ele>
				<extensions>
					<ns3:TrackPointExtension>
						<ns3:hr>160</ns3:hr>
						<ns3:speed>1.182030</ns3:speed>
						<ns3:cad>58</ns3:cad>
					</ns3:TrackPointExtension>
				</extensions>
			</trkpt>
			<trkpt lat="-6.446168" lon="-35.664745">
				<time>2025-10-26T12:53:38Z</time>
				<ele>-20000.000000</ele>
				<extensions>
					<ns3:TrackPointExtension>
						<ns3:hr>160</ns3:hr>
						<ns3:speed>1.166860</ns3:speed>
						<ns3:cad>59</ns3:cad>
					</ns3:TrackPointExtension>
				</extensions>
			</trkpt>
			<trkpt lat="-6.446164" lon="-35.664730">
				<time>2025-10-26T12:53:39Z</time>
				<ele>-20000.000000</ele>
				<extensions>
					<ns3:TrackPointExtension>
						<ns3:hr>161</ns3:hr>
						<ns3:speed>1.184830</ns3:speed>
						<ns3:cad>64</ns3:cad>
					</ns3:TrackPointExtension>
				</extensions>
			</trkpt>
			<trkpt lat="-6.446155" lon="-35.664711">
				<time>2025-10-26T12:53:40Z</time>
				<ele>-20000.000000</ele>
				<extensions>
					<ns3:TrackPointExtension>
						<ns3:hr>162</ns3:hr>
						<ns3:speed>1.251560</ns3:speed>
						<ns3:cad>69</ns3:cad>
					</ns3:TrackPointExtension>
				</extensions>
			</trkpt>
			<trkpt lat="-6.446142" lon="-35.664691">
				<time>2025-10-26T12:53:41Z</time>
				<ele>-20000.000000</ele>
				<extensions>
					<ns3:TrackPointExtension>
						<ns3:hr>162</ns3:hr>
						<ns3:speed>1.347710</ns3:speed>
						<ns3:cad>74</ns3:cad>
					</ns3:TrackPointExtension>
				</extensions>
			</trkpt>
			<trkpt lat="-6.446127" lon="-35.664665">
				<time>2025-10-26T12:53:41Z</time>
				<ele>-20000.000000</ele>
				<extensions>
					<ns3:TrackPointExtension>
						<ns3:hr>162</ns3:hr>
						<ns3:speed>1.347710</ns3:speed>
						<ns3:cad>74</ns3:cad>
					</ns3:TrackPointExtension>
				</extensions>
			</trkpt>
			<trkpt lat="-6.446113" lon="-35.664637">
				<time>2025-10-26T12:53:43Z</time>
				<ele>-20000.000000</ele>
				<extensions>
					<ns3:TrackPointExtension>
						<ns3:hr>162</ns3:hr>
						<ns3:speed>1.697790</ns3:speed>
						<ns3:cad>71</ns3:cad>
					</ns3:TrackPointExtension>
				</extensions>
			</trkpt>
			<trkpt lat="-6.446101" lon="-35.664607">
				<time>2025-10-26T12:53:44Z</time>
				<ele>-20000.000000</ele>
				<extensions>
					<ns3:TrackPointExtension>
						<ns3:hr>161</ns3:hr>
						<ns3:speed>2.262440</ns3:speed>
						<ns3:cad>72</ns3:cad>
					</ns3:TrackPointExtension>
				</extensions>
			</trkpt>
			<trkpt lat="-6.446091" lon="-35.664576">
				<time>2025-10-26T12:53:45Z</time>
				<ele>-20000.000000</ele>
				<extensions>
					<ns3:TrackPointExtension>
						<ns3:hr>161</ns3:hr>
						<ns3:speed>2.747250</ns3:speed>
						<ns3:cad>77</ns3:cad>
					</ns3:TrackPointExtension>
				</extensions>
			</trkpt>
			<trkpt lat="-6.446085" lon="-35.664546">
				<time>2025-10-26T12:53:46Z</time>
				<ele>-20000.000000</ele>
				<extensions>
					<ns3:TrackPointExtension>
						<ns3:hr>160</ns3:hr>
						<ns3:speed>3.039510</ns3:speed>
						<ns3:cad>78</ns3:cad>
					</ns3:TrackPointExtension>
				</extensions>
			</trkpt>
			<trkpt lat="-6.446082" lon="-35.664517">
				<time>2025-10-26T12:53:47Z</time>
				<ele>-20000.000000</ele>
				<extensions>
					<ns3:TrackPointExtension>
						<ns3:hr>160</ns3:hr>
						<ns3:speed>3.105590</ns3:speed>
						<ns3:cad>76</ns3:cad>
					</ns3:TrackPointExtension>
				</extensions>
			</trkpt>
			<trkpt lat="-6.446081" lon="-35.664496">
				<time>2025-10-26T12:53:48Z</time>
				<ele>-20000.000000</ele>
				<extensions>
					<ns3:TrackPointExtension>
						<ns3:hr>160</ns3:hr>
						<ns3:speed>3.105590</ns3:speed>
						<ns3:cad>75</ns3:cad>
					</ns3:TrackPointExtension>
				</extensions>
			</trkpt>
			<trkpt lat="-6.446083" lon="-35.664481">
				<time>2025-10-26T12:53:49Z</time>
				<ele>-20000.000000</ele>
				<extensions>
					<ns3:TrackPointExtension>
						<ns3:hr>159</ns3:hr>
						<ns3:speed>2.808990</ns3:speed>
						<ns3:cad>75</ns3:cad>
					</ns3:TrackPointExtension>
				</extensions>
			</trkpt>
			<trkpt lat="-6.446085" lon="-35.664468">
				<time>2025-10-26T12:53:49Z</time>
				<ele>-20000.000000</ele>
				<extensions>
					<ns3:TrackPointExtension>
						<ns3:hr>159</ns3:hr>
						<ns3:speed>2.808990</ns3:speed>
						<ns3:cad>75</ns3:cad>
					</ns3:TrackPointExtension>
				</extensions>
			</trkpt>
			<trkpt lat="-6.446089" lon="-35.664456">
				<time>2025-10-26T12:53:51Z</time>
				<ele>-20000.000000</ele>
				<extensions>
					<ns3:TrackPointExtension>
						<ns3:hr>159</ns3:hr>
						<ns3:speed>1.677850</ns3:speed>
						<ns3:cad>75</ns3:cad>
					</ns3:TrackPointExtension>
				</extensions>
			</trkpt>
			<trkpt lat="-6.446095" lon="-35.664444">
				<time>2025-10-26T12:53:52Z</time>
				<ele>-20000.000000</ele>
				<extensions>
					<ns3:TrackPointExtension>
						<ns3:hr>159</ns3:hr>
						<ns3:speed>1.390820</ns3:speed>
						<ns3:cad>76</ns3:cad>
					</ns3:TrackPointExtension>
				</extensions>
			</trkpt>
			<trkpt lat="-6.446102" lon="-35.664431">
				<time>2025-10-26T12:53:53Z</time>
				<ele>-20000.000000</ele>
				<extensions>
					<ns3:TrackPointExtension>
						<ns3:hr>159</ns3:hr>
						<ns3:speed>1.464130</ns3:speed>
						<ns3:cad>76</ns3:cad>
					</ns3:TrackPointExtension>
				</extensions>
			</trkpt>
			<trkpt lat="-6.446109" lon="-35.664417">
				<time>2025-10-26T12:53:54Z</time>
				<ele>-20000.000000</ele>
				<extensions>
					<ns3:TrackPointExtension>
						<ns3:hr>158</ns3:hr>
						<ns3:speed>1.584790</ns3:speed>
						<ns3:cad>76</ns3:cad>
					</ns3:TrackPointExtension>
				</extensions>
			</trkpt>
			<trkpt lat="-6.446116" lon="-35.664403">
				<time>2025-10-26T12:53:55Z</time>
				<ele>-20000.000000</ele>
				<extensions>
					<ns3:TrackPointExtension>
						<ns3:hr>158</ns3:hr>
						<ns3:speed>1.584790</ns3:speed>
						<ns3:cad>76</ns3:cad>
					</ns3:TrackPointExtension>
				</extensions>
			</trkpt>
			<trkpt lat="-6.446119" lon="-35.664388">
				<time>2025-10-26T12:53:56Z</time>
				<ele>-20000.000000</ele>
				<extensions>
					<ns3:TrackPointExtension>
						<ns3:hr>158</ns3:hr>
						<ns3:speed>1.620750</ns3:speed>
						<ns3:cad>74</ns3:cad>
					</ns3:TrackPointExtension>
				</extensions>
			</trkpt>
			<trkpt lat="-6.446120" lon="-35.664373">
				<time>2025-10-26T12:53:57Z</time>
				<ele>-20000.000000</ele>
				<extensions>
					<ns3:TrackPointExtension>
						<ns3:hr>158</ns3:hr>
						<ns3:speed>1.650170</ns3:speed>
						<ns3:cad>71</ns3:cad>
					</ns3:TrackPointExtension>
				</extensions>
			</trkpt>
			<trkpt lat="-6.446121" lon="-35.664358">
				<time>2025-10-26T12:53:58Z</time>
				<ele>-20000.000000</ele>
				<extensions>
					<ns3:TrackPointExtension>
						<ns3:hr>158</ns3:hr>
						<ns3:speed>1.628660</ns3:speed>
						<ns3:cad>71</ns3:cad>
					</ns3:TrackPointExtension>
				</extensions>
			</trkpt>
			<trkpt lat="-6.446123" lon="-35.664343">
				<time>2025-10-26T12:53:59Z</time>
				<ele>-20000.000000</ele>
				<extensions>
					<ns3:TrackPointExtension>
						<ns3:hr>158</ns3:hr>
						<ns3:speed>1.623380</ns3:speed>
						<ns3:cad>71</ns3:cad>
					</ns3:TrackPointExtension>
				</extensions>
			</trkpt>
			<trkpt lat="-6.446126" lon="-35.664327">
				<time>2025-10-26T12:54:00Z</time>
				<ele>-20000.000000</ele>
				<extensions>
					<ns3:TrackPointExtension>
						<ns3:hr>158</ns3:hr>
						<ns3:speed>1.615510</ns3:speed>
						<ns3:cad>71</ns3:cad>
					</ns3:TrackPointExtension>
				</extensions>
			</trkpt>
			<trkpt lat="-6.446128" lon="-35.664311">
				<time>2025-10-26T12:54:01Z</time>
				<ele>-20000.000000</ele>
				<extensions>
					<ns3:TrackPointExtension>
						<ns3:hr>160</ns3:hr>
						<ns3:speed>1.597440</ns3:speed>
						<ns3:cad>71</ns3:cad>
					</ns3:TrackPointExtension>
				</extensions>
			</trkpt>
			<trkpt lat="-6.446130" lon="-35.664298">
				<time>2025-10-26T12:54:01Z</time>
				<ele>-20000.000000</ele>
				<extensions>
					<ns3:TrackPointExtension>
						<ns3:hr>160</ns3:hr>
						<ns3:speed>1.597440</ns3:speed>
						<ns3:cad>71</ns3:cad>
					</ns3:TrackPointExtension>
				</extensions>
			</trkpt>
			<trkpt lat="-6.446132" lon="-35.664285">
				<time>2025-10-26T12:54:02Z</time>
				<ele>-20000.000000</ele>
				<extensions>
					<ns3:TrackPointExtension>
						<ns3:hr>159</ns3:hr>
						<ns3:speed>1.597440</ns3:speed>
						<ns3:cad>72</ns3:cad>
					</ns3:TrackPointExtension>
				</extensions>
			</trkpt>
			<trkpt lat="-6.446133" lon="-35.664273">
				<time>2025-10-26T12:54:04Z</time>
				<ele>-20000.000000</ele>
				<extensions>
					<ns3:TrackPointExtension>
						<ns3:hr>157</ns3:hr>
						<ns3:speed>1.610310</ns3:speed>
						<ns3:cad>73</ns3:cad>
					</ns3:TrackPointExtension>
				</extensions>
			</trkpt>
			<trkpt lat="-6.446135" lon="-35.664261">
				<time>2025-10-26T12:54:04Z</time>
				<ele>-20000.000000</ele>
				<extensions>
					<ns3:TrackPointExtension>
						<ns3:hr>157</ns3:hr>
						<ns3:speed>1.610310</ns3:speed>
						<ns3:cad>73</ns3:cad>
					</ns3:TrackPointExtension>
				</extensions>
			</trkpt>
			<trkpt lat="-6.446138" lon="-35.664248">
				<time>2025-10-26T12:54:06Z</time>
				<ele>-20000.000000</ele>
				<extensions>
					<ns3:TrackPointExtension>
						<ns3:hr>156</ns3:hr>
						<ns3:speed>1.519760</ns3:speed>
						<ns3:cad>62</ns3:cad>
					</ns3:TrackPointExtension>
				</extensions>
			</trkpt>
			<trkpt lat="-6.446141" lon="-35.664232">
				<time>2025-10-26T12:54:07Z</time>
				<ele>-20000.000000</ele>
				<extensions>
					<ns3:TrackPointExtension>
						<ns3:hr>155</ns3:hr>
						<ns3:speed>1.492540</ns3:speed>
						<ns3:cad>58</ns3:cad>
					</ns3:TrackPointExtension>
				</extensions>
			</trkpt>
			<trkpt lat="-6.446144" lon="-35.664216">
				<time>2025-10-26T12:54:08Z</time>
				<ele>-20000.000000</ele>
				<extensions>
					<ns3:TrackPointExtension>
						<ns3:hr>155</ns3:hr>
						<ns3:speed>1.492540</ns3:speed>
						<ns3:cad>58</ns3:cad>
					</ns3:TrackPointExtension>
				</extensions>
			</trkpt>
			<trkpt lat="-6.446146" lon="-35.664203">
				<time>2025-10-26T12:54:09Z</time>
				<ele>-20000.000000</ele>
				<extensions>
					<ns3:TrackPointExtension>
						<ns3:hr>155</ns3:hr>
						<ns3:speed>1.410440</ns3:speed>
						<ns3:cad>51</ns3:cad>
					</ns3:TrackPointExtension>
				</extensions>
			</trkpt>
			<trkpt lat="-6.446147" lon="-35.664192">
				<time>2025-10-26T12:54:10Z</time>
				<ele>-20000.000000</ele>
				<extensions>
					<ns3:TrackPointExtension>
						<ns3:hr>155</ns3:hr>
						<ns3:speed>1.319260</ns3:speed>
						<ns3:cad>50</ns3:cad>
					</ns3:TrackPointExtension>
				</extensions>
			</trkpt>
			<trkpt lat="-6.446148" lon="-35.664182">
				<time>2025-10-26T12:54:11Z</time>
				<ele>-20000.000000</ele>
				<extensions>
					<ns3:TrackPointExtension>
						<ns3:hr>155</ns3:hr>
						<ns3:speed>1.308900</ns3:speed>
						<ns3:cad>51</ns3:cad>
					</ns3:TrackPointExtension>
				</extensions>
			</trkpt>
			<trkpt lat="-6.446150" lon="-35.664175">
				<time>2025-10-26T12:54:11Z</time>
				<ele>-20000.000000</ele>
				<extensions>
					<ns3:TrackPointExtension>
						<ns3:hr>155</ns3:hr>
						<ns3:speed>1.308900</ns3:speed>
						<ns3:cad>51</ns3:cad>
					</ns3:TrackPointExtension>
				</extensions>
			</trkpt>
			<trkpt lat="-6.446151" lon="-35.664171">
				<time>2025-10-26T12:54:13Z</time>
				<ele>-20000.000000</ele>
				<extensions>
					<ns3:TrackPointExtension>
						<ns3:hr>156</ns3:hr>
						<ns3:speed>0.000000</ns3:speed>
						<ns3:cad>0</ns3:cad>
					</ns3:TrackPointExtension>
				</extensions>
			</trkpt>
			<trkpt lat="-6.446150" lon="-35.664167">
				<time>2025-10-26T12:54:13Z</time>
				<ele>-20000.000000</ele>
				<extensions>
					<ns3:TrackPointExtension>
						<ns3:hr>156</ns3:hr>
						<ns3:speed>0.000000</ns3:speed>
						<ns3:cad>0</ns3:cad>
					</ns3:TrackPointExtension>
				</extensions>
			</trkpt>
			<trkpt lat="-6.446147" lon="-35.664166">
				<time>2025-10-26T12:54:15Z</time>
				<ele>-20000.000000</ele>
				<extensions>
					<ns3:TrackPointExtension>
						<ns3:hr>156</ns3:hr>
						<ns3:speed>0.000000</ns3:speed>
						<ns3:cad>0</ns3:cad>
					</ns3:TrackPointExtension>
				</extensions>
			</trkpt>
			<trkpt lat="-6.446143" lon="-35.664164">
				<time>2025-10-26T12:54:15Z</time>
				<ele>-20000.000000</ele>
				<extensions>
					<ns3:TrackPointExtension>
						<ns3:hr>156</ns3:hr>
						<ns3:speed>0.000000</ns3:speed>
						<ns3:cad>0</ns3:cad>
					</ns3:TrackPointExtension>
				</extensions>
			</trkpt>
			<trkpt lat="-6.446138" lon="-35.664161">
				<time>2025-10-26T12:54:17Z</time>
				<ele>-20000.000000</ele>
				<extensions>
					<ns3:TrackPointExtension>
						<ns3:hr>155</ns3:hr>
						<ns3:speed>0.561480</ns3:speed>
						<ns3:cad>49</ns3:cad>
					</ns3:TrackPointExtension>
				</extensions>
			</trkpt>
			<trkpt lat="-6.446131" lon="-35.664157">
				<time>2025-10-26T12:54:17Z</time>
				<ele>-20000.000000</ele>
				<extensions>
					<ns3:TrackPointExtension>
						<ns3:hr>155</ns3:hr>
						<ns3:speed>0.561480</ns3:speed>
						<ns3:cad>49</ns3:cad>
					</ns3:TrackPointExtension>
				</extensions>
			</trkpt>
			<trkpt lat="-6.446124" lon="-35.664151">
				<time>2025-10-26T12:54:19Z</time>
				<ele>-20000.000000</ele>
				<extensions>
					<ns3:TrackPointExtension>
						<ns3:hr>157</ns3:hr>
						<ns3:speed>0.523830</ns3:speed>
						<ns3:cad>55</ns3:cad>
					</ns3:TrackPointExtension>
				</extensions>
			</trkpt>
			<trkpt lat="-6.446114" lon="-35.664144">
				<time>2025-10-26T12:54:20Z</time>
				<ele>-20000.000000</ele>
				<extensions>
					<ns3:TrackPointExtension>
						<ns3:hr>157</ns3:hr>
						<ns3:speed>0.627350</ns3:speed>
						<ns3:cad>54</ns3:cad>
					</ns3:TrackPointExtension>
				</extensions>
			</trkpt>
			<trkpt lat="-6.446104" lon="-35.664136">
				<time>2025-10-26T12:54:20Z</time>
				<ele>-20000.000000</ele>
				<extensions>
					<ns3:TrackPointExtension>
						<ns3:hr>157</ns3:hr>
						<ns3:speed>0.627350</ns3:speed>
						<ns3:cad>54</ns3:cad>
					</ns3:TrackPointExtension>
				</extensions>
			</trkpt>
			<trkpt lat="-6.446094" lon="-35.664128">
				<time>2025-10-26T12:54:21Z</time>
				<ele>-20000.000000</ele>
				<extensions>
					<ns3:TrackPointExtension>
						<ns3:hr>157</ns3:hr>
						<ns3:speed>0.772200</ns3:speed>
						<ns3:cad>55</ns3:cad>
					</ns3:TrackPointExtension>
				</extensions>
			</trkpt>
			<trkpt lat="-6.446078" lon="-35.664122">
				<time>2025-10-26T12:54:23Z</time>
				<ele>-20000.000000</ele>
				<extensions>
					<ns3:TrackPointExtension>
						<ns3:hr>158</ns3:hr>
						<ns3:speed>0.713780</ns3:speed>
						<ns3:cad>54</ns3:cad>
					</ns3:TrackPointExtension>
				</extensions>
			</trkpt>
			<trkpt lat="-6.446064" lon="-35.664118">
				<time>2025-10-26T12:54:24Z</time>
				<ele>-20000.000000</ele>
				<extensions>
					<ns3:TrackPointExtension>
						<ns3:hr>158</ns3:hr>
						<ns3:speed>0.791140</ns3:speed>
						<ns3:cad>53</ns3:cad>
					</ns3:TrackPointExtension>
				</extensions>
			</trkpt>
			<trkpt lat="-6.446050" lon="-35.664118">
				<time>2025-10-26T12:54:25Z</time>
				<ele>-20000.000000</ele>
				<extensions>
					<ns3:TrackPointExtension>
						<ns3:hr>160</ns3:hr>
						<ns3:speed>0.954200</ns3:speed>
						<ns3:cad>74</ns3:cad>
					</ns3:TrackPointExtension>
				</extensions>
			</trkpt>
			<trkpt lat="-6.446039" lon="-35.664120">
				<time>2025-10-26T12:54:26Z</time>
				<ele>-20000.000000</ele>
				<extensions>
					<ns3:TrackPointExtension>
						<ns3:hr>159</ns3:hr>
						<ns3:speed>1.039500</ns3:speed>
						<ns3:cad>74</ns3:cad>
					</ns3:TrackPointExtension>
				</extensions>
			</trkpt>
			<trkpt lat="-6.446026" lon="-35.664123">
				<time>2025-10-26T12:54:27Z</time>
				<ele>-20000.000000</ele>
				<extensions>
					<ns3:TrackPointExtension>
						<ns3:hr>159</ns3:hr>
						<ns3:speed>1.183430</ns3:speed>
						<ns3:cad>74</ns3:cad>
					</ns3:TrackPointExtension>
				</extensions>
			</trkpt>
			<trkpt lat="-6.446013" lon="-35.664126">
				<time>2025-10-26T12:54:28Z</time>
				<ele>-20000.000000</ele>
				<extensions>
					<ns3:TrackPointExtension>
						<ns3:hr>159</ns3:hr>
						<ns3:speed>1.328020</ns3:speed>
						<ns3:cad>74</ns3:cad>
					</ns3:TrackPointExtension>
				</extensions>
			</trkpt>
			<trkpt lat="-6.446001" lon="-35.664129">
				<time>2025-10-26T12:54:28Z</time>
				<ele>-20000.000000</ele>
				<extensions>
					<ns3:TrackPointExtension>
						<ns3:hr>159</ns3:hr>
						<ns3:speed>1.328020</ns3:speed>
						<ns3:cad>74</ns3:cad>
					</ns3:TrackPointExtension>
				</extensions>
			</trkpt>
			<trkpt lat="-6.445992" lon="-35.664133">
				<time>2025-10-26T12:54:29Z</time>
				<ele>-20000.000000</ele>
				<extensions>
					<ns3:TrackPointExtension>
						<ns3:hr>158</ns3:hr>
						<ns3:speed>1.345900</ns3:speed>
						<ns3:cad>74</ns3:cad>
					</ns3:TrackPointExtension>
				</extensions>
			</trkpt>
			<trkpt lat="-6.445985" lon="-35.664137">
				<time>2025-10-26T12:54:30Z</time>
				<ele>-20000.000000</ele>
				<extensions>
					<ns3:TrackPointExtension>
						<ns3:hr>158</ns3:hr>
						<ns3:speed>1.342280</ns3:speed>
						<ns3:cad>74</ns3:cad>
					</ns3:TrackPointExtension>
				</extensions>
			</trkpt>
			<trkpt lat="-6.445981" lon="-35.664140">
				<time>2025-10-26T12:54:31Z</time>
				<ele>-20000.000000</ele>
				<extensions>
					<ns3:TrackPointExtension>
						<ns3:hr>157</ns3:hr>
						<ns3:speed>0.000000</ns3:speed>
						<ns3:cad>74</ns3:cad>
					</ns3:TrackPointExtension>
				</extensions>
			</trkpt>
			<trkpt lat="-6.445976" lon="-35.664143">
				<time>2025-10-26T12:54:32Z</time>
				<ele>-20000.000000</ele>
				<extensions>
					<ns3:TrackPointExtension>
						<ns3:hr>157</ns3:hr>
						<ns3:speed>0.000000</ns3:speed>
						<ns3:cad>0</ns3:cad>
					</ns3:TrackPointExtension>
				</extensions>
			</trkpt>
			<trkpt lat="-6.445974" lon="-35.664143">
				<time>2025-10-26T12:54:34Z</time>
				<ele>-20000.000000</ele>
				<extensions>
					<ns3:TrackPointExtension>
						<ns3:hr>157</ns3:hr>
						<ns3:speed>0.000000</ns3:speed>
						<ns3:cad>0</ns3:cad>
					</ns3:TrackPointExtension>
				</extensions>
			</trkpt>
			<trkpt lat="-6.445972" lon="-35.664142">
				<time>2025-10-26T12:54:35Z</time>
				<ele>-20000.000000</ele>
				<extensions>
					<ns3:TrackPointExtension>
						<ns3:hr>157</ns3:hr>
						<ns3:speed>0.000000</ns3:speed>
						<ns3:cad>0</ns3:cad>
					</ns3:TrackPointExtension>
				</extensions>
			</trkpt>
			<trkpt lat="-6.445972" lon="-35.664139">
				<time>2025-10-26T12:54:35Z</time>
				<ele>-20000.000000</ele>
				<extensions>
					<ns3:TrackPointExtension>
						<ns3:hr>157</ns3:hr>
						<ns3:speed>0.000000</ns3:speed>
						<ns3:cad>0</ns3:cad>
					</ns3:TrackPointExtension>
				</extensions>
			</trkpt>
			<trkpt lat="-6.445973" lon="-35.664135">
				<time>2025-10-26T12:54:36Z</time>
				<ele>-20000.000000</ele>
				<extensions>
					<ns3:TrackPointExtension>
						<ns3:hr>157</ns3:hr>
						<ns3:speed>0.000000</ns3:speed>
						<ns3:cad>0</ns3:cad>
					</ns3:TrackPointExtension>
				</extensions>
			</trkpt>
			<trkpt lat="-6.445972" lon="-35.664133">
				<time>2025-10-26T12:54:38Z</time>
				<ele>-20000.000000</ele>
				<extensions>
					<ns3:TrackPointExtension>
						<ns3:hr>156</ns3:hr>
						<ns3:speed>0.000000</ns3:speed>
						<ns3:cad>0</ns3:cad>
					</ns3:TrackPointExtension>
				</extensions>
			</trkpt>
			<trkpt lat="-6.445973" lon="-35.664131">
				<time>2025-10-26T12:54:39Z</time>
				<ele>-20000.000000</ele>
				<extensions>
					<ns3:TrackPointExtension>
						<ns3:hr>156</ns3:hr>
						<ns3:speed>0.000000</ns3:speed>
						<ns3:cad>0</ns3:cad>
					</ns3:TrackPointExtension>
				</extensions>
			</trkpt>
			<trkpt lat="-6.445975" lon="-35.664130">
				<time>2025-10-26T12:54:40Z</time>
				<ele>-20000.000000</ele>
				<extensions>
					<ns3:TrackPointExtension>
						<ns3:hr>157</ns3:hr>
						<ns3:speed>0.000000</ns3:speed>
						<ns3:cad>0</ns3:cad>
					</ns3:TrackPointExtension>
				</extensions>
			</trkpt>
			<trkpt lat="-6.445980" lon="-35.664127">
				<time>2025-10-26T12:54:41Z</time>
				<ele>-20000.000000</ele>
				<extensions>
					<ns3:TrackPointExtension>
						<ns3:hr>157</ns3:hr>
						<ns3:speed>0.000000</ns3:speed>
						<ns3:cad>0</ns3:cad>
					</ns3:TrackPointExtension>
				</extensions>
			</trkpt>
			<trkpt lat="-6.445989" lon="-35.664122">
				<time>2025-10-26T12:54:42Z</time>
				<ele>-20000.000000</ele>
				<extensions>
					<ns3:TrackPointExtension>
						<ns3:hr>157</ns3:hr>
						<ns3:speed>0.394630</ns3:speed>
						<ns3:cad>72</ns3:cad>
					</ns3:TrackPointExtension>
				</extensions>
			</trkpt>
			<trkpt lat="-6.446001" lon="-35.664117">
				<time>2025-10-26T12:54:42Z</time>
				<ele>-20000.000000</ele>
				<extensions>
					<ns3:TrackPointExtension>
						<ns3:hr>157</ns3:hr>
						<ns3:speed>0.394630</ns3:speed>
						<ns3:cad>72</ns3:cad>
					</ns3:TrackPointExtension>
				</extensions>
			</trkpt>
			<trkpt lat="-6.446014" lon="-35.664112">
				<time>2025-10-26T12:54:43Z</time>
				<ele>-20000.000000</ele>
				<extensions>
					<ns3:TrackPointExtension>
						<ns3:hr>157</ns3:hr>
						<ns3:speed>0.510200</ns3:speed>
						<ns3:cad>73</ns3:cad>
					</ns3:TrackPointExtension>
				</extensions>
			</trkpt>
			<trkpt lat="-6.446028" lon="-35.664109">
				<time>2025-10-26T12:54:44Z</time>
				<ele>-20000.000000</ele>
				<extensions>
					<ns3:TrackPointExtension>
						<ns3:hr>158</ns3:hr>
						<ns3:speed>0.626570</ns3:speed>
						<ns3:cad>0</ns3:cad>
					</ns3:TrackPointExtension>
				</extensions>
			</trkpt>
			<trkpt lat="-6.446042" lon="-35.664107">
				<time>2025-10-26T12:54:46Z</time>
				<ele>-20000.000000</ele>
				<extensions>
					<ns3:TrackPointExtension>
						<ns3:hr>158</ns3:hr>
						<ns3:speed>0.911580</ns3:speed>
						<ns3:cad>0</ns3:cad>
					</ns3:TrackPointExtension>
				</extensions>
			</trkpt>
			<trkpt lat="-6.446055" lon="-35.664108">
				<time>2025-10-26T12:54:47Z</time>
				<ele>-20000.000000</ele>
				<extensions>
					<ns3:TrackPointExtension>
						<ns3:hr>158</ns3:hr>
						<ns3:speed>0.874130</ns3:speed>
						<ns3:cad>0</ns3:cad>
					</ns3:TrackPointExtension>
				</extensions>
			</trkpt>
			<trkpt lat="-6.446066" lon="-35.664113">
				<time>2025-10-26T12:54:48Z</time>
				<ele>-20000.000000</ele>
				<extensions>
					<ns3:TrackPointExtension>
						<ns3:hr>156</ns3:hr>
						<ns3:speed>0.775190</ns3:speed>
						<ns3:cad>0</ns3:cad>
					</ns3:TrackPointExtension>
				</extensions>
			</trkpt>
			<trkpt lat="-6.446076" lon="-35.664121">
				<time>2025-10-26T12:54:49Z</time>
				<ele>-20000.000000</ele>
				<extensions>
					<ns3:TrackPointExtension>
						<ns3:hr>155</ns3:hr>
						<ns3:speed>0.834030</ns3:speed>
						<ns3:cad>0</ns3:cad>
					</ns3:TrackPointExtension>
				</extensions>
			</trkpt>
			<trkpt lat="-6.446087" lon="-35.664133">
				<time>2025-10-26T12:54:50Z</time>
				<ele>-20000.000000</ele>
				<extensions>
					<ns3:TrackPointExtension>
						<ns3:hr>155</ns3:hr>
						<ns3:speed>0.947870</ns3:speed>
						<ns3:cad>0</ns3:cad>
					</ns3:TrackPointExtension>
				</extensions>
			</trkpt>
			<trkpt lat="-6.446098" lon="-35.664147">
				<time>2025-10-26T12:54:51Z</time>
				<ele>-20000.000000</ele>
				<extensions>
					<ns3:TrackPointExtension>
						<ns3:hr>155</ns3:hr>
						<ns3:speed>0.000000</ns3:speed>
						<ns3:cad>0</ns3:cad>
					</ns3:TrackPointExtension>
				</extensions>
			</trkpt>
			<trkpt lat="-6.446108" lon="-35.664161">
				<time>2025-10-26T12:54:52Z</time>
				<ele>-20000.000000</ele>
				<extensions>
					<ns3:TrackPointExtension>
						<ns3:hr>156</ns3:hr>
						<ns3:speed>0.000000</ns3:speed>
						<ns3:cad>0</ns3:cad>
					</ns3:TrackPointExtension>
				</extensions>
			</trkpt>
			<trkpt lat="-6.446116" lon="-35.664175">
				<time>2025-10-26T12:54:53Z</time>
				<ele>-20000.000000</ele>
				<extensions>
					<ns3:TrackPointExtension>
						<ns3:hr>155</ns3:hr>
						<ns3:speed>0.000000</ns3:speed>
						<ns3:cad>0</ns3:cad>
					</ns3:TrackPointExtension>
				</extensions>
			</trkpt>
			<trkpt lat="-6.446123" lon="-35.664189">
				<time>2025-10-26T12:54:53Z</time>
				<ele>-20000.000000</ele>
				<extensions>
					<ns3:TrackPointExtension>
						<ns3:hr>155</ns3:hr>
						<ns3:speed>0.000000</ns3:speed>
						<ns3:cad>0</ns3:cad>
					</ns3:TrackPointExtension>
				</extensions>
			</trkpt>
			<trkpt lat="-6.446126" lon="-35.664205">
				<time>2025-10-26T12:54:55Z</time>
				<ele>-20000.000000</ele>
				<extensions>
					<ns3:TrackPointExtension>
						<ns3:hr>154</ns3:hr>
						<ns3:speed>1.512860</ns3:speed>
						<ns3:cad>73</ns3:cad>
					</ns3:TrackPointExtension>
				</extensions>
			</trkpt>
			<trkpt lat="-6.446127" lon="-35.664221">
				<time>2025-10-26T12:54:56Z</time>
				<ele>-20000.000000</ele>
				<extensions>
					<ns3:TrackPointExtension>
						<ns3:hr>154</ns3:hr>
						<ns3:speed>1.612900</ns3:speed>
						<ns3:cad>72</ns3:cad>
					</ns3:TrackPointExtension>
				</extensions>
			</trkpt>
			<trkpt lat="-6.446128" lon="-35.664237">
				<time>2025-10-26T12:54:57Z</time>
				<ele>-20000.000000</ele>
				<extensions>
					<ns3:TrackPointExtension>
						<ns3:hr>153</ns3:hr>
						<ns3:speed>1.700680</ns3:speed>
						<ns3:cad>71</ns3:cad>
					</ns3:TrackPointExtension>
				</extensions>
			</trkpt>
			<trkpt lat="-6.446127" lon="-35.664254">
				<time>2025-10-26T12:54:57Z</time>
				<ele>-20000.000000</ele>
				<extensions>
					<ns3:TrackPointExtension>
						<ns3:hr>153</ns3:hr>
						<ns3:speed>1.700680</ns3:speed>
						<ns3:cad>71</ns3:cad>
					</ns3:TrackPointExtension>
				</extensions>
			</trkpt>
			<trkpt lat="-6.446125" lon="-35.664272">
				<time>2025-10-26T12:54:58Z</time>
				<ele>-20000.000000</ele>
				<extensions>
					<ns3:TrackPointExtension>
						<ns3:hr>152</ns3:hr>
						<ns3:speed>1.739130</ns3:speed>
						<ns3:cad>71</ns3:cad>
					</ns3:TrackPointExtension>
				</extensions>
			</trkpt>
			<trkpt lat="-6.446120" lon="-35.664291">
				<time>2025-10-26T12:55:00Z</time>
				<ele>-20000.000000</ele>
				<extensions>
					<ns3:TrackPointExtension>
						<ns3:hr>152</ns3:hr>
						<ns3:speed>1.763670</ns3:speed>
						<ns3:cad>77</ns3:cad>
					</ns3:TrackPointExtension>
				</extensions>
			</trkpt>
			<trkpt lat="-6.446114" lon="-35.664309">
				<time>2025-10-26T12:55:01Z</time>
				<ele>-20000.000000</ele>
				<extensions>
					<ns3:TrackPointExtension>
						<ns3:hr>151</ns3:hr>
						<ns3:speed>1.776200</ns3:speed>
						<ns3:cad>75</ns3:cad>
					</ns3:TrackPointExtension>
				</extensions>
			</trkpt>
			<trkpt lat="-6.446107" lon="-35.664323">
				<time>2025-10-26T12:55:02Z</time>
				<ele>-20000.000000</ele>
				<extensions>
					<ns3:TrackPointExtension>
						<ns3:hr>151</ns3:hr>
						<ns3:speed>1.808320</ns3:speed>
						<ns3:cad>74</ns3:cad>
					</ns3:TrackPointExtension>
				</extensions>
			</trkpt>
			<trkpt lat="-6.446103" lon="-35.664334">
				<time>2025-10-26T12:55:02Z</time>
				<ele>-20000.000000</ele>
				<extensions>
					<ns3:TrackPointExtension>
						<ns3:hr>151</ns3:hr>
						<ns3:speed>1.808320</ns3:speed>
						<ns3:cad>74</ns3:cad>
					</ns3:TrackPointExtension>
				</extensions>
			</trkpt>
			<trkpt lat="-6.446101" lon="-35.664341">
				<time>2025-10-26T12:55:03Z</time>
				<ele>-20000.000000</ele>
				<extensions>
					<ns3:TrackPointExtension>
						<ns3:hr>150</ns3:hr>
						<ns3:speed>1.824820</ns3:speed>
						<ns3:cad>74</ns3:cad>
					</ns3:TrackPointExtension>
				</extensions>
			</trkpt>
			<trkpt lat="-6.446101" lon="-35.664345">
				<time>2025-10-26T12:55:04Z</time>
				<ele>-20000.000000</ele>
				<extensions>
					<ns3:TrackPointExtension>
						<ns3:hr>150</ns3:hr>
						<ns3:speed>0.000000</ns3:speed>
						<ns3:cad>74</ns3:cad>
					</ns3:TrackPointExtension>
				</extensions>
			</trkpt>
			<trkpt lat="-6.446100" lon="-35.664348">
				<time>2025-10-26T12:55:05Z</time>
				<ele>-20000.000000</ele>
				<extensions>
					<ns3:TrackPointExtension>
						<ns3:hr>149</ns3:hr>
						<ns3:speed>0.000000</ns3:speed>
						<ns3:cad>0</ns3:cad>
					</ns3:TrackPointExtension>
				</extensions>
			</trkpt>
			<trkpt lat="-6.446098" lon="-35.664351">
				<time>2025-10-26T12:55:06Z</time>
				<ele>-20000.000000</ele>
				<extensions>
					<ns3:TrackPointExtension>
						<ns3:hr>150</ns3:hr>
						<ns3:speed>0.000000</ns3:speed>
						<ns3:cad>0</ns3:cad>
					</ns3:TrackPointExtension>
				</extensions>
			</trkpt>
			<trkpt lat="-6.446095" lon="-35.664352">
				<time>2025-10-26T12:55:07Z</time>
				<ele>-20000.000000</ele>
				<extensions>
					<ns3:TrackPointExtension>
						<ns3:hr>150</ns3:hr>
						<ns3:speed>0.000000</ns3:speed>
						<ns3:cad>0</ns3:cad>
					</ns3:TrackPointExtension>
				</extensions>
			</trkpt>
			<trkpt lat="-6.446090" lon="-35.664354">
				<time>2025-10-26T12:55:08Z</time>
				<ele>-20000.000000</ele>
				<extensions>
					<ns3:TrackPointExtension>
						<ns3:hr>150</ns3:hr>
						<ns3:speed>0.000000</ns3:speed>
						<ns3:cad>0</ns3:cad>
					</ns3:TrackPointExtension>
				</extensions>
			</trkpt>
			<trkpt lat="-6.446082" lon="-35.664355">
				<time>2025-10-26T12:55:09Z</time>
				<ele>-20000.000000</ele>
				<extensions>
					<ns3:TrackPointExtension>
						<ns3:hr>150</ns3:hr>
						<ns3:speed>0.000000</ns3:speed>
						<ns3:cad>0</ns3:cad>
					</ns3:TrackPointExtension>
				</extensions>
			</trkpt>
			<trkpt lat="-6.446073" lon="-35.664355">
				<time>2025-10-26T12:55:10Z</time>
				<ele>-20000.000000</ele>
				<extensions>
					<ns3:TrackPointExtension>
						<ns3:hr>150</ns3:hr>
						<ns3:speed>1.231530</ns3:speed>
						<ns3:cad>52</ns3:cad>
					</ns3:TrackPointExtension>
				</extensions>
			</trkpt>
			<trkpt lat="-6.446064" lon="-35.664354">
				<time>2025-10-26T12:55:12Z</time>
				<ele>-20000.000000</ele>
				<extensions>
					<ns3:TrackPointExtension>
						<ns3:hr>150</ns3:hr>
						<ns3:speed>0.663130</ns3:speed>
						<ns3:cad>51</ns3:cad>
					</ns3:TrackPointExtension>
				</extensions>
			</trkpt>
			<trkpt lat="-6.446054" lon="-35.664351">
				<time>2025-10-26T12:55:13Z</time>
				<ele>-20000.000000</ele>
				<extensions>
					<ns3:TrackPointExtension>
						<ns3:hr>151</ns3:hr>
						<ns3:speed>0.749060</ns3:speed>
						<ns3:cad>51</ns3:cad>
					</ns3:TrackPointExtension>
				</extensions>
			</trkpt>
			<trkpt lat="-6.446044" lon="-35.664349">
				<time>2025-10-26T12:55:14Z</time>
				<ele>-20000.000000</ele>
				<extensions>
					<ns3:TrackPointExtension>
						<ns3:hr>149</ns3:hr>
						<ns3:speed>0.888890</ns3:speed>
						<ns3:cad>51</ns3:cad>
					</ns3:TrackPointExtension>
				</extensions>
			</trkpt>
			<trkpt lat="-6.446034" lon="-35.664348">
				<time>2025-10-26T12:55:15Z</time>
				<ele>-20000.000000</ele>
				<extensions>
					<ns3:TrackPointExtension>
						<ns3:hr>150</ns3:hr>
						<ns3:speed>0.877960</ns3:speed>
						<ns3:cad>53</ns3:cad>
					</ns3:TrackPointExtension>
				</extensions>
			</trkpt>
			<trkpt lat="-6.446024" lon="-35.664351">
				<time>2025-10-26T12:55:16Z</time>
				<ele>-20000.000000</ele>
				<extensions>
					<ns3:TrackPointExtension>
						<ns3:hr>149</ns3:hr>
						<ns3:speed>0.891270</ns3:speed>
						<ns3:cad>57</ns3:cad>
					</ns3:TrackPointExtension>
				</extensions>
			</trkpt>
			<trkpt lat="-6.446014" lon="-35.664354">
				<time>2025-10-26T12:55:17Z</time>
				<ele>-20000.000000</ele>
				<extensions>
					<ns3:TrackPointExtension>
						<ns3:hr>148</ns3:hr>
						<ns3:speed>1.019370</ns3:speed>
						<ns3:cad>58</ns3:cad>
					</ns3:TrackPointExtension>
				</extensions>
			</trkpt>
			<trkpt lat="-6.446004" lon="-35.664359">
				<time>2025-10-26T12:55:18Z</time>
				<ele>-20000.000000</ele>
				<extensions>
					<ns3:TrackPointExtension>
						<ns3:hr>148</ns3:hr>
						<ns3:speed>1.053740</ns3:speed>
						<ns3:cad>58</ns3:cad>
					</ns3:TrackPointExtension>
				</extensions>
			</trkpt>
			<trkpt lat="-6.445994" lon="-35.664365">
				<time>2025-10-26T12:55:19Z</time>
				<ele>-20000.000000</ele>
				<extensions>
					<ns3:TrackPointExtension>
						<ns3:hr>148</ns3:hr>
						<ns3:speed>1.079910</ns3:speed>
						<ns3:cad>53</ns3:cad>
					</ns3:TrackPointExtension>
				</extensions>
			</trkpt>
			<trkpt lat="-6.445985" lon="-35.664373">
				<time>2025-10-26T12:55:20Z</time>
				<ele>-20000.000000</ele>
				<extensions>
					<ns3:TrackPointExtension>
						<ns3:hr>149</ns3:hr>
						<ns3:speed>1.138950</ns3:speed>
						<ns3:cad>52</ns3:cad>
					</ns3:TrackPointExtension>
				</extensions>
			</trkpt>
			<trkpt lat="-6.445976" lon="-35.664383">
				<time>2025-10-26T12:55:21Z</time>
				<ele>-20000.000000</ele>
				<extensions>
					<ns3:TrackPointExtension>
						<ns3:hr>149</ns3:hr>
						<ns3:speed>1.187650</ns3:speed>
						<ns3:cad>52</ns3:cad>
					</ns3:TrackPointExtension>
				</extensions>
			</trkpt>
			<trkpt lat="-6.445968" lon="-35.664393">
				<time>2025-10-26T12:55:22Z</time>
				<ele>-20000.000000</ele>
				<extensions>
					<ns3:TrackPointExtension>
						<ns3:hr>149</ns3:hr>
						<ns3:speed>1.210650</ns3:speed>
						<ns3:cad>52</ns3:cad>
					</ns3:TrackPointExtension>
				</extensions>
			</trkpt>
			<trkpt lat="-6.445960" lon="-35.664402">
				<time>2025-10-26T12:55:23Z</time>
				<ele>-20000.000000</ele>
				<extensions>
					<ns3:TrackPointExtension>
						<ns3:hr>149</ns3:hr>
						<ns3:speed>1.226990</ns3:speed>
						<ns3:cad>52</ns3:cad>
					</ns3:TrackPointExtension>
				</extensions>
			</trkpt>
			<trkpt lat="-6.445951" lon="-35.664413">
				<time>2025-10-26T12:55:24Z</time>
				<ele>-20000.000000</ele>
				<extensions>
					<ns3:TrackPointExtension>
						<ns3:hr>149</ns3:hr>
						<ns3:speed>1.243780</ns3:speed>
						<ns3:cad>52</ns3:cad>
					</ns3:TrackPointExtension>
				</extensions>
			</trkpt>
			<trkpt lat="-6.445942" lon="-35.664425">
				<time>2025-10-26T12:55:25Z</time>
				<ele>-20000.000000</ele>
				<extensions>
					<ns3:TrackPointExtension>
						<ns3:hr>149</ns3:hr>
						<ns3:speed>1.173710</ns3:speed>
						<ns3:cad>52</ns3:cad>
					</ns3:TrackPointExtension>
				</extensions>
			</trkpt>
			<trkpt lat="-6.445934" lon="-35.664437">
				<time>2025-10-26T12:55:26Z</time>
				<ele>-20000.000000</ele>
				<extensions>
					<ns3:TrackPointExtension>
						<ns3:hr>150</ns3:hr>
						<ns3:speed>1.097690</ns3:speed>
						<ns3:cad>52</ns3:cad>
					</ns3:TrackPointExtension>
				</extensions>
			</trkpt>
			<trkpt lat="-6.445926" lon="-35.664449">
				<time>2025-10-26T12:55:27Z</time>
				<ele>-20000.000000</ele>
				<extensions>
					<ns3:TrackPointExtension>
						<ns3:hr>149</ns3:hr>
						<ns3:speed>1.112350</ns3:speed>
						<ns3:cad>52</ns3:cad>
					</ns3:TrackPointExtension>
				</extensions>
			</trkpt>
			<trkpt lat="-6.445920" lon="-35.664460">
				<time>2025-10-26T12:55:28Z</time>
				<ele>-20000.000000</ele>
				<extensions>
					<ns3:TrackPointExtension>
						<ns3:hr>149</ns3:hr>
						<ns3:speed>1.137660</ns3:speed>
						<ns3:cad>52</ns3:cad>
					</ns3:TrackPointExtension>
				</extensions>
			</trkpt>
			<trkpt lat="-6.445914" lon="-35.664471">
				<time>2025-10-26T12:55:29Z</time>
				<ele>-20000.000000</ele>
				<extensions>
					<ns3:TrackPointExtension>
						<ns3:hr>149</ns3:hr>
						<ns3:speed>1.153400</ns3:speed>
						<ns3:cad>53</ns3:cad>
					</ns3:TrackPointExtension>
				</extensions>
			</trkpt>
			<trkpt lat="-6.445908" lon="-35.664479">
				<time>2025-10-26T12:55:30Z</time>
				<ele>-20000.000000</ele>
				<extensions>
					<ns3:TrackPointExtension>
						<ns3:hr>148</ns3:hr>
						<ns3:speed>1.153400</ns3:speed>
						<ns3:cad>54</ns3:cad>
					</ns3:TrackPointExtension>
				</extensions>
			</trkpt>
			<trkpt lat="-6.445903" lon="-35.664486">
				<time>2025-10-26T12:55:31Z</time>
				<ele>-20000.000000</ele>
				<extensions>
					<ns3:TrackPointExtension>
						<ns3:hr>147</ns3:hr>
						<ns3:speed>1.230010</ns3:speed>
						<ns3:cad>55</ns3:cad>
					</ns3:TrackPointExtension>
				</extensions>
			</trkpt>
			<trkpt lat="-6.445899" lon="-35.664490">
				<time>2025-10-26T12:55:32Z</time>
				<ele>-20000.000000</ele>
				<extensions>
					<ns3:TrackPointExtension>
						<ns3:hr>146</ns3:hr>
						<ns3:speed>1.275510</ns3:speed>
						<ns3:cad>55</ns3:cad>
					</ns3:TrackPointExtension>
				</extensions>
			</trkpt>
			<trkpt lat="-6.445897" lon="-35.664492">
				<time>2025-10-26T12:55:33Z</time>
				<ele>-20000.000000</ele>
				<extensions>
					<ns3:TrackPointExtension>
						<ns3:hr>146</ns3:hr>
						<ns3:speed>1.199040</ns3:speed>
						<ns3:cad>55</ns3:cad>
					</ns3:TrackPointExtension>
				</extensions>
			</trkpt>
			<trkpt lat="-6.445894" lon="-35.664493">
				<time>2025-10-26T12:55:34Z</time>
				<ele>-20000.000000</ele>
				<extensions>
					<ns3:TrackPointExtension>
						<ns3:hr>145</ns3:hr>
						<ns3:speed>1.082250</ns3:speed>
						<ns3:cad>55</ns3:cad>
					</ns3:TrackPointExtension>
				</extensions>
			</trkpt>
			<trkpt lat="-6.445892" lon="-35.664495">
				<time>2025-10-26T12:55:35Z</time>
				<ele>-20000.000000</ele>
				<extensions>
					<ns3:TrackPointExtension>
						<ns3:hr>145</ns3:hr>
						<ns3:speed>0.991080</ns3:speed>
						<ns3:cad>55</ns3:cad>
					</ns3:TrackPointExtension>
				</extensions>
			</trkpt>
			<trkpt lat="-6.445890" lon="-35.664496">
				<time>2025-10-26T12:55:36Z</time>
				<ele>-20000.000000</ele>
				<extensions>
					<ns3:TrackPointExtension>
						<ns3:hr>145</ns3:hr>
						<ns3:speed>0.937210</ns3:speed>
						<ns3:cad>51</ns3:cad>
					</ns3:TrackPointExtension>
				</extensions>
			</trkpt>
			<trkpt lat="-6.445889" lon="-35.664496">
				<time>2025-10-26T12:55:37Z</time>
				<ele>-20000.000000</ele>
				<extensions>
					<ns3:TrackPointExtension>
						<ns3:hr>146</ns3:hr>
						<ns3:speed>0.864300</ns3:speed>
						<ns3:cad>47</ns3:cad>
					</ns3:TrackPointExtension>
				</extensions>
			</trkpt>
			<trkpt lat="-6.445889" lon="-35.664497">
				<time>2025-10-26T12:55:38Z</time>
				<ele>-20000.000000</ele>
				<extensions>
					<ns3:TrackPointExtension>
						<ns3:hr>146</ns3:hr>
						<ns3:speed>0.801920</ns3:speed>
						<ns3:cad>46</ns3:cad>
					</ns3:TrackPointExtension>
				</extensions>
			</trkpt>
			<trkpt lat="-6.445889" lon="-35.664498">
				<time>2025-10-26T12:55:39Z</time>
				<ele>-20000.000000</ele>
				<extensions>
					<ns3:TrackPointExtension>
						<ns3:hr>145</ns3:hr>
						<ns3:speed>0.000000</ns3:speed>
						<ns3:cad>46</ns3:cad>
					</ns3:TrackPointExtension>
				</extensions>
			</trkpt>
			<trkpt lat="-6.445888" lon="-35.664497">
				<time>2025-10-26T12:55:40Z</time>
				<ele>-20000.000000</ele>
				<extensions>
					<ns3:TrackPointExtension>
						<ns3:hr>145</ns3:hr>
						<ns3:speed>0.000000</ns3:speed>
						<ns3:cad>0</ns3:cad>
					</ns3:TrackPointExtension>
				</extensions>
			</trkpt>
			<trkpt lat="-6.445888" lon="-35.664496">
				<time>2025-10-26T12:55:41Z</time>
				<ele>-20000.000000</ele>
				<extensions>
					<ns3:TrackPointExtension>
						<ns3:hr>144</ns3:hr>
						<ns3:speed>0.000000</ns3:speed>
						<ns3:cad>0</ns3:cad>
					</ns3:TrackPointExtension>
				</extensions>
			</trkpt>
			<trkpt lat="-6.445887" lon="-35.664494">
				<time>2025-10-26T12:55:42Z</time>
				<ele>-20000.000000</ele>
				<extensions>
					<ns3:TrackPointExtension>
						<ns3:hr>144</ns3:hr>
						<ns3:speed>0.000000</ns3:speed>
						<ns3:cad>0</ns3:cad>
					</ns3:TrackPointExtension>
				</extensions>
			</trkpt>
			<trkpt lat="-6.445885" lon="-35.664491">
				<time>2025-10-26T12:55:43Z</time>
				<ele>-20000.000000</ele>
				<extensions>
					<ns3:TrackPointExtension>
						<ns3:hr>145</ns3:hr>
						<ns3:speed>0.000000</ns3:speed>
						<ns3:cad>0</ns3:cad>
					</ns3:TrackPointExtension>
				</extensions>
			</trkpt>
			<trkpt lat="-6.445882" lon="-35.664489">
				<time>2025-10-26T12:55:44Z</time>
				<ele>-20000.000000</ele>
				<extensions>
					<ns3:TrackPointExtension>
						<ns3:hr>145</ns3:hr>
						<ns3:speed>0.000000</ns3:speed>
						<ns3:cad>0</ns3:cad>
					</ns3:TrackPointExtension>
				</extensions>
			</trkpt>
			<trkpt lat="-6.445879" lon="-35.664485">
				<time>2025-10-26T12:55:45Z</time>
				<ele>-20000.000000</ele>
				<extensions>
					<ns3:TrackPointExtension>
						<ns3:hr>145</ns3:hr>
						<ns3:speed>0.301020</ns3:speed>
						<ns3:cad>0</ns3:cad>
					</ns3:TrackPointExtension>
				</extensions>
			</trkpt>
			<trkpt lat="-6.445873" lon="-35.664482">
				<time>2025-10-26T12:55:46Z</time>
				<ele>-20000.000000</ele>
				<extensions>
					<ns3:TrackPointExtension>
						<ns3:hr>145</ns3:hr>
						<ns3:speed>0.366030</ns3:speed>
						<ns3:cad>0</ns3:cad>
					</ns3:TrackPointExtension>
				</extensions>
			</trkpt>
			<trkpt lat="-6.445866" lon="-35.664478">
				<time>2025-10-26T12:55:47Z</time>
				<ele>-20000.000000</ele>
				<extensions>
					<ns3:TrackPointExtension>
						<ns3:hr>146</ns3:hr>
						<ns3:speed>0.454130</ns3:speed>
						<ns3:cad>0</ns3:cad>
					</ns3:TrackPointExtension>
				</extensions>
			</trkpt>
			<trkpt lat="-6.445861" lon="-35.664473">
				<time>2025-10-26T12:55:48Z</time>
				<ele>-20000.000000</ele>
				<extensions>
					<ns3:TrackPointExtension>
						<ns3:hr>146</ns3:hr>
						<ns3:speed>0.525760</ns3:speed>
						<ns3:cad>0</ns3:cad>
					</ns3:TrackPointExtension>
				</extensions>
			</trkpt>
			<trkpt lat="-6.445856" lon="-35.664468">
				<time>2025-10-26T12:55:49Z</time>
				<ele>-20000.000000</ele>
				<extensions>
					<ns3:TrackPointExtension>
						<ns3:hr>146</ns3:hr>
						<ns3:speed>0.579040</ns3:speed>
						<ns3:cad>0</ns3:cad>
					</ns3:TrackPointExtension>
				</extensions>
			</trkpt>
			<trkpt lat="-6.445854" lon="-35.664463">
				<time>2025-10-26T12:55:50Z</time>
				<ele>-20000.000000</ele>
				<extensions>
					<ns3:TrackPointExtension>
						<ns3:hr>145</ns3:hr>
						<ns3:speed>0.559910</ns3:speed>
						<ns3:cad>0</ns3:cad>
					</ns3:TrackPointExtension>
				</extensions>
			</trkpt>
			<trkpt lat="-6.445855" lon="-35.664459">
				<time>2025-10-26T12:55:51Z</time>
				<ele>-20000.000000</ele>
				<extensions>
					<ns3:TrackPointExtension>
						<ns3:hr>145</ns3:hr>
						<ns3:speed>0.568500</ns3:speed>
						<ns3:cad>39</ns3:cad>
					</ns3:TrackPointExtension>
				</extensions>
			</trkpt>
			<trkpt lat="-6.445861" lon="-35.664456">
				<time>2025-10-26T12:55:52Z</time>
				<ele>-20000.000000</ele>
				<extensions>
					<ns3:TrackPointExtension>
						<ns3:hr>145</ns3:hr>
						<ns3:speed>0.588930</ns3:speed>
						<ns3:cad>40</ns3:cad>
					</ns3:TrackPointExtension>
				</extensions>
			</trkpt>
			<trkpt lat="-6.445866" lon="-35.664450">
				<time>2025-10-26T12:55:53Z</time>
				<ele>-20000.000000</ele>
				<extensions>
					<ns3:TrackPointExtension>
						<ns3:hr>145</ns3:hr>
						<ns3:speed>0.611620</ns3:speed>
						<ns3:cad>39</ns3:cad>
					</ns3:TrackPointExtension>
				</extensions>
			</trkpt>
			<trkpt lat="-6.445872" lon="-35.664444">
				<time>2025-10-26T12:55:54Z</time>
				<ele>-20000.000000</ele>
				<extensions>
					<ns3:TrackPointExtension>
						<ns3:hr>145</ns3:hr>
						<ns3:speed>0.673850</ns3:speed>
						<ns3:cad>39</ns3:cad>
					</ns3:TrackPointExtension>
				</extensions>
			</trkpt>
			<trkpt lat="-6.445878" lon="-35.664437">
				<time>2025-10-26T12:55:55Z</time>
				<ele>-20000.000000</ele>
				<extensions>
					<ns3:TrackPointExtension>
						<ns3:hr>145</ns3:hr>
						<ns3:speed>0.690130</ns3:speed>
						<ns3:cad>49</ns3:cad>
					</ns3:TrackPointExtension>
				</extensions>
			</trkpt>
			<trkpt lat="-6.445884" lon="-35.664429">
				<time>2025-10-26T12:55:56Z</time>
				<ele>-20000.000000</ele>
				<extensions>
					<ns3:TrackPointExtension>
						<ns3:hr>146</ns3:hr>
						<ns3:speed>0.720460</ns3:speed>
						<ns3:cad>52</ns3:cad>
					</ns3:TrackPointExtension>
				</extensions>
			</trkpt>
			<trkpt lat="-6.445890" lon="-35.664423">
				<time>2025-10-26T12:55:57Z</time>
				<ele>-20000.000000</ele>
				<extensions>
					<ns3:TrackPointExtension>
						<ns3:hr>144</ns3:hr>
						<ns3:speed>0.707210</ns3:speed>
						<ns3:cad>51</ns3:cad>
					</ns3:TrackPointExtension>
				</extensions>
			</trkpt>
			<trkpt lat="-6.445897" lon="-35.664416">
				<time>2025-10-26T12:55:58Z</time>
				<ele>-20000.000000</ele>
				<extensions>
					<ns3:TrackPointExtension>
						<ns3:hr>143</ns3:hr>
						<ns3:speed>0.675220</ns3:speed>
						<ns3:cad>51</ns3:cad>
					</ns3:TrackPointExtension>
				</extensions>
			</trkpt>
			<trkpt lat="-6.445905" lon="-35.664409">
				<time>2025-10-26T12:55:59Z</time>
				<ele>-20000.000000</ele>
				<extensions>
					<ns3:TrackPointExtension>
						<ns3:hr>143</ns3:hr>
						<ns3:speed>0.669790</ns3:speed>
						<ns3:cad>50</ns3:cad>
					</ns3:TrackPointExtension>
				</extensions>
			</trkpt>
			<trkpt lat="-6.445913" lon="-35.664403">
				<time>2025-10-26T12:56:00Z</time>
				<ele>-20000.000000</ele>
				<extensions>
					<ns3:TrackPointExtension>
						<ns3:hr>142</ns3:hr>
						<ns3:speed>0.712760</ns3:speed>
						<ns3:cad>50</ns3:cad>
					</ns3:TrackPointExtension>
				</extensions>
			</trkpt>
			<trkpt lat="-6.445921" lon="-35.664395">
				<time>2025-10-26T12:56:01Z</time>
				<ele>-20000.000000</ele>
				<extensions>
					<ns3:TrackPointExtension>
						<ns3:hr>141</ns3:hr>
						<ns3:speed>0.732600</ns3:speed>
						<ns3:cad>51</ns3:cad>
					</ns3:TrackPointExtension>
				</extensions>
			</trkpt>
			<trkpt lat="-6.445929" lon="-35.664387">
				<time>2025-10-26T12:56:02Z</time>
				<ele>-20000.000000</ele>
				<extensions>
					<ns3:TrackPointExtension>
						<ns3:hr>140</ns3:hr>
						<ns3:speed>0.738550</ns3:speed>
						<ns3:cad>52</ns3:cad>
					</ns3:TrackPointExtension>
				</extensions>
			</trkpt>
			<trkpt lat="-6.445939" lon="-35.664378">
				<time>2025-10-26T12:56:03Z</time>
				<ele>-20000.000000</ele>
				<extensions>
					<ns3:TrackPointExtension>
						<ns3:hr>138</ns3:hr>
						<ns3:speed>0.831260</ns3:speed>
						<ns3:cad>53</ns3:cad>
					</ns3:TrackPointExtension>
				</extensions>
			</trkpt>
			<trkpt lat="-6.445949" lon="-35.664370">
				<time>2025-10-26T12:56:04Z</time>
				<ele>-20000.000000</ele>
				<extensions>
					<ns3:TrackPointExtension>
						<ns3:hr>138</ns3:hr>
						<ns3:speed>1.003010</ns3:speed>
						<ns3:cad>54</ns3:cad>
					</ns3:TrackPointExtension>
				</extensions>
			</trkpt>
			<trkpt lat="-6.445961" lon="-35.664361">
				<time>2025-10-26T12:56:05Z</time>
				<ele>-20000.000000</ele>
				<extensions>
					<ns3:TrackPointExtension>
						<ns3:hr>140</ns3:hr>
						<ns3:speed>1.170960</ns3:speed>
						<ns3:cad>55</ns3:cad>
					</ns3:TrackPointExtension>
				</extensions>
			</trkpt>
			<trkpt lat="-6.445974" lon="-35.664354">
				<time>2025-10-26T12:56:06Z</time>
				<ele>-20000.000000</ele>
				<extensions>
					<ns3:TrackPointExtension>
						<ns3:hr>142</ns3:hr>
						<ns3:speed>1.259450</ns3:speed>
						<ns3:cad>55</ns3:cad>
					</ns3:TrackPointExtension>
				</extensions>
			</trkpt>
			<trkpt lat="-6.445987" lon="-35.664349">
				<time>2025-10-26T12:56:07Z</time>
				<ele>-20000.000000</ele>
				<extensions>
					<ns3:TrackPointExtension>
						<ns3:hr>143</ns3:hr>
						<ns3:speed>1.331560</ns3:speed>
						<ns3:cad>71</ns3:cad>
					</ns3:TrackPointExtension>
				</extensions>
			</trkpt>
			<trkpt lat="-6.446000" lon="-35.664346">
				<time>2025-10-26T12:56:08Z</time>
				<ele>-20000.000000</ele>
				<extensions>
					<ns3:TrackPointExtension>
						<ns3:hr>143</ns3:hr>
						<ns3:speed>1.388890</ns3:speed>
						<ns3:cad>71</ns3:cad>
					</ns3:TrackPointExtension>
				</extensions>
			</trkpt>
			<trkpt lat="-6.446015" lon="-35.664344">
				<time>2025-10-26T12:56:09Z</time>
				<ele>-20000.000000</ele>
				<extensions>
					<ns3:TrackPointExtension>
						<ns3:hr>141</ns3:hr>
						<ns3:speed>1.422480</ns3:speed>
						<ns3:cad>71</ns3:cad>
					</ns3:TrackPointExtension>
				</extensions>
			</trkpt>
			<trkpt lat="-6.446032" lon="-35.664344">
				<time>2025-10-26T12:56:10Z</time>
				<ele>-20000.000000</ele>
				<extensions>
					<ns3:TrackPointExtension>
						<ns3:hr>141</ns3:hr>
						<ns3:speed>1.455600</ns3:speed>
						<ns3:cad>71</ns3:cad>
					</ns3:TrackPointExtension>
				</extensions>
			</trkpt>
			<trkpt lat="-6.446053" lon="-35.664347">
				<time>2025-10-26T12:56:11Z</time>
				<ele>-20000.000000</ele>
				<extensions>
					<ns3:TrackPointExtension>
						<ns3:hr>140</ns3:hr>
						<ns3:speed>1.485880</ns3:speed>
						<ns3:cad>72</ns3:cad>
					</ns3:TrackPointExtension>
				</extensions>
			</trkpt>
			<trkpt lat="-6.446074" lon="-35.664350">
				<time>2025-10-26T12:56:12Z</time>
				<ele>-20000.000000</ele>
				<extensions>
					<ns3:TrackPointExtension>
						<ns3:hr>140</ns3:hr>
						<ns3:speed>1.552800</ns3:speed>
						<ns3:cad>72</ns3:cad>
					</ns3:TrackPointExtension>
				</extensions>
			</trkpt>
			<trkpt lat="-6.446091" lon="-35.664354">
				<time>2025-10-26T12:56:13Z</time>
				<ele>-20000.000000</ele>
				<extensions>
					<ns3:TrackPointExtension>
						<ns3:hr>140</ns3:hr>
						<ns3:speed>1.501500</ns3:speed>
						<ns3:cad>73</ns3:cad>
					</ns3:TrackPointExtension>
				</extensions>
			</trkpt>
			<trkpt lat="-6.446103" lon="-35.664358">
				<time>2025-10-26T12:56:14Z</time>
				<ele>-20000.000000</ele>
				<extensions>
					<ns3:TrackPointExtension>
						<ns3:hr>141</ns3:hr>
						<ns3:speed>1.396650</ns3:speed>
						<ns3:cad>73</ns3:cad>
					</ns3:TrackPointExtension>
				</extensions>
			</trkpt>
			<trkpt lat="-6.446111" lon="-35.664361">
				<time>2025-10-26T12:56:15Z</time>
				<ele>-20000.000000</ele>
				<extensions>
					<ns3:TrackPointExtension>
						<ns3:hr>140</ns3:hr>
						<ns3:speed>1.396650</ns3:speed>
						<ns3:cad>73</ns3:cad>
					</ns3:TrackPointExtension>
				</extensions>
			</trkpt>
			<trkpt lat="-6.446118" lon="-35.664365">
				<time>2025-10-26T12:56:16Z</time>
				<ele>-20000.000000</ele>
				<extensions>
					<ns3:TrackPointExtension>
						<ns3:hr>141</ns3:hr>
						<ns3:speed>1.240690</ns3:speed>
						<ns3:cad>74</ns3:cad>
					</ns3:TrackPointExtension>
				</extensions>
			</trkpt>
			<trkpt lat="-6.446124" lon="-35.664368">
				<time>2025-10-26T12:56:17Z</time>
				<ele>-20000.000000</ele>
				<extensions>
					<ns3:TrackPointExtension>
						<ns3:hr>142</ns3:hr>
						<ns3:speed>0.896860</ns3:speed>
						<ns3:cad>74</ns3:cad>
					</ns3:TrackPointExtension>
				</extensions>
			</trkpt>
			<trkpt lat="-6.446130" lon="-35.664370">
				<time>2025-10-26T12:56:18Z</time>
				<ele>-20000.000000</ele>
				<extensions>
					<ns3:TrackPointExtension>
						<ns3:hr>143</ns3:hr>
						<ns3:speed>0.597010</ns3:speed>
						<ns3:cad>74</ns3:cad>
					</ns3:TrackPointExtension>
				</extensions>
			</trkpt>
			<trkpt lat="-6.446136" lon="-35.664372">
				<time>2025-10-26T12:56:19Z</time>
				<ele>-20000.000000</ele>
				<extensions>
					<ns3:TrackPointExtension>
						<ns3:hr>143</ns3:hr>
						<ns3:speed>0.481230</ns3:speed>
						<ns3:cad>72</ns3:cad>
					</ns3:TrackPointExtension>
				</extensions>
			</trkpt>
			<trkpt lat="-6.446140" lon="-35.664374">
				<time>2025-10-26T12:56:20Z</time>
				<ele>-20000.000000</ele>
				<extensions>
					<ns3:TrackPointExtension>
						<ns3:hr>143</ns3:hr>
						<ns3:speed>0.531630</ns3:speed>
						<ns3:cad>60</ns3:cad>
					</ns3:TrackPointExtension>
				</extensions>
			</trkpt>
			<trkpt lat="-6.446144" lon="-35.664375">
				<time>2025-10-26T12:56:21Z</time>
				<ele>-20000.000000</ele>
				<extensions>
					<ns3:TrackPointExtension>
						<ns3:hr>143</ns3:hr>
						<ns3:speed>0.619200</ns3:speed>
						<ns3:cad>54</ns3:cad>
					</ns3:TrackPointExtension>
				</extensions>
			</trkpt>
			<trkpt lat="-6.446147" lon="-35.664376">
				<time>2025-10-26T12:56:22Z</time>
				<ele>-20000.000000</ele>
				<extensions>
					<ns3:TrackPointExtension>
						<ns3:hr>144</ns3:hr>
						<ns3:speed>0.638980</ns3:speed>
						<ns3:cad>49</ns3:cad>
					</ns3:TrackPointExtension>
				</extensions>
			</trkpt>
			<trkpt lat="-6.446148" lon="-35.664377">
				<time>2025-10-26T12:56:23Z</time>
				<ele>-20000.000000</ele>
				<extensions>
					<ns3:TrackPointExtension>
						<ns3:hr>144</ns3:hr>
						<ns3:speed>0.581060</ns3:speed>
						<ns3:cad>44</ns3:cad>
					</ns3:TrackPointExtension>
				</extensions>
			</trkpt>
			<trkpt lat="-6.446150" lon="-35.664377">
				<time>2025-10-26T12:56:24Z</time>
				<ele>-20000.000000</ele>
				<extensions>
					<ns3:TrackPointExtension>
						<ns3:hr>145</ns3:hr>
						<ns3:speed>0.503780</ns3:speed>
						<ns3:cad>45</ns3:cad>
					</ns3:TrackPointExtension>
				</extensions>
			</trkpt>
			<trkpt lat="-6.446152" lon="-35.664377">
				<time>2025-10-26T12:56:25Z</time>
				<ele>-20000.000000</ele>
				<extensions>
					<ns3:TrackPointExtension>
						<ns3:hr>145</ns3:hr>
						<ns3:speed>0.000000</ns3:speed>
						<ns3:cad>46</ns3:cad>
					</ns3:TrackPointExtension>
				</extensions>
			</trkpt>
			<trkpt lat="-6.446153" lon="-35.664376">
				<time>2025-10-26T12:56:26Z</time>
				<ele>-20000.000000</ele>
				<extensions>
					<ns3:TrackPointExtension>
						<ns3:hr>145</ns3:hr>
						<ns3:speed>0.000000</ns3:speed>
						<ns3:cad>0</ns3:cad>
					</ns3:TrackPointExtension>
				</extensions>
			</trkpt>
			<trkpt lat="-6.446153" lon="-35.664374">
				<time>2025-10-26T12:56:27Z</time>
				<ele>-20000.000000</ele>
				<extensions>
					<ns3:TrackPointExtension>
						<ns3:hr>145</ns3:hr>
						<ns3:speed>0.000000</ns3:speed>
						<ns3:cad>0</ns3:cad>
					</ns3:TrackPointExtension>
				</extensions>
			</trkpt>
			<trkpt lat="-6.446153" lon="-35.664371">
				<time>2025-10-26T12:56:28Z</time>
				<ele>-20000.000000</ele>
				<extensions>
					<ns3:TrackPointExtension>
						<ns3:hr>145</ns3:hr>
						<ns3:speed>0.000000</ns3:speed>
						<ns3:cad>0</ns3:cad>
					</ns3:TrackPointExtension>
				</extensions>
			</trkpt>
			<trkpt lat="-6.446154" lon="-35.664366">
				<time>2025-10-26T12:56:29Z</time>
				<ele>-20000.000000</ele>
				<extensions>
					<ns3:TrackPointExtension>
						<ns3:hr>145</ns3:hr>
						<ns3:speed>0.000000</ns3:speed>
						<ns3:cad>0</ns3:cad>
					</ns3:TrackPointExtension>
				</extensions>
			</trkpt>
			<trkpt lat="-6.446154" lon="-35.664358">
				<time>2025-10-26T12:56:30Z</time>
				<ele>-20000.000000</ele>
				<extensions>
					<ns3:TrackPointExtension>
						<ns3:hr>145</ns3:hr>
						<ns3:speed>0.364030</ns3:speed>
						<ns3:cad>43</ns3:cad>
					</ns3:TrackPointExtension>
				</extensions>
			</trkpt>
			<trkpt lat="-6.446155" lon="-35.664349">
				<time>2025-10-26T12:56:31Z</time>
				<ele>-20000.000000</ele>
				<extensions>
					<ns3:TrackPointExtension>
						<ns3:hr>145</ns3:hr>
						<ns3:speed>0.446630</ns3:speed>
						<ns3:cad>43</ns3:cad>
					</ns3:TrackPointExtension>
				</extensions>
			</trkpt>
			<trkpt lat="-6.446154" lon="-35.664339">
				<time>2025-10-26T12:56:32Z</time>
				<ele>-20000.000000</ele>
				<extensions>
					<ns3:TrackPointExtension>
						<ns3:hr>145</ns3:hr>
						<ns3:speed>0.552790</ns3:speed>
						<ns3:cad>48</ns3:cad>
					</ns3:TrackPointExtension>
				</extensions>
			</trkpt>
			<trkpt lat="-6.446154" lon="-35.664327">
				<time>2025-10-26T12:56:33Z</time>
				<ele>-20000.000000</ele>
				<extensions>
					<ns3:TrackPointExtension>
						<ns3:hr>145</ns3:hr>
						<ns3:speed>0.677050</ns3:speed>
						<ns3:cad>52</ns3:cad>
					</ns3:TrackPointExtension>
				</extensions>
			</trkpt>
			<trkpt lat="-6.446154" lon="-35.664314">
				<time>2025-10-26T12:56:34Z</time>
				<ele>-20000.000000</ele>
				<extensions>
					<ns3:TrackPointExtension>
						<ns3:hr>145</ns3:hr>
						<ns3:speed>0.819000</ns3:speed>
						<ns3:cad>52</ns3:cad>
					</ns3:TrackPointExtension>
				</extensions>
			</trkpt>
			<trkpt lat="-6.446153" lon="-35.664300">
				<time>2025-10-26T12:56:35Z</time>
				<ele>-20000.000000</ele>
				<extensions>
					<ns3:TrackPointExtension>
						<ns3:hr>145</ns3:hr>
						<ns3:speed>0.829190</ns3:speed>
						<ns3:cad>52</ns3:cad>
					</ns3:TrackPointExtension>
				</extensions>
			</trkpt>
			<trkpt lat="-6.446152" lon="-35.664286">
				<time>2025-10-26T12:56:36Z</time>
				<ele>-20000.000000</ele>
				<extensions>
					<ns3:TrackPointExtension>
						<ns3:hr>146</ns3:hr>
						<ns3:speed>0.763360</ns3:speed>
						<ns3:cad>53</ns3:cad>
					</ns3:TrackPointExtension>
				</extensions>
			</trkpt>
			<trkpt lat="-6.446150" lon="-35.664270">
				<time>2025-10-26T12:56:37Z</time>
				<ele>-20000.000000</ele>
				<extensions>
					<ns3:TrackPointExtension>
						<ns3:hr>148</ns3:hr>
						<ns3:speed>0.838930</ns3:speed>
						<ns3:cad>54</ns3:cad>
					</ns3:TrackPointExtension>
				</extensions>
			</trkpt>
			<trkpt lat="-6.446150" lon="-35.664256">
				<time>2025-10-26T12:56:38Z</time>
				<ele>-20000.000000</ele>
				<extensions>
					<ns3:TrackPointExtension>
						<ns3:hr>150</ns3:hr>
						<ns3:speed>1.012150</ns3:speed>
						<ns3:cad>54</ns3:cad>
					</ns3:TrackPointExtension>
				</extensions>
			</trkpt>
			<trkpt lat="-6.446150" lon="-35.664245">
				<time>2025-10-26T12:56:39Z</time>
				<ele>-20000.000000</ele>
				<extensions>
					<ns3:TrackPointExtension>
						<ns3:hr>148</ns3:hr>
						<ns3:speed>1.109880</ns3:speed>
						<ns3:cad>55</ns3:cad>
					</ns3:TrackPointExtension>
				</extensions>
			</trkpt>
			<trkpt lat="-6.446151" lon="-35.664234">
				<time>2025-10-26T12:56:40Z</time>
				<ele>-20000.000000</ele>
				<extensions>
					<ns3:TrackPointExtension>
						<ns3:hr>147</ns3:hr>
						<ns3:speed>1.109880</ns3:speed>
						<ns3:cad>55</ns3:cad>
					</ns3:TrackPointExtension>
				</extensions>
			</trkpt>
			<trkpt lat="-6.446150" lon="-35.664227">
				<time>2025-10-26T12:56:41Z</time>
				<ele>-20000.000000</ele>
				<extensions>
					<ns3:TrackPointExtension>
						<ns3:hr>146</ns3:hr>
						<ns3:speed>1.243780</ns3:speed>
						<ns3:cad>65</ns3:cad>
					</ns3:TrackPointExtension>
				</extensions>
			</trkpt>
			<trkpt lat="-6.446147" lon="-35.664223">
				<time>2025-10-26T12:56:42Z</time>
				<ele>-20000.000000</ele>
				<extensions>
					<ns3:TrackPointExtension>
						<ns3:hr>146</ns3:hr>
						<ns3:speed>1.360540</ns3:speed>
						<ns3:cad>60</ns3:cad>
					</ns3:TrackPointExtension>
				</extensions>
			</trkpt>
			<trkpt lat="-6.446145" lon="-35.664221">
				<time>2025-10-26T12:56:43Z</time>
				<ele>-20000.000000</ele>
				<extensions>
					<ns3:TrackPointExtension>
						<ns3:hr>146</ns3:hr>
						<ns3:speed>1.283700</ns3:speed>
						<ns3:cad>57</ns3:cad>
					</ns3:TrackPointExtension>
				</extensions>
			</trkpt>
			<trkpt lat="-6.446144" lon="-35.664223">
				<time>2025-10-26T12:56:44Z</time>
				<ele>-20000.000000</ele>
				<extensions>
					<ns3:TrackPointExtension>
						<ns3:hr>144</ns3:hr>
						<ns3:speed>1.267430</ns3:speed>
						<ns3:cad>55</ns3:cad>
					</ns3:TrackPointExtension>
				</extensions>
			</trkpt>
			<trkpt lat="-6.446144" lon="-35.664226">
				<time>2025-10-26T12:56:45Z</time>
				<ele>-20000.000000</ele>
				<extensions>
					<ns3:TrackPointExtension>
						<ns3:hr>145</ns3:hr>
						<ns3:speed>1.218030</ns3:speed>
						<ns3:cad>52</ns3:cad>
					</ns3:TrackPointExtension>
				</extensions>
			</trkpt>
			<trkpt lat="-6.446144" lon="-35.664227">
				<time>2025-10-26T12:56:46Z</time>
				<ele>-20000.000000</ele>
				<extensions>
					<ns3:TrackPointExtension>
						<ns3:hr>146</ns3:hr>
						<ns3:speed>1.089320</ns3:speed>
						<ns3:cad>48</ns3:cad>
					</ns3:TrackPointExtension>
				</extensions>
			</trkpt>
			<trkpt lat="-6.446144" lon="-35.664228">
				<time>2025-10-26T12:56:47Z</time>
				<ele>-20000.000000</ele>
				<extensions>
					<ns3:TrackPointExtension>
						<ns3:hr>145</ns3:hr>
						<ns3:speed>1.007050</ns3:speed>
						<ns3:cad>47</ns3:cad>
					</ns3:TrackPointExtension>
				</extensions>
			</trkpt>
			<trkpt lat="-6.446144" lon="-35.664229">
				<time>2025-10-26T12:56:48Z</time>
				<ele>-20000.000000</ele>
				<extensions>
					<ns3:TrackPointExtension>
						<ns3:hr>144</ns3:hr>
						<ns3:speed>0.931970</ns3:speed>
						<ns3:cad>46</ns3:cad>
					</ns3:TrackPointExtension>
				</extensions>
			</trkpt>
			<trkpt lat="-6.446144" lon="-35.664228">
				<time>2025-10-26T12:56:49Z</time>
				<ele>-20000.000000</ele>
				<extensions>
					<ns3:TrackPointExtension>
						<ns3:hr>145</ns3:hr>
						<ns3:speed>0.000000</ns3:speed>
						<ns3:cad>45</ns3:cad>
					</ns3:TrackPointExtension>
				</extensions>
			</trkpt>
			<trkpt lat="-6.446145" lon="-35.664229">
				<time>2025-10-26T12:56:50Z</time>
				<ele>-20000.000000</ele>
				<extensions>
					<ns3:TrackPointExtension>
						<ns3:hr>144</ns3:hr>
						<ns3:speed>0.000000</ns3:speed>
						<ns3:cad>0</ns3:cad>
					</ns3:TrackPointExtension>
				</extensions>
			</trkpt>
			<trkpt lat="-6.446144" lon="-35.664228">
				<time>2025-10-26T12:56:51Z</time>
				<ele>-20000.000000</ele>
				<extensions>
					<ns3:TrackPointExtension>
						<ns3:hr>144</ns3:hr>
						<ns3:speed>0.000000</ns3:speed>
						<ns3:cad>0</ns3:cad>
					</ns3:TrackPointExtension>
				</extensions>
			</trkpt>
			<trkpt lat="-6.446144" lon="-35.664228">
				<time>2025-10-26T12:56:52Z</time>
				<ele>-20000.000000</ele>
				<extensions>
					<ns3:TrackPointExtension>
						<ns3:hr>144</ns3:hr>
						<ns3:speed>0.000000</ns3:speed>
						<ns3:cad>0</ns3:cad>
					</ns3:TrackPointExtension>
				</extensions>
			</trkpt>
			<trkpt lat="-6.446144" lon="-35.664228">
				<time>2025-10-26T12:56:52Z</time>
				<ele>-20000.000000</ele>
				<extensions>
					<ns3:TrackPointExtension>
						<ns3:hr>144</ns3:hr>
						<ns3:speed>0.000000</ns3:speed>
						<ns3:cad>0</ns3:cad>
					</ns3:TrackPointExtension>
				</extensions>
			</trkpt>
			<trkpt lat="-6.446143" lon="-35.664228">
				<time>2025-10-26T12:56:54Z</time>
				<ele>-20000.000000</ele>
				<extensions>
					<ns3:TrackPointExtension>
						<ns3:hr>144</ns3:hr>
						<ns3:speed>0.000000</ns3:speed>
						<ns3:cad>0</ns3:cad>
					</ns3:TrackPointExtension>
				</extensions>
			</trkpt>
			<trkpt lat="-6.446143" lon="-35.664229">
				<time>2025-10-26T12:56:55Z</time>
				<ele>-20000.000000</ele>
				<extensions>
					<ns3:TrackPointExtension>
						<ns3:hr>144</ns3:hr>
						<ns3:speed>0.000000</ns3:speed>
						<ns3:cad>0</ns3:cad>
					</ns3:TrackPointExtension>
				</extensions>
			</trkpt>
			<trkpt lat="-6.446142" lon="-35.664233">
				<time>2025-10-26T12:56:56Z</time>
				<ele>-20000.000000</ele>
				<extensions>
					<ns3:TrackPointExtension>
						<ns3:hr>143</ns3:hr>
						<ns3:speed>0.000000</ns3:speed>
						<ns3:cad>0</ns3:cad>
					</ns3:TrackPointExtension>
				</extensions>
			</trkpt>
			<trkpt lat="-6.446140" lon="-35.664239">
				<time>2025-10-26T12:56:56Z</time>
				<ele>-20000.000000</ele>
				<extensions>
					<ns3:TrackPointExtension>
						<ns3:hr>143</ns3:hr>
						<ns3:speed>0.000000</ns3:speed>
						<ns3:cad>0</ns3:cad>
					</ns3:TrackPointExtension>
				</extensions>
			</trkpt>
			<trkpt lat="-6.446137" lon="-35.664247">
				<time>2025-10-26T12:56:58Z</time>
				<ele>-20000.000000</ele>
				<extensions>
					<ns3:TrackPointExtension>
						<ns3:hr>143</ns3:hr>
						<ns3:speed>0.443260</ns3:speed>
						<ns3:cad>0</ns3:cad>
					</ns3:TrackPointExtension>
				</extensions>
			</trkpt>
			<trkpt lat="-6.446135" lon="-35.664257">
				<time>2025-10-26T12:56:59Z</time>
				<ele>-20000.000000</ele>
				<extensions>
					<ns3:TrackPointExtension>
						<ns3:hr>143</ns3:hr>
						<ns3:speed>0.557100</ns3:speed>
						<ns3:cad>0</ns3:cad>
					</ns3:TrackPointExtension>
				</extensions>
			</trkpt>
			<trkpt lat="-6.446133" lon="-35.664267">
				<time>2025-10-26T12:57:00Z</time>
				<ele>-20000.000000</ele>
				<extensions>
					<ns3:TrackPointExtension>
						<ns3:hr>142</ns3:hr>
						<ns3:speed>0.679810</ns3:speed>
						<ns3:cad>0</ns3:cad>
					</ns3:TrackPointExtension>
				</extensions>
			</trkpt>
			<trkpt lat="-6.446130" lon="-35.664279">
				<time>2025-10-26T12:57:01Z</time>
				<ele>-20000.000000</ele>
				<extensions>
					<ns3:TrackPointExtension>
						<ns3:hr>142</ns3:hr>
						<ns3:speed>0.819670</ns3:speed>
						<ns3:cad>0</ns3:cad>
					</ns3:TrackPointExtension>
				</extensions>
			</trkpt>
			<trkpt lat="-6.446127" lon="-35.664292">
				<time>2025-10-26T12:57:02Z</time>
				<ele>-20000.000000</ele>
				<extensions>
					<ns3:TrackPointExtension>
						<ns3:hr>141</ns3:hr>
						<ns3:speed>0.731530</ns3:speed>
						<ns3:cad>0</ns3:cad>
					</ns3:TrackPointExtension>
				</extensions>
			</trkpt>
			<trkpt lat="-6.446125" lon="-35.664307">
				<time>2025-10-26T12:57:03Z</time>
				<ele>-20000.000000</ele>
				<extensions>
					<ns3:TrackPointExtension>
						<ns3:hr>142</ns3:hr>
						<ns3:speed>0.666220</ns3:speed>
						<ns3:cad>0</ns3:cad>
					</ns3:TrackPointExtension>
				</extensions>
			</trkpt>
			<trkpt lat="-6.446124" lon="-35.664320">
				<time>2025-10-26T12:57:04Z</time>
				<ele>-20000.000000</ele>
				<extensions>
					<ns3:TrackPointExtension>
						<ns3:hr>143</ns3:hr>
						<ns3:speed>0.855430</ns3:speed>
						<ns3:cad>72</ns3:cad>
					</ns3:TrackPointExtension>
				</extensions>
			</trkpt>
			<trkpt lat="-6.446128" lon="-35.664329">
				<time>2025-10-26T12:57:05Z</time>
				<ele>-20000.000000</ele>
				<extensions>
					<ns3:TrackPointExtension>
						<ns3:hr>143</ns3:hr>
						<ns3:speed>0.945180</ns3:speed>
						<ns3:cad>72</ns3:cad>
					</ns3:TrackPointExtension>
				</extensions>
			</trkpt>
			<trkpt lat="-6.446135" lon="-35.664336">
				<time>2025-10-26T12:57:06Z</time>
				<ele>-20000.000000</ele>
				<extensions>
					<ns3:TrackPointExtension>
						<ns3:hr>144</ns3:hr>
						<ns3:speed>0.945180</ns3:speed>
						<ns3:cad>72</ns3:cad>
					</ns3:TrackPointExtension>
				</extensions>
			</trkpt>
			<trkpt lat="-6.446142" lon="-35.664343">
				<time>2025-10-26T12:57:07Z</time>
				<ele>-20000.000000</ele>
				<extensions>
					<ns3:TrackPointExtension>
						<ns3:hr>142</ns3:hr>
						<ns3:speed>1.068380</ns3:speed>
						<ns3:cad>72</ns3:cad>
					</ns3:TrackPointExtension>
				</extensions>
			</trkpt>
			<trkpt lat="-6.446148" lon="-35.664349">
				<time>2025-10-26T12:57:08Z</time>
				<ele>-20000.000000</ele>
				<extensions>
					<ns3:TrackPointExtension>
						<ns3:hr>141</ns3:hr>
						<ns3:speed>1.182030</ns3:speed>
						<ns3:cad>72</ns3:cad>
					</ns3:TrackPointExtension>
				</extensions>
			</trkpt>
			<trkpt lat="-6.446154" lon="-35.664354">
				<time>2025-10-26T12:57:09Z</time>
				<ele>-20000.000000</ele>
				<extensions>
					<ns3:TrackPointExtension>
						<ns3:hr>142</ns3:hr>
						<ns3:speed>1.122330</ns3:speed>
						<ns3:cad>72</ns3:cad>
					</ns3:TrackPointExtension>
				</extensions>
			</trkpt>
			<trkpt lat="-6.446160" lon="-35.664358">
				<time>2025-10-26T12:57:10Z</time>
				<ele>-20000.000000</ele>
				<extensions>
					<ns3:TrackPointExtension>
						<ns3:hr>142</ns3:hr>
						<ns3:speed>1.054850</ns3:speed>
						<ns3:cad>69</ns3:cad>
					</ns3:TrackPointExtension>
				</extensions>
			</trkpt>
			<trkpt lat="-6.446165" lon="-35.664361">
				<time>2025-10-26T12:57:11Z</time>
				<ele>-20000.000000</ele>
				<extensions>
					<ns3:TrackPointExtension>
						<ns3:hr>141</ns3:hr>
						<ns3:speed>1.003010</ns3:speed>
						<ns3:cad>68</ns3:cad>
					</ns3:TrackPointExtension>
				</extensions>
			</trkpt>
			<trkpt lat="-6.446169" lon="-35.664363">
				<time>2025-10-26T12:57:11Z</time>
				<ele>-20000.000000</ele>
				<extensions>
					<ns3:TrackPointExtension>
						<ns3:hr>141</ns3:hr>
						<ns3:speed>1.003010</ns3:speed>
						<ns3:cad>68</ns3:cad>
					</ns3:TrackPointExtension>
				</extensions>
			</trkpt>
			<trkpt lat="-6.446172" lon="-35.664364">
				<time>2025-10-26T12:57:13Z</time>
				<ele>-20000.000000</ele>
				<extensions>
					<ns3:TrackPointExtension>
						<ns3:hr>139</ns3:hr>
						<ns3:speed>0.824400</ns3:speed>
						<ns3:cad>66</ns3:cad>
					</ns3:TrackPointExtension>
				</extensions>
			</trkpt>
			<trkpt lat="-6.446174" lon="-35.664365">
				<time>2025-10-26T12:57:13Z</time>
				<ele>-20000.000000</ele>
				<extensions>
					<ns3:TrackPointExtension>
						<ns3:hr>139</ns3:hr>
						<ns3:speed>0.824400</ns3:speed>
						<ns3:cad>66</ns3:cad>
					</ns3:TrackPointExtension>
				</extensions>
			</trkpt>
			<trkpt lat="-6.446176" lon="-35.664364">
				<time>2025-10-26T12:57:14Z</time>
				<ele>-20000.000000</ele>
				<extensions>
					<ns3:TrackPointExtension>
						<ns3:hr>138</ns3:hr>
						<ns3:speed>0.702250</ns3:speed>
						<ns3:cad>71</ns3:cad>
					</ns3:TrackPointExtension>
				</extensions>
			</trkpt>
			<trkpt lat="-6.446177" lon="-35.664364">
				<time>2025-10-26T12:57:16Z</time>
				<ele>-20000.000000</ele>
				<extensions>
					<ns3:TrackPointExtension>
						<ns3:hr>137</ns3:hr>
						<ns3:speed>0.000000</ns3:speed>
						<ns3:cad>0</ns3:cad>
					</ns3:TrackPointExtension>
				</extensions>
			</trkpt>
			<trkpt lat="-6.446178" lon="-35.664364">
				<time>2025-10-26T12:57:17Z</time>
				<ele>-20000.000000</ele>
				<extensions>
					<ns3:TrackPointExtension>
						<ns3:hr>137</ns3:hr>
						<ns3:speed>0.000000</ns3:speed>
						<ns3:cad>0</ns3:cad>
					</ns3:TrackPointExtension>
				</extensions>
			</trkpt>
			<trkpt lat="-6.446179" lon="-35.664363">
				<time>2025-10-26T12:57:17Z</time>
				<ele>-20000.000000</ele>
				<extensions>
					<ns3:TrackPointExtension>
						<ns3:hr>137</ns3:hr>
						<ns3:speed>0.000000</ns3:speed>
						<ns3:cad>0</ns3:cad>
					</ns3:TrackPointExtension>
				</extensions>
			</trkpt>
			<trkpt lat="-6.446179" lon="-35.664363">
				<time>2025-10-26T12:57:19Z</time>
				<ele>-20000.000000</ele>
				<extensions>
					<ns3:TrackPointExtension>
						<ns3:hr>137</ns3:hr>
						<ns3:speed>0.000000</ns3:speed>
						<ns3:cad>0</ns3:cad>
					</ns3:TrackPointExtension>
				</extensions>
			</trkpt>
			<trkpt lat="-6.446179" lon="-35.664363">
				<time>2025-10-26T12:57:19Z</time>
				<ele>-20000.000000</ele>
				<extensions>
					<ns3:TrackPointExtension>
						<ns3:hr>137</ns3:hr>
						<ns3:speed>0.000000</ns3:speed>
						<ns3:cad>0</ns3:cad>
					</ns3:TrackPointExtension>
				</extensions>
			</trkpt>
			<trkpt lat="-6.446179" lon="-35.664363">
				<time>2025-10-26T12:57:21Z</time>
				<ele>-20000.000000</ele>
				<extensions>
					<ns3:TrackPointExtension>
						<ns3:hr>138</ns3:hr>
						<ns3:speed>0.000000</ns3:speed>
						<ns3:cad>0</ns3:cad>
					</ns3:TrackPointExtension>
				</extensions>
			</trkpt>
			<trkpt lat="-6.446179" lon="-35.664363">
				<time>2025-10-26T12:57:22Z</time>
				<ele>-20000.000000</ele>
				<extensions>
					<ns3:TrackPointExtension>
						<ns3:hr>137</ns3:hr>
						<ns3:speed>0.000000</ns3:speed>
						<ns3:cad>0</ns3:cad>
					</ns3:TrackPointExtension>
				</extensions>
			</trkpt>
			<trkpt lat="-6.446179" lon="-35.664363">
				<time>2025-10-26T12:57:23Z</time>
				<ele>-20000.000000</ele>
				<extensions>
					<ns3:TrackPointExtension>
						<ns3:hr>138</ns3:hr>
						<ns3:speed>0.000000</ns3:speed>
						<ns3:cad>0</ns3:cad>
					</ns3:TrackPointExtension>
				</extensions>
			</trkpt>
			<trkpt lat="-6.446179" lon="-35.664363">
				<time>2025-10-26T12:57:24Z</time>
				<ele>-20000.000000</ele>
				<extensions>
					<ns3:TrackPointExtension>
						<ns3:hr>137</ns3:hr>
						<ns3:speed>0.000000</ns3:speed>
						<ns3:cad>0</ns3:cad>
					</ns3:TrackPointExtension>
				</extensions>
			</trkpt>
			<trkpt lat="-6.446179" lon="-35.664363">
				<time>2025-10-26T12:57:25Z</time>
				<ele>-20000.000000</ele>
				<extensions>
					<ns3:TrackPointExtension>
						<ns3:hr>137</ns3:hr>
						<ns3:speed>0.000000</ns3:speed>
						<ns3:cad>0</ns3:cad>
					</ns3:TrackPointExtension>
				</extensions>
			</trkpt>
			<trkpt lat="-6.446179" lon="-35.664363">
				<time>2025-10-26T12:57:25Z</time>
				<ele>-20000.000000</ele>
				<extensions>
					<ns3:TrackPointExtension>
						<ns3:hr>137</ns3:hr>
						<ns3:speed>0.000000</ns3:speed>
						<ns3:cad>0</ns3:cad>
					</ns3:TrackPointExtension>
				</extensions>
			</trkpt>
			<trkpt lat="-6.446179" lon="-35.664363">
				<time>2025-10-26T12:57:26Z</time>
				<ele>-20000.000000</ele>
				<extensions>
					<ns3:TrackPointExtension>
						<ns3:hr>138</ns3:hr>
						<ns3:speed>0.000000</ns3:speed>
						<ns3:cad>0</ns3:cad>
					</ns3:TrackPointExtension>
				</extensions>
			</trkpt>
			<trkpt lat="-6.446179" lon="-35.664363">
				<time>2025-10-26T12:57:27Z</time>
				<ele>-20000.000000</ele>
				<extensions>
					<ns3:TrackPointExtension>
						<ns3:hr>138</ns3:hr>
						<ns3:speed>0.000000</ns3:speed>
						<ns3:cad>0</ns3:cad>
					</ns3:TrackPointExtension>
				</extensions>
			</trkpt>
			<trkpt lat="-6.446180" lon="-35.664362">
				<time>2025-10-26T12:57:28Z</time>
				<ele>-20000.000000</ele>
				<extensions>
					<ns3:TrackPointExtension>
						<ns3:hr>137</ns3:hr>
						<ns3:speed>0.000000</ns3:speed>
						<ns3:cad>0</ns3:cad>
					</ns3:TrackPointExtension>
				</extensions>
			</trkpt>
			<trkpt lat="-6.446180" lon="-35.664361">
				<time>2025-10-26T12:57:29Z</time>
				<ele>-20000.000000</ele>
				<extensions>
					<ns3:TrackPointExtension>
						<ns3:hr>137</ns3:hr>
						<ns3:speed>0.000000</ns3:speed>
						<ns3:cad>0</ns3:cad>
					</ns3:TrackPointExtension>
				</extensions>
			</trkpt>
			<trkpt lat="-6.446180" lon="-35.664361">
				<time>2025-10-26T12:57:30Z</time>
				<ele>-20000.000000</ele>
				<extensions>
					<ns3:TrackPointExtension>
						<ns3:hr>136</ns3:hr>
						<ns3:speed>0.000000</ns3:speed>
						<ns3:cad>0</ns3:cad>
					</ns3:TrackPointExtension>
				</extensions>
			</trkpt>
			<trkpt lat="-6.446180" lon="-35.664361">
				<time>2025-10-26T12:57:31Z</time>
				<ele>-20000.000000</ele>
				<extensions>
					<ns3:TrackPointExtension>
						<ns3:hr>137</ns3:hr>
						<ns3:speed>0.000000</ns3:speed>
						<ns3:cad>0</ns3:cad>
					</ns3:TrackPointExtension>
				</extensions>
			</trkpt>
			<trkpt lat="-6.446180" lon="-35.664361">
				<time>2025-10-26T12:57:33Z</time>
				<ele>-20000.000000</ele>
				<extensions>
					<ns3:TrackPointExtension>
						<ns3:hr>137</ns3:hr>
						<ns3:speed>0.000000</ns3:speed>
						<ns3:cad>0</ns3:cad>
					</ns3:TrackPointExtension>
				</extensions>
			</trkpt>
			<trkpt lat="-6.446180" lon="-35.664361">
				<time>2025-10-26T12:57:33Z</time>
				<ele>-20000.000000</ele>
				<extensions>
					<ns3:TrackPointExtension>
						<ns3:hr>137</ns3:hr>
						<ns3:speed>0.000000</ns3:speed>
						<ns3:cad>0</ns3:cad>
					</ns3:TrackPointExtension>
				</extensions>
			</trkpt>
			<trkpt lat="-6.446180" lon="-35.664361">
				<time>2025-10-26T12:57:34Z</time>
				<ele>-20000.000000</ele>
				<extensions>
					<ns3:TrackPointExtension>
						<ns3:hr>137</ns3:hr>
						<ns3:speed>0.000000</ns3:speed>
						<ns3:cad>0</ns3:cad>
					</ns3:TrackPointExtension>
				</extensions>
			</trkpt>
			<trkpt lat="-6.446180" lon="-35.664361">
				<time>2025-10-26T12:57:35Z</time>
				<ele>-20000.000000</ele>
				<extensions>
					<ns3:TrackPointExtension>
						<ns3:hr>136</ns3:hr>
						<ns3:speed>0.000000</ns3:speed>
						<ns3:cad>0</ns3:cad>
					</ns3:TrackPointExtension>
				</extensions>
			</trkpt>
			<trkpt lat="-6.446180" lon="-35.664361">
				<time>2025-10-26T12:57:36Z</time>
				<ele>-20000.000000</ele>
				<extensions>
					<ns3:TrackPointExtension>
						<ns3:hr>136</ns3:hr>
						<ns3:speed>0.000000</ns3:speed>
						<ns3:cad>0</ns3:cad>
					</ns3:TrackPointExtension>
				</extensions>
			</trkpt>
			<trkpt lat="-6.446180" lon="-35.664361">
				<time>2025-10-26T12:57:37Z</time>
				<ele>-20000.000000</ele>
				<extensions>
					<ns3:TrackPointExtension>
						<ns3:hr>136</ns3:hr>
						<ns3:speed>0.000000</ns3:speed>
						<ns3:cad>0</ns3:cad>
					</ns3:TrackPointExtension>
				</extensions>
			</trkpt>
			<trkpt lat="-6.446180" lon="-35.664361">
				<time>2025-10-26T12:57:38Z</time>
				<ele>-20000.000000</ele>
				<extensions>
					<ns3:TrackPointExtension>
						<ns3:hr>136</ns3:hr>
						<ns3:speed>0.000000</ns3:speed>
						<ns3:cad>0</ns3:cad>
					</ns3:TrackPointExtension>
				</extensions>
			</trkpt>
			<trkpt lat="-6.446180" lon="-35.664361">
				<time>2025-10-26T12:57:39Z</time>
				<ele>-20000.000000</ele>
				<extensions>
					<ns3:TrackPointExtension>
						<ns3:hr>136</ns3:hr>
						<ns3:speed>0.000000</ns3:speed>
						<ns3:cad>0</ns3:cad>
					</ns3:TrackPointExtension>
				</extensions>
			</trkpt>
			<trkpt lat="-6.446177" lon="-35.664362">
				<time>2025-10-26T12:57:40Z</time>
				<ele>-20000.000000</ele>
				<extensions>
					<ns3:TrackPointExtension>
						<ns3:hr>136</ns3:hr>
						<ns3:speed>0.000000</ns3:speed>
						<ns3:cad>0</ns3:cad>
					</ns3:TrackPointExtension>
				</extensions>
			</trkpt>
			<trkpt lat="-6.446173" lon="-35.664363">
				<time>2025-10-26T12:57:42Z</time>
				<ele>-20000.000000</ele>
				<extensions>
					<ns3:TrackPointExtension>
						<ns3:hr>134</ns3:hr>
						<ns3:speed>0.000000</ns3:speed>
						<ns3:cad>0</ns3:cad>
					</ns3:TrackPointExtension>
				</extensions>
			</trkpt>
			<trkpt lat="-6.446165" lon="-35.664364">
				<time>2025-10-26T12:57:43Z</time>
				<ele>-20000.000000</ele>
				<extensions>
					<ns3:TrackPointExtension>
						<ns3:hr>132</ns3:hr>
						<ns3:speed>0.000000</ns3:speed>
						<ns3:cad>0</ns3:cad>
					</ns3:TrackPointExtension>
				</extensions>
			</trkpt>
			<trkpt lat="-6.446156" lon="-35.664365">
				<time>2025-10-26T12:57:43Z</time>
				<ele>-20000.000000</ele>
				<extensions>
					<ns3:TrackPointExtension>
						<ns3:hr>132</ns3:hr>
						<ns3:speed>0.000000</ns3:speed>
						<ns3:cad>0</ns3:cad>
					</ns3:TrackPointExtension>
				</extensions>
			</trkpt>
			<trkpt lat="-6.446145" lon="-35.664366">
				<time>2025-10-26T12:57:45Z</time>
				<ele>-20000.000000</ele>
				<extensions>
					<ns3:TrackPointExtension>
						<ns3:hr>133</ns3:hr>
						<ns3:speed>0.000000</ns3:speed>
						<ns3:cad>0</ns3:cad>
					</ns3:TrackPointExtension>
				</extensions>
			</trkpt>
			<trkpt lat="-6.446132" lon="-35.664367">
				<time>2025-10-26T12:57:45Z</time>
				<ele>-20000.000000</ele>
				<extensions>
					<ns3:TrackPointExtension>
						<ns3:hr>133</ns3:hr>
						<ns3:speed>0.000000</ns3:speed>
						<ns3:cad>0</ns3:cad>
					</ns3:TrackPointExtension>
				</extensions>
			</trkpt>
			<trkpt lat="-6.446118" lon="-35.664367">
				<time>2025-10-26T12:57:46Z</time>
				<ele>-20000.000000</ele>
				<extensions>
					<ns3:TrackPointExtension>
						<ns3:hr>133</ns3:hr>
						<ns3:speed>0.688710</ns3:speed>
						<ns3:cad>0</ns3:cad>
					</ns3:TrackPointExtension>
				</extensions>
			</trkpt>
			<trkpt lat="-6.446104" lon="-35.664366">
				<time>2025-10-26T12:57:47Z</time>
				<ele>-20000.000000</ele>
				<extensions>
					<ns3:TrackPointExtension>
						<ns3:hr>134</ns3:hr>
						<ns3:speed>0.852510</ns3:speed>
						<ns3:cad>54</ns3:cad>
					</ns3:TrackPointExtension>
				</extensions>
			</trkpt>
			<trkpt lat="-6.446090" lon="-35.664365">
				<time>2025-10-26T12:57:48Z</time>
				<ele>-20000.000000</ele>
				<extensions>
					<ns3:TrackPointExtension>
						<ns3:hr>134</ns3:hr>
						<ns3:speed>1.016260</ns3:speed>
						<ns3:cad>55</ns3:cad>
					</ns3:TrackPointExtension>
				</extensions>
			</trkpt>
			<trkpt lat="-6.446075" lon="-35.664363">
				<time>2025-10-26T12:57:49Z</time>
				<ele>-20000.000000</ele>
				<extensions>
					<ns3:TrackPointExtension>
						<ns3:hr>134</ns3:hr>
						<ns3:speed>1.152070</ns3:speed>
						<ns3:cad>55</ns3:cad>
					</ns3:TrackPointExtension>
				</extensions>
			</trkpt>
			<trkpt lat="-6.446061" lon="-35.664362">
				<time>2025-10-26T12:57:51Z</time>
				<ele>-20000.000000</ele>
				<extensions>
					<ns3:TrackPointExtension>
						<ns3:hr>137</ns3:hr>
						<ns3:speed>1.245330</ns3:speed>
						<ns3:cad>55</ns3:cad>
					</ns3:TrackPointExtension>
				</extensions>
			</trkpt>
			<trkpt lat="-6.446047" lon="-35.664360">
				<time>2025-10-26T12:57:51Z</time>
				<ele>-20000.000000</ele>
				<extensions>
					<ns3:TrackPointExtension>
						<ns3:hr>137</ns3:hr>
						<ns3:speed>1.245330</ns3:speed>
						<ns3:cad>55</ns3:cad>
					</ns3:TrackPointExtension>
				</extensions>
			</trkpt>
			<trkpt lat="-6.446033" lon="-35.664358">
				<time>2025-10-26T12:57:52Z</time>
				<ele>-20000.000000</ele>
				<extensions>
					<ns3:TrackPointExtension>
						<ns3:hr>137</ns3:hr>
						<ns3:speed>1.322750</ns3:speed>
						<ns3:cad>55</ns3:cad>
					</ns3:TrackPointExtension>
				</extensions>
			</trkpt>
			<trkpt lat="-6.446018" lon="-35.664355">
				<time>2025-10-26T12:57:53Z</time>
				<ele>-20000.000000</ele>
				<extensions>
					<ns3:TrackPointExtension>
						<ns3:hr>136</ns3:hr>
						<ns3:speed>1.461990</ns3:speed>
						<ns3:cad>58</ns3:cad>
					</ns3:TrackPointExtension>
				</extensions>
			</trkpt>
			<trkpt lat="-6.446002" lon="-35.664351">
				<time>2025-10-26T12:57:55Z</time>
				<ele>-20000.000000</ele>
				<extensions>
					<ns3:TrackPointExtension>
						<ns3:hr>136</ns3:hr>
						<ns3:speed>1.461990</ns3:speed>
						<ns3:cad>57</ns3:cad>
					</ns3:TrackPointExtension>
				</extensions>
			</trkpt>
			<trkpt lat="-6.445985" lon="-35.664349">
				<time>2025-10-26T12:57:56Z</time>
				<ele>-20000.000000</ele>
				<extensions>
					<ns3:TrackPointExtension>
						<ns3:hr>137</ns3:hr>
						<ns3:speed>1.490310</ns3:speed>
						<ns3:cad>57</ns3:cad>
					</ns3:TrackPointExtension>
				</extensions>
			</trkpt>
			<trkpt lat="-6.445976" lon="-35.664343">
				<time>2025-10-26T12:57:57Z</time>
				<ele>-20000.000000</ele>
				<extensions>
					<ns3:TrackPointExtension>
						<ns3:hr>138</ns3:hr>
						<ns3:speed>1.524390</ns3:speed>
						<ns3:cad>57</ns3:cad>
					</ns3:TrackPointExtension>
				</extensions>
			</trkpt>
			<trkpt lat="-6.445972" lon="-35.664333">
				<time>2025-10-26T12:57:59Z</time>
				<ele>-20000.000000</ele>
				<extensions>
					<ns3:TrackPointExtension>
						<ns3:hr>137</ns3:hr>
						<ns3:speed>1.529050</ns3:speed>
						<ns3:cad>56</ns3:cad>
					</ns3:TrackPointExtension>
				</extensions>
			</trkpt>
			<trkpt lat="-6.445971" lon="-35.664321">
				<time>2025-10-26T12:57:59Z</time>
				<ele>-20000.000000</ele>
				<extensions>
					<ns3:TrackPointExtension>
						<ns3:hr>137</ns3:hr>
						<ns3:speed>1.529050</ns3:speed>
						<ns3:cad>56</ns3:cad>
					</ns3:TrackPointExtension>
				</extensions>
			</trkpt>
			<trkpt lat="-6.445970" lon="-35.664308">
				<time>2025-10-26T12:58:00Z</time>
				<ele>-20000.000000</ele>
				<extensions>
					<ns3:TrackPointExtension>
						<ns3:hr>137</ns3:hr>
						<ns3:speed>1.499250</ns3:speed>
						<ns3:cad>55</ns3:cad>
					</ns3:TrackPointExtension>
				</extensions>
			</trkpt>
			<trkpt lat="-6.445971" lon="-35.664297">
				<time>2025-10-26T12:58:01Z</time>
				<ele>-20000.000000</ele>
				<extensions>
					<ns3:TrackPointExtension>
						<ns3:hr>137</ns3:hr>
						<ns3:speed>1.447180</ns3:speed>
						<ns3:cad>55</ns3:cad>
					</ns3:TrackPointExtension>
				</extensions>
			</trkpt>
			<trkpt lat="-6.445971" lon="-35.664284">
				<time>2025-10-26T12:58:02Z</time>
				<ele>-20000.000000</ele>
				<extensions>
					<ns3:TrackPointExtension>
						<ns3:hr>138</ns3:hr>
						<ns3:speed>1.366120</ns3:speed>
						<ns3:cad>54</ns3:cad>
					</ns3:TrackPointExtension>
				</extensions>
			</trkpt>
			<trkpt lat="-6.445971" lon="-35.664270">
				<time>2025-10-26T12:58:03Z</time>
				<ele>-20000.000000</ele>
				<extensions>
					<ns3:TrackPointExtension>
						<ns3:hr>137</ns3:hr>
						<ns3:speed>1.298700</ns3:speed>
						<ns3:cad>52</ns3:cad>
					</ns3:TrackPointExtension>
				</extensions>
			</trkpt>
			<trkpt lat="-6.445971" lon="-35.664254">
				<time>2025-10-26T12:58:04Z</time>
				<ele>-20000.000000</ele>
				<extensions>
					<ns3:TrackPointExtension>
						<ns3:hr>136</ns3:hr>
						<ns3:speed>1.287000</ns3:speed>
						<ns3:cad>51</ns3:cad>
					</ns3:TrackPointExtension>
				</extensions>
			</trkpt>
			<trkpt lat="-6.445971" lon="-35.664235">
				<time>2025-10-26T12:58:06Z</time>
				<ele>-20000.000000</ele>
				<extensions>
					<ns3:TrackPointExtension>
						<ns3:hr>135</ns3:hr>
						<ns3:speed>1.333330</ns3:speed>
						<ns3:cad>49</ns3:cad>
					</ns3:TrackPointExtension>
				</extensions>
			</trkpt>
			<trkpt lat="-6.445972" lon="-35.664213">
				<time>2025-10-26T12:58:06Z</time>
				<ele>-20000.000000</ele>
				<extensions>
					<ns3:TrackPointExtension>
						<ns3:hr>135</ns3:hr>
						<ns3:speed>1.333330</ns3:speed>
						<ns3:cad>49</ns3:cad>
					</ns3:TrackPointExtension>
				</extensions>
			</trkpt>
			<trkpt lat="-6.445971" lon="-35.664189">
				<time>2025-10-26T12:58:07Z</time>
				<ele>-20000.000000</ele>
				<extensions>
					<ns3:TrackPointExtension>
						<ns3:hr>135</ns3:hr>
						<ns3:speed>1.390820</ns3:speed>
						<ns3:cad>49</ns3:cad>
					</ns3:TrackPointExtension>
				</extensions>
			</trkpt>
			<trkpt lat="-6.445968" lon="-35.664164">
				<time>2025-10-26T12:58:09Z</time>
				<ele>-20000.000000</ele>
				<extensions>
					<ns3:TrackPointExtension>
						<ns3:hr>135</ns3:hr>
						<ns3:speed>1.937980</ns3:speed>
						<ns3:cad>76</ns3:cad>
					</ns3:TrackPointExtension>
				</extensions>
			</trkpt>
			<trkpt lat="-6.445958" lon="-35.664142">
				<time>2025-10-26T12:58:09Z</time>
				<ele>-20000.000000</ele>
				<extensions>
					<ns3:TrackPointExtension>
						<ns3:hr>135</ns3:hr>
						<ns3:speed>1.937980</ns3:speed>
						<ns3:cad>76</ns3:cad>
					</ns3:TrackPointExtension>
				</extensions>
			</trkpt>
			<trkpt lat="-6.445943" lon="-35.664119">
				<time>2025-10-26T12:58:10Z</time>
				<ele>-20000.000000</ele>
				<extensions>
					<ns3:TrackPointExtension>
						<ns3:hr>136</ns3:hr>
						<ns3:speed>2.293580</ns3:speed>
						<ns3:cad>75</ns3:cad>
					</ns3:TrackPointExtension>
				</extensions>
			</trkpt>
			<trkpt lat="-6.445930" lon="-35.664103">
				<time>2025-10-26T12:58:12Z</time>
				<ele>-20000.000000</ele>
				<extensions>
					<ns3:TrackPointExtension>
						<ns3:hr>138</ns3:hr>
						<ns3:speed>2.604170</ns3:speed>
						<ns3:cad>74</ns3:cad>
					</ns3:TrackPointExtension>
				</extensions>
			</trkpt>
			<trkpt lat="-6.445921" lon="-35.664093">
				<time>2025-10-26T12:58:12Z</time>
				<ele>-20000.000000</ele>
				<extensions>
					<ns3:TrackPointExtension>
						<ns3:hr>138</ns3:hr>
						<ns3:speed>2.604170</ns3:speed>
						<ns3:cad>74</ns3:cad>
					</ns3:TrackPointExtension>
				</extensions>
			</trkpt>
			<trkpt lat="-6.445917" lon="-35.664086">
				<time>2025-10-26T12:58:13Z</time>
				<ele>-20000.000000</ele>
				<extensions>
					<ns3:TrackPointExtension>
						<ns3:hr>138</ns3:hr>
						<ns3:speed>0.000000</ns3:speed>
						<ns3:cad>0</ns3:cad>
					</ns3:TrackPointExtension>
				</extensions>
			</trkpt>
			<trkpt lat="-6.445916" lon="-35.664081">
				<time>2025-10-26T12:58:14Z</time>
				<ele>-20000.000000</ele>
				<extensions>
					<ns3:TrackPointExtension>
						<ns3:hr>138</ns3:hr>
						<ns3:speed>0.000000</ns3:speed>
						<ns3:cad>72</ns3:cad>
					</ns3:TrackPointExtension>
				</extensions>
			</trkpt>
			<trkpt lat="-6.445915" lon="-35.664078">
				<time>2025-10-26T12:58:15Z</time>
				<ele>-20000.000000</ele>
				<extensions>
					<ns3:TrackPointExtension>
						<ns3:hr>138</ns3:hr>
						<ns3:speed>0.000000</ns3:speed>
						<ns3:cad>0</ns3:cad>
					</ns3:TrackPointExtension>
				</extensions>
			</trkpt>
			<trkpt lat="-6.445915" lon="-35.664076">
				<time>2025-10-26T12:58:16Z</time>
				<ele>-20000.000000</ele>
				<extensions>
					<ns3:TrackPointExtension>
						<ns3:hr>138</ns3:hr>
						<ns3:speed>0.000000</ns3:speed>
						<ns3:cad>73</ns3:cad>
					</ns3:TrackPointExtension>
				</extensions>
			</trkpt>
			<trkpt lat="-6.445915" lon="-35.664075">
				<time>2025-10-26T12:58:17Z</time>
				<ele>-20000.000000</ele>
				<extensions>
					<ns3:TrackPointExtension>
						<ns3:hr>138</ns3:hr>
						<ns3:speed>0.000000</ns3:speed>
						<ns3:cad>0</ns3:cad>
					</ns3:TrackPointExtension>
				</extensions>
			</trkpt>
			<trkpt lat="-6.445915" lon="-35.664074">
				<time>2025-10-26T12:58:18Z</time>
				<ele>-20000.000000</ele>
				<extensions>
					<ns3:TrackPointExtension>
						<ns3:hr>137</ns3:hr>
						<ns3:speed>0.000000</ns3:speed>
						<ns3:cad>0</ns3:cad>
					</ns3:TrackPointExtension>
				</extensions>
			</trkpt>
			<trkpt lat="-6.445915" lon="-35.664077">
				<time>2025-10-26T12:58:19Z</time>
				<ele>-20000.000000</ele>
				<extensions>
					<ns3:TrackPointExtension>
						<ns3:hr>138</ns3:hr>
						<ns3:speed>0.000000</ns3:speed>
						<ns3:cad>0</ns3:cad>
					</ns3:TrackPointExtension>
				</extensions>
			</trkpt>
			<trkpt lat="-6.445916" lon="-35.664082">
				<time>2025-10-26T12:58:20Z</time>
				<ele>-20000.000000</ele>
				<extensions>
					<ns3:TrackPointExtension>
						<ns3:hr>139</ns3:hr>
						<ns3:speed>0.000000</ns3:speed>
						<ns3:cad>0</ns3:cad>
					</ns3:TrackPointExtension>
				</extensions>
			</trkpt>
			<trkpt lat="-6.445918" lon="-35.664091">
				<time>2025-10-26T12:58:21Z</time>
				<ele>-20000.000000</ele>
				<extensions>
					<ns3:TrackPointExtension>
						<ns3:hr>138</ns3:hr>
						<ns3:speed>0.000000</ns3:speed>
						<ns3:cad>46</ns3:cad>
					</ns3:TrackPointExtension>
				</extensions>
			</trkpt>
			<trkpt lat="-6.445922" lon="-35.664106">
				<time>2025-10-26T12:58:22Z</time>
				<ele>-20000.000000</ele>
				<extensions>
					<ns3:TrackPointExtension>
						<ns3:hr>138</ns3:hr>
						<ns3:speed>1.273890</ns3:speed>
						<ns3:cad>51</ns3:cad>
					</ns3:TrackPointExtension>
				</extensions>
			</trkpt>
			<trkpt lat="-6.445927" lon="-35.664125">
				<time>2025-10-26T12:58:23Z</time>
				<ele>-20000.000000</ele>
				<extensions>
					<ns3:TrackPointExtension>
						<ns3:hr>138</ns3:hr>
						<ns3:speed>1.579780</ns3:speed>
						<ns3:cad>50</ns3:cad>
					</ns3:TrackPointExtension>
				</extensions>
			</trkpt>
			<trkpt lat="-6.445928" lon="-35.664146">
				<time>2025-10-26T12:58:24Z</time>
				<ele>-20000.000000</ele>
				<extensions>
					<ns3:TrackPointExtension>
						<ns3:hr>139</ns3:hr>
						<ns3:speed>1.988070</ns3:speed>
						<ns3:cad>49</ns3:cad>
					</ns3:TrackPointExtension>
				</extensions>
			</trkpt>
			<trkpt lat="-6.445923" lon="-35.664169">
				<time>2025-10-26T12:58:25Z</time>
				<ele>-20000.000000</ele>
				<extensions>
					<ns3:TrackPointExtension>
						<ns3:hr>140</ns3:hr>
						<ns3:speed>2.032520</ns3:speed>
						<ns3:cad>48</ns3:cad>
					</ns3:TrackPointExtension>
				</extensions>
			</trkpt>
			<trkpt lat="-6.445911" lon="-35.664190">
				<time>2025-10-26T12:58:26Z</time>
				<ele>-20000.000000</ele>
				<extensions>
					<ns3:TrackPointExtension>
						<ns3:hr>141</ns3:hr>
						<ns3:speed>1.930500</ns3:speed>
						<ns3:cad>47</ns3:cad>
					</ns3:TrackPointExtension>
				</extensions>
			</trkpt>
			<trkpt lat="-6.445897" lon="-35.664208">
				<time>2025-10-26T12:58:27Z</time>
				<ele>-20000.000000</ele>
				<extensions>
					<ns3:TrackPointExtension>
						<ns3:hr>141</ns3:hr>
						<ns3:speed>2.012070</ns3:speed>
						<ns3:cad>47</ns3:cad>
					</ns3:TrackPointExtension>
				</extensions>
			</trkpt>
			<trkpt lat="-6.445882" lon="-35.664225">
				<time>2025-10-26T12:58:28Z</time>
				<ele>-20000.000000</ele>
				<extensions>
					<ns3:TrackPointExtension>
						<ns3:hr>142</ns3:hr>
						<ns3:speed>2.109700</ns3:speed>
						<ns3:cad>46</ns3:cad>
					</ns3:TrackPointExtension>
				</extensions>
			</trkpt>
			<trkpt lat="-6.445865" lon="-35.664240">
				<time>2025-10-26T12:58:30Z</time>
				<ele>-20000.000000</ele>
				<extensions>
					<ns3:TrackPointExtension>
						<ns3:hr>146</ns3:hr>
						<ns3:speed>2.309470</ns3:speed>
						<ns3:cad>47</ns3:cad>
					</ns3:TrackPointExtension>
				</extensions>
			</trkpt>
			<trkpt lat="-6.445845" lon="-35.664254">
				<time>2025-10-26T12:58:31Z</time>
				<ele>-20000.000000</ele>
				<extensions>
					<ns3:TrackPointExtension>
						<ns3:hr>148</ns3:hr>
						<ns3:speed>2.369670</ns3:speed>
						<ns3:cad>48</ns3:cad>
					</ns3:TrackPointExtension>
				</extensions>
			</trkpt>
			<trkpt lat="-6.445823" lon="-35.664269">
				<time>2025-10-26T12:58:32Z</time>
				<ele>-20000.000000</ele>
				<extensions>
					<ns3:TrackPointExtension>
						<ns3:hr>150</ns3:hr>
						<ns3:speed>2.398080</ns3:speed>
						<ns3:cad>81</ns3:cad>
					</ns3:TrackPointExtension>
				</extensions>
			</trkpt>
			<trkpt lat="-6.445801" lon="-35.664286">
				<time>2025-10-26T12:58:33Z</time>
				<ele>-20000.000000</ele>
				<extensions>
					<ns3:TrackPointExtension>
						<ns3:hr>152</ns3:hr>
						<ns3:speed>2.433090</ns3:speed>
						<ns3:cad>81</ns3:cad>
					</ns3:TrackPointExtension>
				</extensions>
			</trkpt>
			<trkpt lat="-6.445779" lon="-35.664305">
				<time>2025-10-26T12:58:34Z</time>
				<ele>-20000.000000</ele>
				<extensions>
					<ns3:TrackPointExtension>
						<ns3:hr>154</ns3:hr>
						<ns3:speed>2.500000</ns3:speed>
						<ns3:cad>81</ns3:cad>
					</ns3:TrackPointExtension>
				</extensions>
			</trkpt>
			<trkpt lat="-6.445758" lon="-35.664325">
				<time>2025-10-26T12:58:35Z</time>
				<ele>-20000.000000</ele>
				<extensions>
					<ns3:TrackPointExtension>
						<ns3:hr>155</ns3:hr>
						<ns3:speed>2.590670</ns3:speed>
						<ns3:cad>82</ns3:cad>
					</ns3:TrackPointExtension>
				</extensions>
			</trkpt>
			<trkpt lat="-6.445737" lon="-35.664345">
				<time>2025-10-26T12:58:35Z</time>
				<ele>-20000.000000</ele>
				<extensions>
					<ns3:TrackPointExtension>
						<ns3:hr>155</ns3:hr>
						<ns3:speed>2.590670</ns3:speed>
						<ns3:cad>82</ns3:cad>
					</ns3:TrackPointExtension>
				</extensions>
			</trkpt>
			<trkpt lat="-6.445715" lon="-35.664366">
				<time>2025-10-26T12:58:36Z</time>
				<ele>-20000.000000</ele>
				<extensions>
					<ns3:TrackPointExtension>
						<ns3:hr>155</ns3:hr>
						<ns3:speed>2.717390</ns3:speed>
						<ns3:cad>82</ns3:cad>
					</ns3:TrackPointExtension>
				</extensions>
			</trkpt>
			<trkpt lat="-6.445693" lon="-35.664387">
				<time>2025-10-26T12:58:37Z</time>
				<ele>-20000.000000</ele>
				<extensions>
					<ns3:TrackPointExtension>
						<ns3:hr>157</ns3:hr>
						<ns3:speed>2.840910</ns3:speed>
						<ns3:cad>82</ns3:cad>
					</ns3:TrackPointExtension>
				</extensions>
			</trkpt>
			<trkpt lat="-6.445673" lon="-35.664407">
				<time>2025-10-26T12:58:38Z</time>
				<ele>-20000.000000</ele>
				<extensions>
					<ns3:TrackPointExtension>
						<ns3:hr>159</ns3:hr>
						<ns3:speed>2.949850</ns3:speed>
						<ns3:cad>82</ns3:cad>
					</ns3:TrackPointExtension>
				</extensions>
			</trkpt>
			<trkpt lat="-6.445653" lon="-35.664425">
				<time>2025-10-26T12:58:39Z</time>
				<ele>-20000.000000</ele>
				<extensions>
					<ns3:TrackPointExtension>
						<ns3:hr>160</ns3:hr>
						<ns3:speed>3.003000</ns3:speed>
						<ns3:cad>82</ns3:cad>
					</ns3:TrackPointExtension>
				</extensions>
			</trkpt>
			<trkpt lat="-6.445638" lon="-35.664439">
				<time>2025-10-26T12:58:41Z</time>
				<ele>-20000.000000</ele>
				<extensions>
					<ns3:TrackPointExtension>
						<ns3:hr>160</ns3:hr>
						<ns3:speed>3.021150</ns3:speed>
						<ns3:cad>82</ns3:cad>
					</ns3:TrackPointExtension>
				</extensions>
			</trkpt>
			<trkpt lat="-6.445627" lon="-35.664453">
				<time>2025-10-26T12:58:42Z</time>
				<ele>-20000.000000</ele>
				<extensions>
					<ns3:TrackPointExtension>
						<ns3:hr>159</ns3:hr>
						<ns3:speed>3.058100</ns3:speed>
						<ns3:cad>83</ns3:cad>
					</ns3:TrackPointExtension>
				</extensions>
			</trkpt>
			<trkpt lat="-6.445618" lon="-35.664466">
				<time>2025-10-26T12:58:43Z</time>
				<ele>-20000.000000</ele>
				<extensions>
					<ns3:TrackPointExtension>
						<ns3:hr>160</ns3:hr>
						<ns3:speed>2.967360</ns3:speed>
						<ns3:cad>83</ns3:cad>
					</ns3:TrackPointExtension>
				</extensions>
			</trkpt>
			<trkpt lat="-6.445612" lon="-35.664480">
				<time>2025-10-26T12:58:43Z</time>
				<ele>-20000.000000</ele>
				<extensions>
					<ns3:TrackPointExtension>
						<ns3:hr>160</ns3:hr>
						<ns3:speed>2.967360</ns3:speed>
						<ns3:cad>83</ns3:cad>
					</ns3:TrackPointExtension>
				</extensions>
			</trkpt>
			<trkpt lat="-6.445607" lon="-35.664491">
				<time>2025-10-26T12:58:44Z</time>
				<ele>-20000.000000</ele>
				<extensions>
					<ns3:TrackPointExtension>
						<ns3:hr>161</ns3:hr>
						<ns3:speed>2.680970</ns3:speed>
						<ns3:cad>82</ns3:cad>
					</ns3:TrackPointExtension>
				</extensions>
			</trkpt>
			<trkpt lat="-6.445602" lon="-35.664503">
				<time>2025-10-26T12:58:45Z</time>
				<ele>-20000.000000</ele>
				<extensions>
					<ns3:TrackPointExtension>
						<ns3:hr>163</ns3:hr>
						<ns3:speed>2.262440</ns3:speed>
						<ns3:cad>81</ns3:cad>
					</ns3:TrackPointExtension>
				</extensions>
			</trkpt>
			<trkpt lat="-6.445599" lon="-35.664515">
				<time>2025-10-26T12:58:46Z</time>
				<ele>-20000.000000</ele>
				<extensions>
					<ns3:TrackPointExtension>
						<ns3:hr>163</ns3:hr>
						<ns3:speed>1.862200</ns3:speed>
						<ns3:cad>80</ns3:cad>
					</ns3:TrackPointExtension>
				</extensions>
			</trkpt>
			<trkpt lat="-6.445596" lon="-35.664526">
				<time>2025-10-26T12:58:48Z</time>
				<ele>-20000.000000</ele>
				<extensions>
					<ns3:TrackPointExtension>
						<ns3:hr>163</ns3:hr>
						<ns3:speed>1.422480</ns3:speed>
						<ns3:cad>60</ns3:cad>
					</ns3:TrackPointExtension>
				</extensions>
			</trkpt>
			<trkpt lat="-6.445592" lon="-35.664537">
				<time>2025-10-26T12:58:48Z</time>
				<ele>-20000.000000</ele>
				<extensions>
					<ns3:TrackPointExtension>
						<ns3:hr>163</ns3:hr>
						<ns3:speed>1.422480</ns3:speed>
						<ns3:cad>60</ns3:cad>
					</ns3:TrackPointExtension>
				</extensions>
			</trkpt>
			<trkpt lat="-6.445588" lon="-35.664549">
				<time>2025-10-26T12:58:50Z</time>
				<ele>-20000.000000</ele>
				<extensions>
					<ns3:TrackPointExtension>
						<ns3:hr>161</ns3:hr>
						<ns3:speed>1.277140</ns3:speed>
						<ns3:cad>51</ns3:cad>
					</ns3:TrackPointExtension>
				</extensions>
			</trkpt>
			<trkpt lat="-6.445583" lon="-35.664563">
				<time>2025-10-26T12:58:50Z</time>
				<ele>-20000.000000</ele>
				<extensions>
					<ns3:TrackPointExtension>
						<ns3:hr>161</ns3:hr>
						<ns3:speed>1.277140</ns3:speed>
						<ns3:cad>51</ns3:cad>
					</ns3:TrackPointExtension>
				</extensions>
			</trkpt>
			<trkpt lat="-6.445577" lon="-35.664579">
				<time>2025-10-26T12:58:51Z</time>
				<ele>-20000.000000</ele>
				<extensions>
					<ns3:TrackPointExtension>
						<ns3:hr>162</ns3:hr>
						<ns3:speed>1.272260</ns3:speed>
						<ns3:cad>50</ns3:cad>
					</ns3:TrackPointExtension>
				</extensions>
			</trkpt>
			<trkpt lat="-6.445569" lon="-35.664598">
				<time>2025-10-26T12:58:53Z</time>
				<ele>-20000.000000</ele>
				<extensions>
					<ns3:TrackPointExtension>
						<ns3:hr>164</ns3:hr>
						<ns3:speed>1.307190</ns3:speed>
						<ns3:cad>50</ns3:cad>
					</ns3:TrackPointExtension>
				</extensions>
			</trkpt>
			<trkpt lat="-6.445564" lon="-35.664618">
				<time>2025-10-26T12:58:53Z</time>
				<ele>-20000.000000</ele>
				<extensions>
					<ns3:TrackPointExtension>
						<ns3:hr>164</ns3:hr>
						<ns3:speed>1.307190</ns3:speed>
						<ns3:cad>50</ns3:cad>
					</ns3:TrackPointExtension>
				</extensions>
			</trkpt>
			<trkpt lat="-6.445561" lon="-35.664641">
				<time>2025-10-26T12:58:54Z</time>
				<ele>-20000.000000</ele>
				<extensions>
					<ns3:TrackPointExtension>
						<ns3:hr>165</ns3:hr>
						<ns3:speed>1.298700</ns3:speed>
						<ns3:cad>50</ns3:cad>
					</ns3:TrackPointExtension>
				</extensions>
			</trkpt>
			<trkpt lat="-6.445560" lon="-35.664665">
				<time>2025-10-26T12:58:56Z</time>
				<ele>-20000.000000</ele>
				<extensions>
					<ns3:TrackPointExtension>
						<ns3:hr>166</ns3:hr>
						<ns3:speed>1.364260</ns3:speed>
						<ns3:cad>76</ns3:cad>
					</ns3:TrackPointExtension>
				</extensions>
			</trkpt>
			<trkpt lat="-6.445559" lon="-35.664690">
				<time>2025-10-26T12:58:56Z</time>
				<ele>-20000.000000</ele>
				<extensions>
					<ns3:TrackPointExtension>
						<ns3:hr>166</ns3:hr>
						<ns3:speed>1.364260</ns3:speed>
						<ns3:cad>76</ns3:cad>
					</ns3:TrackPointExtension>
				</extensions>
			</trkpt>
			<trkpt lat="-6.445560" lon="-35.664715">
				<time>2025-10-26T12:58:57Z</time>
				<ele>-20000.000000</ele>
				<extensions>
					<ns3:TrackPointExtension>
						<ns3:hr>168</ns3:hr>
						<ns3:speed>1.490310</ns3:speed>
						<ns3:cad>76</ns3:cad>
					</ns3:TrackPointExtension>
				</extensions>
			</trkpt>
			<trkpt lat="-6.445565" lon="-35.664741">
				<time>2025-10-26T12:58:58Z</time>
				<ele>-20000.000000</ele>
				<extensions>
					<ns3:TrackPointExtension>
						<ns3:hr>169</ns3:hr>
						<ns3:speed>1.642040</ns3:speed>
						<ns3:cad>76</ns3:cad>
					</ns3:TrackPointExtension>
				</extensions>
			</trkpt>
			<trkpt lat="-6.445572" lon="-35.664766">
				<time>2025-10-26T12:59:00Z</time>
				<ele>-20000.000000</ele>
				<extensions>
					<ns3:TrackPointExtension>
						<ns3:hr>169</ns3:hr>
						<ns3:speed>1.992030</ns3:speed>
						<ns3:cad>76</ns3:cad>
					</ns3:TrackPointExtension>
				</extensions>
			</trkpt>
			<trkpt lat="-6.445579" lon="-35.664789">
				<time>2025-10-26T12:59:00Z</time>
				<ele>-20000.000000</ele>
				<extensions>
					<ns3:TrackPointExtension>
						<ns3:hr>169</ns3:hr>
						<ns3:speed>1.992030</ns3:speed>
						<ns3:cad>76</ns3:cad>
					</ns3:TrackPointExtension>
				</extensions>
			</trkpt>
			<trkpt lat="-6.445585" lon="-35.664809">
				<time>2025-10-26T12:59:01Z</time>
				<ele>-20000.000000</ele>
				<extensions>
					<ns3:TrackPointExtension>
						<ns3:hr>169</ns3:hr>
						<ns3:speed>2.314810</ns3:speed>
						<ns3:cad>76</ns3:cad>
					</ns3:TrackPointExtension>
				</extensions>
			</trkpt>
			<trkpt lat="-6.445589" lon="-35.664825">
				<time>2025-10-26T12:59:02Z</time>
				<ele>-20000.000000</ele>
				<extensions>
					<ns3:TrackPointExtension>
						<ns3:hr>170</ns3:hr>
						<ns3:speed>2.544530</ns3:speed>
						<ns3:cad>76</ns3:cad>
					</ns3:TrackPointExtension>
				</extensions>
			</trkpt>
			<trkpt lat="-6.445592" lon="-35.664838">
				<time>2025-10-26T12:59:04Z</time>
				<ele>-20000.000000</ele>
				<extensions>
					<ns3:TrackPointExtension>
						<ns3:hr>172</ns3:hr>
						<ns3:speed>2.227170</ns3:speed>
						<ns3:cad>75</ns3:cad>
					</ns3:TrackPointExtension>
				</extensions>
			</trkpt>
			<trkpt lat="-6.445594" lon="-35.664851">
				<time>2025-10-26T12:59:04Z</time>
				<ele>-20000.000000</ele>
				<extensions>
					<ns3:TrackPointExtension>
						<ns3:hr>172</ns3:hr>
						<ns3:speed>2.227170</ns3:speed>
						<ns3:cad>75</ns3:cad>
					</ns3:TrackPointExtension>
				</extensions>
			</trkpt>
			<trkpt lat="-6.445595" lon="-35.664863">
				<time>2025-10-26T12:59:05Z</time>
				<ele>-20000.000000</ele>
				<extensions>
					<ns3:TrackPointExtension>
						<ns3:hr>171</ns3:hr>
						<ns3:speed>1.724140</ns3:speed>
						<ns3:cad>74</ns3:cad>
					</ns3:TrackPointExtension>
				</extensions>
			</trkpt>
			<trkpt lat="-6.445590" lon="-35.664873">
				<time>2025-10-26T12:59:06Z</time>
				<ele>-20000.000000</ele>
				<extensions>
					<ns3:TrackPointExtension>
						<ns3:hr>172</ns3:hr>
						<ns3:speed>1.293660</ns3:speed>
						<ns3:cad>74</ns3:cad>
					</ns3:TrackPointExtension>
				</extensions>
			</trkpt>
			<trkpt lat="-6.445588" lon="-35.664878">
				<time>2025-10-26T12:59:07Z</time>
				<ele>-20000.000000</ele>
				<extensions>
					<ns3:TrackPointExtension>
						<ns3:hr>173</ns3:hr>
						<ns3:speed>0.000000</ns3:speed>
						<ns3:cad>0</ns3:cad>
					</ns3:TrackPointExtension>
				</extensions>
			</trkpt>
			<trkpt lat="-6.445586" lon="-35.664875">
				<time>2025-10-26T12:59:08Z</time>
				<ele>-20000.000000</ele>
				<extensions>
					<ns3:TrackPointExtension>
						<ns3:hr>173</ns3:hr>
						<ns3:speed>0.000000</ns3:speed>
						<ns3:cad>57</ns3:cad>
					</ns3:TrackPointExtension>
				</extensions>
			</trkpt>
			<trkpt lat="-6.445585" lon="-35.664868">
				<time>2025-10-26T12:59:09Z</time>
				<ele>-20000.000000</ele>
				<extensions>
					<ns3:TrackPointExtension>
						<ns3:hr>172</ns3:hr>
						<ns3:speed>0.402580</ns3:speed>
						<ns3:cad>58</ns3:cad>
					</ns3:TrackPointExtension>
				</extensions>
			</trkpt>
			<trkpt lat="-6.445585" lon="-35.664862">
				<time>2025-10-26T12:59:10Z</time>
				<ele>-20000.000000</ele>
				<extensions>
					<ns3:TrackPointExtension>
						<ns3:hr>172</ns3:hr>
						<ns3:speed>0.600960</ns3:speed>
						<ns3:cad>58</ns3:cad>
					</ns3:TrackPointExtension>
				</extensions>
			</trkpt>
			<trkpt lat="-6.445582" lon="-35.664858">
				<time>2025-10-26T12:59:11Z</time>
				<ele>-20000.000000</ele>
				<extensions>
					<ns3:TrackPointExtension>
						<ns3:hr>171</ns3:hr>
						<ns3:speed>0.497270</ns3:speed>
						<ns3:cad>56</ns3:cad>
					</ns3:TrackPointExtension>
				</extensions>
			</trkpt>
			<trkpt lat="-6.445578" lon="-35.664857">
				<time>2025-10-26T12:59:12Z</time>
				<ele>-20000.000000</ele>
				<extensions>
					<ns3:TrackPointExtension>
						<ns3:hr>171</ns3:hr>
						<ns3:speed>0.789270</ns3:speed>
						<ns3:cad>56</ns3:cad>
					</ns3:TrackPointExtension>
				</extensions>
			</trkpt>
			<trkpt lat="-6.445572" lon="-35.664857">
				<time>2025-10-26T12:59:13Z</time>
				<ele>-20000.000000</ele>
				<extensions>
					<ns3:TrackPointExtension>
						<ns3:hr>171</ns3:hr>
						<ns3:speed>1.166860</ns3:speed>
						<ns3:cad>55</ns3:cad>
					</ns3:TrackPointExtension>
				</extensions>
			</trkpt>
			<trkpt lat="-6.445564" lon="-35.664859">
				<time>2025-10-26T12:59:14Z</time>
				<ele>-20000.000000</ele>
				<extensions>
					<ns3:TrackPointExtension>
						<ns3:hr>170</ns3:hr>
						<ns3:speed>0.974660</ns3:speed>
						<ns3:cad>55</ns3:cad>
					</ns3:TrackPointExtension>
				</extensions>
			</trkpt>
			<trkpt lat="-6.445555" lon="-35.664861">
				<time>2025-10-26T12:59:15Z</time>
				<ele>-20000.000000</ele>
				<extensions>
					<ns3:TrackPointExtension>
						<ns3:hr>170</ns3:hr>
						<ns3:speed>0.758150</ns3:speed>
						<ns3:cad>55</ns3:cad>
					</ns3:TrackPointExtension>
				</extensions>
			</trkpt>
			<trkpt lat="-6.445545" lon="-35.664865">
				<time>2025-10-26T12:59:16Z</time>
				<ele>-20000.000000</ele>
				<extensions>
					<ns3:TrackPointExtension>
						<ns3:hr>170</ns3:hr>
						<ns3:speed>0.796180</ns3:speed>
						<ns3:cad>65</ns3:cad>
					</ns3:TrackPointExtension>
				</extensions>
			</trkpt>
			<trkpt lat="-6.445535" lon="-35.664871">
				<time>2025-10-26T12:59:17Z</time>
				<ele>-20000.000000</ele>
				<extensions>
					<ns3:TrackPointExtension>
						<ns3:hr>170</ns3:hr>
						<ns3:speed>0.908270</ns3:speed>
						<ns3:cad>66</ns3:cad>
					</ns3:TrackPointExtension>
				</extensions>
			</trkpt>
			<trkpt lat="-6.445523" lon="-35.664881">
				<time>2025-10-26T12:59:18Z</time>
				<ele>-20000.000000</ele>
				<extensions>
					<ns3:TrackPointExtension>
						<ns3:hr>170</ns3:hr>
						<ns3:speed>1.026690</ns3:speed>
						<ns3:cad>66</ns3:cad>
					</ns3:TrackPointExtension>
				</extensions>
			</trkpt>
			<trkpt lat="-6.445510" lon="-35.664894">
				<time>2025-10-26T12:59:19Z</time>
				<ele>-20000.000000</ele>
				<extensions>
					<ns3:TrackPointExtension>
						<ns3:hr>170</ns3:hr>
						<ns3:speed>1.131220</ns3:speed>
						<ns3:cad>66</ns3:cad>
					</ns3:TrackPointExtension>
				</extensions>
			</trkpt>
			<trkpt lat="-6.445496" lon="-35.664913">
				<time>2025-10-26T12:59:20Z</time>
				<ele>-20000.000000</ele>
				<extensions>
					<ns3:TrackPointExtension>
						<ns3:hr>169</ns3:hr>
						<ns3:speed>1.291990</ns3:speed>
						<ns3:cad>65</ns3:cad>
					</ns3:TrackPointExtension>
				</extensions>
			</trkpt>
			<trkpt lat="-6.445475" lon="-35.664938">
				<time>2025-10-26T12:59:21Z</time>
				<ele>-20000.000000</ele>
				<extensions>
					<ns3:TrackPointExtension>
						<ns3:hr>169</ns3:hr>
						<ns3:speed>1.545600</ns3:speed>
						<ns3:cad>82</ns3:cad>
					</ns3:TrackPointExtension>
				</extensions>
			</trkpt>
			<trkpt lat="-6.445454" lon="-35.664962">
				<time>2025-10-26T12:59:22Z</time>
				<ele>-20000.000000</ele>
				<extensions>
					<ns3:TrackPointExtension>
						<ns3:hr>169</ns3:hr>
						<ns3:speed>1.908400</ns3:speed>
						<ns3:cad>84</ns3:cad>
					</ns3:TrackPointExtension>
				</extensions>
			</trkpt>
			<trkpt lat="-6.445434" lon="-35.664986">
				<time>2025-10-26T12:59:23Z</time>
				<ele>-20000.000000</ele>
				<extensions>
					<ns3:TrackPointExtension>
						<ns3:hr>169</ns3:hr>
						<ns3:speed>2.364070</ns3:speed>
						<ns3:cad>83</ns3:cad>
					</ns3:TrackPointExtension>
				</extensions>
			</trkpt>
			<trkpt lat="-6.445414" lon="-35.665010">
				<time>2025-10-26T12:59:24Z</time>
				<ele>-20000.000000</ele>
				<extensions>
					<ns3:TrackPointExtension>
						<ns3:hr>170</ns3:hr>
						<ns3:speed>2.808990</ns3:speed>
						<ns3:cad>83</ns3:cad>
					</ns3:TrackPointExtension>
				</extensions>
			</trkpt>
			<trkpt lat="-6.445393" lon="-35.665034">
				<time>2025-10-26T12:59:25Z</time>
				<ele>-20000.000000</ele>
				<extensions>
					<ns3:TrackPointExtension>
						<ns3:hr>171</ns3:hr>
						<ns3:speed>3.134800</ns3:speed>
						<ns3:cad>83</ns3:cad>
					</ns3:TrackPointExtension>
				</extensions>
			</trkpt>
			<trkpt lat="-6.445370" lon="-35.665058">
				<time>2025-10-26T12:59:26Z</time>
				<ele>-20000.000000</ele>
				<extensions>
					<ns3:TrackPointExtension>
						<ns3:hr>170</ns3:hr>
						<ns3:speed>3.246750</ns3:speed>
						<ns3:cad>83</ns3:cad>
					</ns3:TrackPointExtension>
				</extensions>
			</trkpt>
			<trkpt lat="-6.445345" lon="-35.665081">
				<time>2025-10-26T12:59:27Z</time>
				<ele>-20000.000000</ele>
				<extensions>
					<ns3:TrackPointExtension>
						<ns3:hr>171</ns3:hr>
						<ns3:speed>3.289470</ns3:speed>
						<ns3:cad>82</ns3:cad>
					</ns3:TrackPointExtension>
				</extensions>
			</trkpt>
			<trkpt lat="-6.445323" lon="-35.665104">
				<time>2025-10-26T12:59:28Z</time>
				<ele>-20000.000000</ele>
				<extensions>
					<ns3:TrackPointExtension>
						<ns3:hr>172</ns3:hr>
						<ns3:speed>3.333330</ns3:speed>
						<ns3:cad>82</ns3:cad>
					</ns3:TrackPointExtension>
				</extensions>
			</trkpt>
			<trkpt lat="-6.445299" lon="-35.665127">
				<time>2025-10-26T12:59:29Z</time>
				<ele>-20000.000000</ele>
				<extensions>
					<ns3:TrackPointExtension>
						<ns3:hr>172</ns3:hr>
						<ns3:speed>3.378380</ns3:speed>
						<ns3:cad>82</ns3:cad>
					</ns3:TrackPointExtension>
				</extensions>
			</trkpt>
			<trkpt lat="-6.445275" lon="-35.665147">
				<time>2025-10-26T12:59:29Z</time>
				<ele>-20000.000000</ele>
				<extensions>
					<ns3:TrackPointExtension>
						<ns3:hr>172</ns3:hr>
						<ns3:speed>3.378380</ns3:speed>
						<ns3:cad>82</ns3:cad>
					</ns3:TrackPointExtension>
				</extensions>
			</trkpt>
			<trkpt lat="-6.445251" lon="-35.665165">
				<time>2025-10-26T12:59:30Z</time>
				<ele>-20000.000000</ele>
				<extensions>
					<ns3:TrackPointExtension>
						<ns3:hr>171</ns3:hr>
						<ns3:speed>3.424660</ns3:speed>
						<ns3:cad>81</ns3:cad>
					</ns3:TrackPointExtension>
				</extensions>
			</trkpt>
			<trkpt lat="-6.445225" lon="-35.665181">
				<time>2025-10-26T12:59:32Z</time>
				<ele>-20000.000000</ele>
				<extensions>
					<ns3:TrackPointExtension>
						<ns3:hr>173</ns3:hr>
						<ns3:speed>3.460210</ns3:speed>
						<ns3:cad>81</ns3:cad>
					</ns3:TrackPointExtension>
				</extensions>
			</trkpt>
			<trkpt lat="-6.445196" lon="-35.665194">
				<time>2025-10-26T12:59:33Z</time>
				<ele>-20000.000000</ele>
				<extensions>
					<ns3:TrackPointExtension>
						<ns3:hr>173</ns3:hr>
						<ns3:speed>3.436430</ns3:speed>
						<ns3:cad>81</ns3:cad>
					</ns3:TrackPointExtension>
				</extensions>
			</trkpt>
			<trkpt lat="-6.445166" lon="-35.665205">
				<time>2025-10-26T12:59:34Z</time>
				<ele>-20000.000000</ele>
				<extensions>
					<ns3:TrackPointExtension>
						<ns3:hr>173</ns3:hr>
						<ns3:speed>3.424660</ns3:speed>
						<ns3:cad>81</ns3:cad>
					</ns3:TrackPointExtension>
				</extensions>
			</trkpt>
			<trkpt lat="-6.445135" lon="-35.665214">
				<time>2025-10-26T12:59:35Z</time>
				<ele>-20000.000000</ele>
				<extensions>
					<ns3:TrackPointExtension>
						<ns3:hr>174</ns3:hr>
						<ns3:speed>3.448280</ns3:speed>
						<ns3:cad>82</ns3:cad>
					</ns3:TrackPointExtension>
				</extensions>
			</trkpt>
			<trkpt lat="-6.445104" lon="-35.665219">
				<time>2025-10-26T12:59:36Z</time>
				<ele>-20000.000000</ele>
				<extensions>
					<ns3:TrackPointExtension>
						<ns3:hr>175</ns3:hr>
						<ns3:speed>3.472220</ns3:speed>
						<ns3:cad>82</ns3:cad>
					</ns3:TrackPointExtension>
				</extensions>
			</trkpt>
			<trkpt lat="-6.445074" lon="-35.665221">
				<time>2025-10-26T12:59:37Z</time>
				<ele>-20000.000000</ele>
				<extensions>
					<ns3:TrackPointExtension>
						<ns3:hr>176</ns3:hr>
						<ns3:speed>3.460210</ns3:speed>
						<ns3:cad>83</ns3:cad>
					</ns3:TrackPointExtension>
				</extensions>
			</trkpt>
			<trkpt lat="-6.445046" lon="-35.665222">
				<time>2025-10-26T12:59:38Z</time>
				<ele>-20000.000000</ele>
				<extensions>
					<ns3:TrackPointExtension>
						<ns3:hr>176</ns3:hr>
						<ns3:speed>3.460210</ns3:speed>
						<ns3:cad>83</ns3:cad>
					</ns3:TrackPointExtension>
				</extensions>
			</trkpt>
			<trkpt lat="-6.445021" lon="-35.665222">
				<time>2025-10-26T12:59:39Z</time>
				<ele>-20000.000000</ele>
				<extensions>
					<ns3:TrackPointExtension>
						<ns3:hr>176</ns3:hr>
						<ns3:speed>3.460210</ns3:speed>
						<ns3:cad>82</ns3:cad>
					</ns3:TrackPointExtension>
				</extensions>
			</trkpt>
			<trkpt lat="-6.445006" lon="-35.665216">
				<time>2025-10-26T12:59:40Z</time>
				<ele>-20000.000000</ele>
				<extensions>
					<ns3:TrackPointExtension>
						<ns3:hr>176</ns3:hr>
						<ns3:speed>3.424660</ns3:speed>
						<ns3:cad>82</ns3:cad>
					</ns3:TrackPointExtension>
				</extensions>
			</trkpt>
			<trkpt lat="-6.445001" lon="-35.665207">
				<time>2025-10-26T12:59:41Z</time>
				<ele>-20000.000000</ele>
				<extensions>
					<ns3:TrackPointExtension>
						<ns3:hr>177</ns3:hr>
						<ns3:speed>3.300330</ns3:speed>
						<ns3:cad>81</ns3:cad>
					</ns3:TrackPointExtension>
				</extensions>
			</trkpt>
			<trkpt lat="-6.445004" lon="-35.665196">
				<time>2025-10-26T12:59:42Z</time>
				<ele>-20000.000000</ele>
				<extensions>
					<ns3:TrackPointExtension>
						<ns3:hr>177</ns3:hr>
						<ns3:speed>2.915450</ns3:speed>
						<ns3:cad>80</ns3:cad>
					</ns3:TrackPointExtension>
				</extensions>
			</trkpt>
			<trkpt lat="-6.445010" lon="-35.665188">
				<time>2025-10-26T12:59:43Z</time>
				<ele>-20000.000000</ele>
				<extensions>
					<ns3:TrackPointExtension>
						<ns3:hr>179</ns3:hr>
						<ns3:speed>2.257340</ns3:speed>
						<ns3:cad>80</ns3:cad>
					</ns3:TrackPointExtension>
				</extensions>
			</trkpt>
			<trkpt lat="-6.445019" lon="-35.665182">
				<time>2025-10-26T12:59:44Z</time>
				<ele>-20000.000000</ele>
				<extensions>
					<ns3:TrackPointExtension>
						<ns3:hr>180</ns3:hr>
						<ns3:speed>1.600000</ns3:speed>
						<ns3:cad>80</ns3:cad>
					</ns3:TrackPointExtension>
				</extensions>
			</trkpt>
			<trkpt lat="-6.445030" lon="-35.665177">
				<time>2025-10-26T12:59:45Z</time>
				<ele>-20000.000000</ele>
				<extensions>
					<ns3:TrackPointExtension>
						<ns3:hr>180</ns3:hr>
						<ns3:speed>1.215070</ns3:speed>
						<ns3:cad>80</ns3:cad>
					</ns3:TrackPointExtension>
				</extensions>
			</trkpt>
			<trkpt lat="-6.445040" lon="-35.665175">
				<time>2025-10-26T12:59:46Z</time>
				<ele>-20000.000000</ele>
				<extensions>
					<ns3:TrackPointExtension>
						<ns3:hr>180</ns3:hr>
						<ns3:speed>1.129940</ns3:speed>
						<ns3:cad>60</ns3:cad>
					</ns3:TrackPointExtension>
				</extensions>
			</trkpt>
			<trkpt lat="-6.445052" lon="-35.665172">
				<time>2025-10-26T12:59:47Z</time>
				<ele>-20000.000000</ele>
				<extensions>
					<ns3:TrackPointExtension>
						<ns3:hr>178</ns3:hr>
						<ns3:speed>1.113590</ns3:speed>
						<ns3:cad>55</ns3:cad>
					</ns3:TrackPointExtension>
				</extensions>
			</trkpt>
			<trkpt lat="-6.445064" lon="-35.665173">
				<time>2025-10-26T12:59:48Z</time>
				<ele>-20000.000000</ele>
				<extensions>
					<ns3:TrackPointExtension>
						<ns3:hr>178</ns3:hr>
						<ns3:speed>1.129940</ns3:speed>
						<ns3:cad>55</ns3:cad>
					</ns3:TrackPointExtension>
				</extensions>
			</trkpt>
			<trkpt lat="-6.445076" lon="-35.665174">
				<time>2025-10-26T12:59:49Z</time>
				<ele>-20000.000000</ele>
				<extensions>
					<ns3:TrackPointExtension>
						<ns3:hr>178</ns3:hr>
						<ns3:speed>1.144160</ns3:speed>
						<ns3:cad>55</ns3:cad>
					</ns3:TrackPointExtension>
				</extensions>
			</trkpt>
			<trkpt lat="-6.445088" lon="-35.665176">
				<time>2025-10-26T12:59:50Z</time>
				<ele>-20000.000000</ele>
				<extensions>
					<ns3:TrackPointExtension>
						<ns3:hr>179</ns3:hr>
						<ns3:speed>1.160090</ns3:speed>
						<ns3:cad>55</ns3:cad>
					</ns3:TrackPointExtension>
				</extensions>
			</trkpt>
			<trkpt lat="-6.445100" lon="-35.665177">
				<time>2025-10-26T12:59:51Z</time>
				<ele>-20000.000000</ele>
				<extensions>
					<ns3:TrackPointExtension>
						<ns3:hr>181</ns3:hr>
						<ns3:speed>1.179250</ns3:speed>
						<ns3:cad>54</ns3:cad>
					</ns3:TrackPointExtension>
				</extensions>
			</trkpt>
			<trkpt lat="-6.445112" lon="-35.665180">
				<time>2025-10-26T12:59:51Z</time>
				<ele>-20000.000000</ele>
				<extensions>
					<ns3:TrackPointExtension>
						<ns3:hr>181</ns3:hr>
						<ns3:speed>1.179250</ns3:speed>
						<ns3:cad>54</ns3:cad>
					</ns3:TrackPointExtension>
				</extensions>
			</trkpt>
			<trkpt lat="-6.445124" lon="-35.665184">
				<time>2025-10-26T12:59:53Z</time>
				<ele>-20000.000000</ele>
				<extensions>
					<ns3:TrackPointExtension>
						<ns3:hr>183</ns3:hr>
						<ns3:speed>1.221000</ns3:speed>
						<ns3:cad>55</ns3:cad>
					</ns3:TrackPointExtension>
				</extensions>
			</trkpt>
			<trkpt lat="-6.445134" lon="-35.665188">
				<time>2025-10-26T12:59:54Z</time>
				<ele>-20000.000000</ele>
				<extensions>
					<ns3:TrackPointExtension>
						<ns3:hr>181</ns3:hr>
						<ns3:speed>1.230010</ns3:speed>
						<ns3:cad>55</ns3:cad>
					</ns3:TrackPointExtension>
				</extensions>
			</trkpt>
			<trkpt lat="-6.445145" lon="-35.665192">
				<time>2025-10-26T12:59:55Z</time>
				<ele>-20000.000000</ele>
				<extensions>
					<ns3:TrackPointExtension>
						<ns3:hr>181</ns3:hr>
						<ns3:speed>1.240690</ns3:speed>
						<ns3:cad>55</ns3:cad>
					</ns3:TrackPointExtension>
				</extensions>
			</trkpt>
			<trkpt lat="-6.445156" lon="-35.665195">
				<time>2025-10-26T12:59:56Z</time>
				<ele>-20000.000000</ele>
				<extensions>
					<ns3:TrackPointExtension>
						<ns3:hr>181</ns3:hr>
						<ns3:speed>1.243780</ns3:speed>
						<ns3:cad>55</ns3:cad>
					</ns3:TrackPointExtension>
				</extensions>
			</trkpt>
			<trkpt lat="-6.445166" lon="-35.665200">
				<time>2025-10-26T12:59:57Z</time>
				<ele>-20000.000000</ele>
				<extensions>
					<ns3:TrackPointExtension>
						<ns3:hr>180</ns3:hr>
						<ns3:speed>1.250000</ns3:speed>
						<ns3:cad>55</ns3:cad>
					</ns3:TrackPointExtension>
				</extensions>
			</trkpt>
			<trkpt lat="-6.445177" lon="-35.665206">
				<time>2025-10-26T12:59:58Z</time>
				<ele>-20000.000000</ele>
				<extensions>
					<ns3:TrackPointExtension>
						<ns3:hr>180</ns3:hr>
						<ns3:speed>1.256280</ns3:speed>
						<ns3:cad>54</ns3:cad>
					</ns3:TrackPointExtension>
				</extensions>
			</trkpt>
			<trkpt lat="-6.445190" lon="-35.665212">
				<time>2025-10-26T12:59:59Z</time>
				<ele>-20000.000000</ele>
				<extensions>
					<ns3:TrackPointExtension>
						<ns3:hr>180</ns3:hr>
						<ns3:speed>1.256280</ns3:speed>
						<ns3:cad>52</ns3:cad>
					</ns3:TrackPointExtension>
				</extensions>
			</trkpt>
			<trkpt lat="-6.445207" lon="-35.665221">
				<time>2025-10-26T13:00:00Z</time>
				<ele>-20000.000000</ele>
				<extensions>
					<ns3:TrackPointExtension>
						<ns3:hr>180</ns3:hr>
						<ns3:speed>1.267430</ns3:speed>
						<ns3:cad>52</ns3:cad>
					</ns3:TrackPointExtension>
				</extensions>
			</trkpt>
			<trkpt lat="-6.445228" lon="-35.665233">
				<time>2025-10-26T13:00:01Z</time>
				<ele>-20000.000000</ele>
				<extensions>
					<ns3:TrackPointExtension>
						<ns3:hr>181</ns3:hr>
						<ns3:speed>1.314060</ns3:speed>
						<ns3:cad>58</ns3:cad>
					</ns3:TrackPointExtension>
				</extensions>
			</trkpt>
			<trkpt lat="-6.445252" lon="-35.665246">
				<time>2025-10-26T13:00:01Z</time>
				<ele>-20000.000000</ele>
				<extensions>
					<ns3:TrackPointExtension>
						<ns3:hr>181</ns3:hr>
						<ns3:speed>1.314060</ns3:speed>
						<ns3:cad>58</ns3:cad>
					</ns3:TrackPointExtension>
				</extensions>
			</trkpt>
			<trkpt lat="-6.445275" lon="-35.665257">
				<time>2025-10-26T13:00:03Z</time>
				<ele>-20000.000000</ele>
				<extensions>
					<ns3:TrackPointExtension>
						<ns3:hr>181</ns3:hr>
						<ns3:speed>1.980200</ns3:speed>
						<ns3:cad>59</ns3:cad>
					</ns3:TrackPointExtension>
				</extensions>
			</trkpt>
			<trkpt lat="-6.445296" lon="-35.665264">
				<time>2025-10-26T13:00:04Z</time>
				<ele>-20000.000000</ele>
				<extensions>
					<ns3:TrackPointExtension>
						<ns3:hr>181</ns3:hr>
						<ns3:speed>2.358490</ns3:speed>
						<ns3:cad>78</ns3:cad>
					</ns3:TrackPointExtension>
				</extensions>
			</trkpt>
			<trkpt lat="-6.445315" lon="-35.665268">
				<time>2025-10-26T13:00:05Z</time>
				<ele>-20000.000000</ele>
				<extensions>
					<ns3:TrackPointExtension>
						<ns3:hr>179</ns3:hr>
						<ns3:speed>2.463050</ns3:speed>
						<ns3:cad>77</ns3:cad>
					</ns3:TrackPointExtension>
				</extensions>
			</trkpt>
			<trkpt lat="-6.445332" lon="-35.665269">
				<time>2025-10-26T13:00:06Z</time>
				<ele>-20000.000000</ele>
				<extensions>
					<ns3:TrackPointExtension>
						<ns3:hr>177</ns3:hr>
						<ns3:speed>2.463050</ns3:speed>
						<ns3:cad>77</ns3:cad>
					</ns3:TrackPointExtension>
				</extensions>
			</trkpt>
			<trkpt lat="-6.445347" lon="-35.665270">
				<time>2025-10-26T13:00:07Z</time>
				<ele>-20000.000000</ele>
				<extensions>
					<ns3:TrackPointExtension>
						<ns3:hr>177</ns3:hr>
						<ns3:speed>2.364070</ns3:speed>
						<ns3:cad>77</ns3:cad>
					</ns3:TrackPointExtension>
				</extensions>
			</trkpt>
			<trkpt lat="-6.445362" lon="-35.665272">
				<time>2025-10-26T13:00:08Z</time>
				<ele>-20000.000000</ele>
				<extensions>
					<ns3:TrackPointExtension>
						<ns3:hr>179</ns3:hr>
						<ns3:speed>1.879700</ns3:speed>
						<ns3:cad>77</ns3:cad>
					</ns3:TrackPointExtension>
				</extensions>
			</trkpt>
			<trkpt lat="-6.445375" lon="-35.665274">
				<time>2025-10-26T13:00:09Z</time>
				<ele>-20000.000000</ele>
				<extensions>
					<ns3:TrackPointExtension>
						<ns3:hr>178</ns3:hr>
						<ns3:speed>1.404490</ns3:speed>
						<ns3:cad>76</ns3:cad>
					</ns3:TrackPointExtension>
				</extensions>
			</trkpt>
			<trkpt lat="-6.445387" lon="-35.665276">
				<time>2025-10-26T13:00:10Z</time>
				<ele>-20000.000000</ele>
				<extensions>
					<ns3:TrackPointExtension>
						<ns3:hr>178</ns3:hr>
						<ns3:speed>1.479290</ns3:speed>
						<ns3:cad>75</ns3:cad>
					</ns3:TrackPointExtension>
				</extensions>
			</trkpt>
			<trkpt lat="-6.445399" lon="-35.665278">
				<time>2025-10-26T13:00:11Z</time>
				<ele>-20000.000000</ele>
				<extensions>
					<ns3:TrackPointExtension>
						<ns3:hr>179</ns3:hr>
						<ns3:speed>1.642040</ns3:speed>
						<ns3:cad>72</ns3:cad>
					</ns3:TrackPointExtension>
				</extensions>
			</trkpt>
			<trkpt lat="-6.445413" lon="-35.665280">
				<time>2025-10-26T13:00:11Z</time>
				<ele>-20000.000000</ele>
				<extensions>
					<ns3:TrackPointExtension>
						<ns3:hr>179</ns3:hr>
						<ns3:speed>1.642040</ns3:speed>
						<ns3:cad>72</ns3:cad>
					</ns3:TrackPointExtension>
				</extensions>
			</trkpt>
			<trkpt lat="-6.445431" lon="-35.665281">
				<time>2025-10-26T13:00:13Z</time>
				<ele>-20000.000000</ele>
				<extensions>
					<ns3:TrackPointExtension>
						<ns3:hr>179</ns3:hr>
						<ns3:speed>1.620750</ns3:speed>
						<ns3:cad>69</ns3:cad>
					</ns3:TrackPointExtension>
				</extensions>
			</trkpt>
			<trkpt lat="-6.445453" lon="-35.665283">
				<time>2025-10-26T13:00:14Z</time>
				<ele>-20000.000000</ele>
				<extensions>
					<ns3:TrackPointExtension>
						<ns3:hr>178</ns3:hr>
						<ns3:speed>1.620750</ns3:speed>
						<ns3:cad>79</ns3:cad>
					</ns3:TrackPointExtension>
				</extensions>
			</trkpt>
			<trkpt lat="-6.445477" lon="-35.665287">
				<time>2025-10-26T13:00:15Z</time>
				<ele>-20000.000000</ele>
				<extensions>
					<ns3:TrackPointExtension>
						<ns3:hr>179</ns3:hr>
						<ns3:speed>1.700680</ns3:speed>
						<ns3:cad>81</ns3:cad>
					</ns3:TrackPointExtension>
				</extensions>
			</trkpt>
			<trkpt lat="-6.445503" lon="-35.665293">
				<time>2025-10-26T13:00:15Z</time>
				<ele>-20000.000000</ele>
				<extensions>
					<ns3:TrackPointExtension>
						<ns3:hr>179</ns3:hr>
						<ns3:speed>1.700680</ns3:speed>
						<ns3:cad>81</ns3:cad>
					</ns3:TrackPointExtension>
				</extensions>
			</trkpt>
			<trkpt lat="-6.445529" lon="-35.665301">
				<time>2025-10-26T13:00:16Z</time>
				<ele>-20000.000000</ele>
				<extensions>
					<ns3:TrackPointExtension>
						<ns3:hr>178</ns3:hr>
						<ns3:speed>1.968500</ns3:speed>
						<ns3:cad>80</ns3:cad>
					</ns3:TrackPointExtension>
				</extensions>
			</trkpt>
			<trkpt lat="-6.445554" lon="-35.665308">
				<time>2025-10-26T13:00:18Z</time>
				<ele>-20000.000000</ele>
				<extensions>
					<ns3:TrackPointExtension>
						<ns3:hr>177</ns3:hr>
						<ns3:speed>2.724800</ns3:speed>
						<ns3:cad>80</ns3:cad>
					</ns3:TrackPointExtension>
				</extensions>
			</trkpt>
			<trkpt lat="-6.445575" lon="-35.665314">
				<time>2025-10-26T13:00:19Z</time>
				<ele>-20000.000000</ele>
				<extensions>
					<ns3:TrackPointExtension>
						<ns3:hr>176</ns3:hr>
						<ns3:speed>2.816900</ns3:speed>
						<ns3:cad>80</ns3:cad>
					</ns3:TrackPointExtension>
				</extensions>
			</trkpt>
			<trkpt lat="-6.445593" lon="-35.665320">
				<time>2025-10-26T13:00:20Z</time>
				<ele>-20000.000000</ele>
				<extensions>
					<ns3:TrackPointExtension>
						<ns3:hr>176</ns3:hr>
						<ns3:speed>2.816900</ns3:speed>
						<ns3:cad>80</ns3:cad>
					</ns3:TrackPointExtension>
				</extensions>
			</trkpt>
			<trkpt lat="-6.445607" lon="-35.665326">
				<time>2025-10-26T13:00:21Z</time>
				<ele>-20000.000000</ele>
				<extensions>
					<ns3:TrackPointExtension>
						<ns3:hr>176</ns3:hr>
						<ns3:speed>2.724800</ns3:speed>
						<ns3:cad>80</ns3:cad>
					</ns3:TrackPointExtension>
				</extensions>
			</trkpt>
			<trkpt lat="-6.445613" lon="-35.665337">
				<time>2025-10-26T13:00:22Z</time>
				<ele>-20000.000000</ele>
				<extensions>
					<ns3:TrackPointExtension>
						<ns3:hr>176</ns3:hr>
						<ns3:speed>2.487560</ns3:speed>
						<ns3:cad>80</ns3:cad>
					</ns3:TrackPointExtension>
				</extensions>
			</trkpt>
			<trkpt lat="-6.445612" lon="-35.665352">
				<time>2025-10-26T13:00:22Z</time>
				<ele>-20000.000000</ele>
				<extensions>
					<ns3:TrackPointExtension>
						<ns3:hr>176</ns3:hr>
						<ns3:speed>2.487560</ns3:speed>
						<ns3:cad>80</ns3:cad>
					</ns3:TrackPointExtension>
				</extensions>
			</trkpt>
			<trkpt lat="-6.445611" lon="-35.665371">
				<time>2025-10-26T13:00:24Z</time>
				<ele>-20000.000000</ele>
				<extensions>
					<ns3:TrackPointExtension>
						<ns3:hr>177</ns3:hr>
						<ns3:speed>1.841620</ns3:speed>
						<ns3:cad>80</ns3:cad>
					</ns3:TrackPointExtension>
				</extensions>
			</trkpt>
			<trkpt lat="-6.445610" lon="-35.665389">
				<time>2025-10-26T13:00:25Z</time>
				<ele>-20000.000000</ele>
				<extensions>
					<ns3:TrackPointExtension>
						<ns3:hr>176</ns3:hr>
						<ns3:speed>1.739130</ns3:speed>
						<ns3:cad>80</ns3:cad>
					</ns3:TrackPointExtension>
				</extensions>
			</trkpt>
			<trkpt lat="-6.445611" lon="-35.665407">
				<time>2025-10-26T13:00:26Z</time>
				<ele>-20000.000000</ele>
				<extensions>
					<ns3:TrackPointExtension>
						<ns3:hr>176</ns3:hr>
						<ns3:speed>1.776200</ns3:speed>
						<ns3:cad>80</ns3:cad>
					</ns3:TrackPointExtension>
				</extensions>
			</trkpt>
			<trkpt lat="-6.445614" lon="-35.665425">
				<time>2025-10-26T13:00:26Z</time>
				<ele>-20000.000000</ele>
				<extensions>
					<ns3:TrackPointExtension>
						<ns3:hr>176</ns3:hr>
						<ns3:speed>1.776200</ns3:speed>
						<ns3:cad>80</ns3:cad>
					</ns3:TrackPointExtension>
				</extensions>
			</trkpt>
			<trkpt lat="-6.445618" lon="-35.665446">
				<time>2025-10-26T13:00:28Z</time>
				<ele>-20000.000000</ele>
				<extensions>
					<ns3:TrackPointExtension>
						<ns3:hr>176</ns3:hr>
						<ns3:speed>1.855290</ns3:speed>
						<ns3:cad>75</ns3:cad>
					</ns3:TrackPointExtension>
				</extensions>
			</trkpt>
			<trkpt lat="-6.445622" lon="-35.665469">
				<time>2025-10-26T13:00:29Z</time>
				<ele>-20000.000000</ele>
				<extensions>
					<ns3:TrackPointExtension>
						<ns3:hr>175</ns3:hr>
						<ns3:speed>1.919390</ns3:speed>
						<ns3:cad>74</ns3:cad>
					</ns3:TrackPointExtension>
				</extensions>
			</trkpt>
			<trkpt lat="-6.445630" lon="-35.665489">
				<time>2025-10-26T13:00:30Z</time>
				<ele>-20000.000000</ele>
				<extensions>
					<ns3:TrackPointExtension>
						<ns3:hr>174</ns3:hr>
						<ns3:speed>1.960780</ns3:speed>
						<ns3:cad>74</ns3:cad>
					</ns3:TrackPointExtension>
				</extensions>
			</trkpt>
			<trkpt lat="-6.445640" lon="-35.665501">
				<time>2025-10-26T13:00:31Z</time>
				<ele>-20000.000000</ele>
				<extensions>
					<ns3:TrackPointExtension>
						<ns3:hr>174</ns3:hr>
						<ns3:speed>2.016130</ns3:speed>
						<ns3:cad>74</ns3:cad>
					</ns3:TrackPointExtension>
				</extensions>
			</trkpt>
			<trkpt lat="-6.445651" lon="-35.665507">
				<time>2025-10-26T13:00:32Z</time>
				<ele>-20000.000000</ele>
				<extensions>
					<ns3:TrackPointExtension>
						<ns3:hr>174</ns3:hr>
						<ns3:speed>2.074690</ns3:speed>
						<ns3:cad>75</ns3:cad>
					</ns3:TrackPointExtension>
				</extensions>
			</trkpt>
			<trkpt lat="-6.445662" lon="-35.665509">
				<time>2025-10-26T13:00:33Z</time>
				<ele>-20000.000000</ele>
				<extensions>
					<ns3:TrackPointExtension>
						<ns3:hr>174</ns3:hr>
						<ns3:speed>1.988070</ns3:speed>
						<ns3:cad>75</ns3:cad>
					</ns3:TrackPointExtension>
				</extensions>
			</trkpt>
			<trkpt lat="-6.445673" lon="-35.665510">
				<time>2025-10-26T13:00:34Z</time>
				<ele>-20000.000000</ele>
				<extensions>
					<ns3:TrackPointExtension>
						<ns3:hr>174</ns3:hr>
						<ns3:speed>1.769910</ns3:speed>
						<ns3:cad>75</ns3:cad>
					</ns3:TrackPointExtension>
				</extensions>
			</trkpt>
			<trkpt lat="-6.445683" lon="-35.665512">
				<time>2025-10-26T13:00:35Z</time>
				<ele>-20000.000000</ele>
				<extensions>
					<ns3:TrackPointExtension>
						<ns3:hr>175</ns3:hr>
						<ns3:speed>1.477100</ns3:speed>
						<ns3:cad>75</ns3:cad>
					</ns3:TrackPointExtension>
				</extensions>
			</trkpt>
			<trkpt lat="-6.445692" lon="-35.665514">
				<time>2025-10-26T13:00:36Z</time>
				<ele>-20000.000000</ele>
				<extensions>
					<ns3:TrackPointExtension>
						<ns3:hr>175</ns3:hr>
						<ns3:speed>1.245330</ns3:speed>
						<ns3:cad>74</ns3:cad>
					</ns3:TrackPointExtension>
				</extensions>
			</trkpt>
			<trkpt lat="-6.445700" lon="-35.665516">
				<time>2025-10-26T13:00:37Z</time>
				<ele>-20000.000000</ele>
				<extensions>
					<ns3:TrackPointExtension>
						<ns3:hr>175</ns3:hr>
						<ns3:speed>1.132500</ns3:speed>
						<ns3:cad>73</ns3:cad>
					</ns3:TrackPointExtension>
				</extensions>
			</trkpt>
			<trkpt lat="-6.445709" lon="-35.665518">
				<time>2025-10-26T13:00:38Z</time>
				<ele>-20000.000000</ele>
				<extensions>
					<ns3:TrackPointExtension>
						<ns3:hr>175</ns3:hr>
						<ns3:speed>1.094090</ns3:speed>
						<ns3:cad>71</ns3:cad>
					</ns3:TrackPointExtension>
				</extensions>
			</trkpt>
			<trkpt lat="-6.445720" lon="-35.665521">
				<time>2025-10-26T13:00:39Z</time>
				<ele>-20000.000000</ele>
				<extensions>
					<ns3:TrackPointExtension>
						<ns3:hr>175</ns3:hr>
						<ns3:speed>1.097690</ns3:speed>
						<ns3:cad>69</ns3:cad>
					</ns3:TrackPointExtension>
				</extensions>
			</trkpt>
			<trkpt lat="-6.445733" lon="-35.665527">
				<time>2025-10-26T13:00:40Z</time>
				<ele>-20000.000000</ele>
				<extensions>
					<ns3:TrackPointExtension>
						<ns3:hr>175</ns3:hr>
						<ns3:speed>1.097690</ns3:speed>
						<ns3:cad>51</ns3:cad>
					</ns3:TrackPointExtension>
				</extensions>
			</trkpt>
			<trkpt lat="-6.445748" lon="-35.665535">
				<time>2025-10-26T13:00:41Z</time>
				<ele>-20000.000000</ele>
				<extensions>
					<ns3:TrackPointExtension>
						<ns3:hr>176</ns3:hr>
						<ns3:speed>1.100110</ns3:speed>
						<ns3:cad>51</ns3:cad>
					</ns3:TrackPointExtension>
				</extensions>
			</trkpt>
			<trkpt lat="-6.445762" lon="-35.665547">
				<time>2025-10-26T13:00:42Z</time>
				<ele>-20000.000000</ele>
				<extensions>
					<ns3:TrackPointExtension>
						<ns3:hr>176</ns3:hr>
						<ns3:speed>1.158750</ns3:speed>
						<ns3:cad>58</ns3:cad>
					</ns3:TrackPointExtension>
				</extensions>
			</trkpt>
			<trkpt lat="-6.445778" lon="-35.665563">
				<time>2025-10-26T13:00:43Z</time>
				<ele>-20000.000000</ele>
				<extensions>
					<ns3:TrackPointExtension>
						<ns3:hr>177</ns3:hr>
						<ns3:speed>1.179250</ns3:speed>
						<ns3:cad>63</ns3:cad>
					</ns3:TrackPointExtension>
				</extensions>
			</trkpt>
			<trkpt lat="-6.445797" lon="-35.665580">
				<time>2025-10-26T13:00:44Z</time>
				<ele>-20000.000000</ele>
				<extensions>
					<ns3:TrackPointExtension>
						<ns3:hr>177</ns3:hr>
						<ns3:speed>1.200480</ns3:speed>
						<ns3:cad>58</ns3:cad>
					</ns3:TrackPointExtension>
				</extensions>
			</trkpt>
			<trkpt lat="-6.445816" lon="-35.665599">
				<time>2025-10-26T13:00:45Z</time>
				<ele>-20000.000000</ele>
				<extensions>
					<ns3:TrackPointExtension>
						<ns3:hr>177</ns3:hr>
						<ns3:speed>1.607720</ns3:speed>
						<ns3:cad>58</ns3:cad>
					</ns3:TrackPointExtension>
				</extensions>
			</trkpt>
			<trkpt lat="-6.445835" lon="-35.665621">
				<time>2025-10-26T13:00:46Z</time>
				<ele>-20000.000000</ele>
				<extensions>
					<ns3:TrackPointExtension>
						<ns3:hr>177</ns3:hr>
						<ns3:speed>2.173910</ns3:speed>
						<ns3:cad>84</ns3:cad>
					</ns3:TrackPointExtension>
				</extensions>
			</trkpt>
			<trkpt lat="-6.445853" lon="-35.665644">
				<time>2025-10-26T13:00:47Z</time>
				<ele>-20000.000000</ele>
				<extensions>
					<ns3:TrackPointExtension>
						<ns3:hr>177</ns3:hr>
						<ns3:speed>2.597400</ns3:speed>
						<ns3:cad>84</ns3:cad>
					</ns3:TrackPointExtension>
				</extensions>
			</trkpt>
			<trkpt lat="-6.445871" lon="-35.665667">
				<time>2025-10-26T13:00:48Z</time>
				<ele>-20000.000000</ele>
				<extensions>
					<ns3:TrackPointExtension>
						<ns3:hr>178</ns3:hr>
						<ns3:speed>2.906980</ns3:speed>
						<ns3:cad>84</ns3:cad>
					</ns3:TrackPointExtension>
				</extensions>
			</trkpt>
			<trkpt lat="-6.445889" lon="-35.665690">
				<time>2025-10-26T13:00:49Z</time>
				<ele>-20000.000000</ele>
				<extensions>
					<ns3:TrackPointExtension>
						<ns3:hr>178</ns3:hr>
						<ns3:speed>3.058100</ns3:speed>
						<ns3:cad>83</ns3:cad>
					</ns3:TrackPointExtension>
				</extensions>
			</trkpt>
			<trkpt lat="-6.445911" lon="-35.665711">
				<time>2025-10-26T13:00:50Z</time>
				<ele>-20000.000000</ele>
				<extensions>
					<ns3:TrackPointExtension>
						<ns3:hr>178</ns3:hr>
						<ns3:speed>3.125000</ns3:speed>
						<ns3:cad>82</ns3:cad>
					</ns3:TrackPointExtension>
				</extensions>
			</trkpt>
			<trkpt lat="-6.445936" lon="-35.665728">
				<time>2025-10-26T13:00:51Z</time>
				<ele>-20000.000000</ele>
				<extensions>
					<ns3:TrackPointExtension>
						<ns3:hr>178</ns3:hr>
						<ns3:speed>3.164560</ns3:speed>
						<ns3:cad>82</ns3:cad>
					</ns3:TrackPointExtension>
				</extensions>
			</trkpt>
			<trkpt lat="-6.445963" lon="-35.665744">
				<time>2025-10-26T13:00:52Z</time>
				<ele>-20000.000000</ele>
				<extensions>
					<ns3:TrackPointExtension>
						<ns3:hr>178</ns3:hr>
						<ns3:speed>3.194890</ns3:speed>
						<ns3:cad>81</ns3:cad>
					</ns3:TrackPointExtension>
				</extensions>
			</trkpt>
			<trkpt lat="-6.445990" lon="-35.665756">
				<time>2025-10-26T13:00:53Z</time>
				<ele>-20000.000000</ele>
				<extensions>
					<ns3:TrackPointExtension>
						<ns3:hr>178</ns3:hr>
						<ns3:speed>3.225810</ns3:speed>
						<ns3:cad>81</ns3:cad>
					</ns3:TrackPointExtension>
				</extensions>
			</trkpt>
			<trkpt lat="-6.446018" lon="-35.665763">
				<time>2025-10-26T13:00:54Z</time>
				<ele>-20000.000000</ele>
				<extensions>
					<ns3:TrackPointExtension>
						<ns3:hr>178</ns3:hr>
						<ns3:speed>3.236250</ns3:speed>
						<ns3:cad>81</ns3:cad>
					</ns3:TrackPointExtension>
				</extensions>
			</trkpt>
			<trkpt lat="-6.446047" lon="-35.665769">
				<time>2025-10-26T13:00:55Z</time>
				<ele>-20000.000000</ele>
				<extensions>
					<ns3:TrackPointExtension>
						<ns3:hr>178</ns3:hr>
						<ns3:speed>3.236250</ns3:speed>
						<ns3:cad>81</ns3:cad>
					</ns3:TrackPointExtension>
				</extensions>
			</trkpt>
			<trkpt lat="-6.446077" lon="-35.665772">
				<time>2025-10-26T13:00:56Z</time>
				<ele>-20000.000000</ele>
				<extensions>
					<ns3:TrackPointExtension>
						<ns3:hr>178</ns3:hr>
						<ns3:speed>3.278690</ns3:speed>
						<ns3:cad>81</ns3:cad>
					</ns3:TrackPointExtension>
				</extensions>
			</trkpt>
			<trkpt lat="-6.446108" lon="-35.665774">
				<time>2025-10-26T13:00:57Z</time>
				<ele>-20000.000000</ele>
				<extensions>
					<ns3:TrackPointExtension>
						<ns3:hr>179</ns3:hr>
						<ns3:speed>3.289470</ns3:speed>
						<ns3:cad>81</ns3:cad>
					</ns3:TrackPointExtension>
				</extensions>
			</trkpt>
			<trkpt lat="-6.446140" lon="-35.665773">
				<time>2025-10-26T13:00:58Z</time>
				<ele>-20000.000000</ele>
				<extensions>
					<ns3:TrackPointExtension>
						<ns3:hr>180</ns3:hr>
						<ns3:speed>3.300330</ns3:speed>
						<ns3:cad>81</ns3:cad>
					</ns3:TrackPointExtension>
				</extensions>
			</trkpt>
			<trkpt lat="-6.446172" lon="-35.665772">
				<time>2025-10-26T13:00:59Z</time>
				<ele>-20000.000000</ele>
				<extensions>
					<ns3:TrackPointExtension>
						<ns3:hr>179</ns3:hr>
						<ns3:speed>3.322260</ns3:speed>
						<ns3:cad>81</ns3:cad>
					</ns3:TrackPointExtension>
				</extensions>
			</trkpt>
			<trkpt lat="-6.446205" lon="-35.665768">
				<time>2025-10-26T13:01:00Z</time>
				<ele>-20000.000000</ele>
				<extensions>
					<ns3:TrackPointExtension>
						<ns3:hr>180</ns3:hr>
						<ns3:speed>3.344480</ns3:speed>
						<ns3:cad>81</ns3:cad>
					</ns3:TrackPointExtension>
				</extensions>
			</trkpt>
			<trkpt lat="-6.446238" lon="-35.665759">
				<time>2025-10-26T13:01:01Z</time>
				<ele>-20000.000000</ele>
				<extensions>
					<ns3:TrackPointExtension>
						<ns3:hr>180</ns3:hr>
						<ns3:speed>3.389830</ns3:speed>
						<ns3:cad>81</ns3:cad>
					</ns3:TrackPointExtension>
				</extensions>
			</trkpt>
			<trkpt lat="-6.446273" lon="-35.665750">
				<time>2025-10-26T13:01:02Z</time>
				<ele>-20000.000000</ele>
				<extensions>
					<ns3:TrackPointExtension>
						<ns3:hr>180</ns3:hr>
						<ns3:speed>3.424660</ns3:speed>
						<ns3:cad>81</ns3:cad>
					</ns3:TrackPointExtension>
				</extensions>
			</trkpt>
			<trkpt lat="-6.446308" lon="-35.665741">
				<time>2025-10-26T13:01:03Z</time>
				<ele>-20000.000000</ele>
				<extensions>
					<ns3:TrackPointExtension>
						<ns3:hr>180</ns3:hr>
						<ns3:speed>3.472220</ns3:speed>
						<ns3:cad>81</ns3:cad>
					</ns3:TrackPointExtension>
				</extensions>
			</trkpt>
			<trkpt lat="-6.446344" lon="-35.665734">
				<time>2025-10-26T13:01:04Z</time>
				<ele>-20000.000000</ele>
				<extensions>
					<ns3:TrackPointExtension>
						<ns3:hr>180</ns3:hr>
						<ns3:speed>3.571430</ns3:speed>
						<ns3:cad>81</ns3:cad>
					</ns3:TrackPointExtension>
				</extensions>
			</trkpt>
			<trkpt lat="-6.446378" lon="-35.665731">
				<time>2025-10-26T13:01:05Z</time>
				<ele>-20000.000000</ele>
				<extensions>
					<ns3:TrackPointExtension>
						<ns3:hr>181</ns3:hr>
						<ns3:speed>3.663000</ns3:speed>
						<ns3:cad>81</ns3:cad>
					</ns3:TrackPointExtension>
				</extensions>
			</trkpt>
			<trkpt lat="-6.446408" lon="-35.665736">
				<time>2025-10-26T13:01:06Z</time>
				<ele>-20000.000000</ele>
				<extensions>
					<ns3:TrackPointExtension>
						<ns3:hr>182</ns3:hr>
						<ns3:speed>3.703700</ns3:speed>
						<ns3:cad>81</ns3:cad>
					</ns3:TrackPointExtension>
				</extensions>
			</trkpt>
			<trkpt lat="-6.446435" lon="-35.665748">
				<time>2025-10-26T13:01:07Z</time>
				<ele>-20000.000000</ele>
				<extensions>
					<ns3:TrackPointExtension>
						<ns3:hr>182</ns3:hr>
						<ns3:speed>3.703700</ns3:speed>
						<ns3:cad>81</ns3:cad>
					</ns3:TrackPointExtension>
				</extensions>
			</trkpt>
			<trkpt lat="-6.446456" lon="-35.665767">
				<time>2025-10-26T13:01:08Z</time>
				<ele>-20000.000000</ele>
				<extensions>
					<ns3:TrackPointExtension>
						<ns3:hr>180</ns3:hr>
						<ns3:speed>3.690040</ns3:speed>
						<ns3:cad>81</ns3:cad>
					</ns3:TrackPointExtension>
				</extensions>
			</trkpt>
			<trkpt lat="-6.446473" lon="-35.665792">
				<time>2025-10-26T13:01:09Z</time>
				<ele>-20000.000000</ele>
				<extensions>
					<ns3:TrackPointExtension>
						<ns3:hr>180</ns3:hr>
						<ns3:speed>3.623190</ns3:speed>
						<ns3:cad>81</ns3:cad>
					</ns3:TrackPointExtension>
				</extensions>
			</trkpt>
			<trkpt lat="-6.446489" lon="-35.665819">
				<time>2025-10-26T13:01:10Z</time>
				<ele>-20000.000000</ele>
				<extensions>
					<ns3:TrackPointExtension>
						<ns3:hr>181</ns3:hr>
						<ns3:speed>3.521130</ns3:speed>
						<ns3:cad>81</ns3:cad>
					</ns3:TrackPointExtension>
				</extensions>
			</trkpt>
			<trkpt lat="-6.446506" lon="-35.665846">
				<time>2025-10-26T13:01:11Z</time>
				<ele>-20000.000000</ele>
				<extensions>
					<ns3:TrackPointExtension>
						<ns3:hr>182</ns3:hr>
						<ns3:speed>3.472220</ns3:speed>
						<ns3:cad>80</ns3:cad>
					</ns3:TrackPointExtension>
				</extensions>
			</trkpt>
			<trkpt lat="-6.446525" lon="-35.665875">
				<time>2025-10-26T13:01:12Z</time>
				<ele>-20000.000000</ele>
				<extensions>
					<ns3:TrackPointExtension>
						<ns3:hr>181</ns3:hr>
						<ns3:speed>3.472220</ns3:speed>
						<ns3:cad>80</ns3:cad>
					</ns3:TrackPointExtension>
				</extensions>
			</trkpt>
			<trkpt lat="-6.446545" lon="-35.665904">
				<time>2025-10-26T13:01:13Z</time>
				<ele>-20000.000000</ele>
				<extensions>
					<ns3:TrackPointExtension>
						<ns3:hr>181</ns3:hr>
						<ns3:speed>3.484320</ns3:speed>
						<ns3:cad>80</ns3:cad>
					</ns3:TrackPointExtension>
				</extensions>
			</trkpt>
			<trkpt lat="-6.446566" lon="-35.665933">
				<time>2025-10-26T13:01:14Z</time>
				<ele>-20000.000000</ele>
				<extensions>
					<ns3:TrackPointExtension>
						<ns3:hr>181</ns3:hr>
						<ns3:speed>3.533570</ns3:speed>
						<ns3:cad>80</ns3:cad>
					</ns3:TrackPointExtension>
				</extensions>
			</trkpt>
			<trkpt lat="-6.446587" lon="-35.665960">
				<time>2025-10-26T13:01:15Z</time>
				<ele>-20000.000000</ele>
				<extensions>
					<ns3:TrackPointExtension>
						<ns3:hr>181</ns3:hr>
						<ns3:speed>3.649640</ns3:speed>
						<ns3:cad>80</ns3:cad>
					</ns3:TrackPointExtension>
				</extensions>
			</trkpt>
			<trkpt lat="-6.446611" lon="-35.665988">
				<time>2025-10-26T13:01:16Z</time>
				<ele>-20000.000000</ele>
				<extensions>
					<ns3:TrackPointExtension>
						<ns3:hr>181</ns3:hr>
						<ns3:speed>3.717470</ns3:speed>
						<ns3:cad>81</ns3:cad>
					</ns3:TrackPointExtension>
				</extensions>
			</trkpt>
			<trkpt lat="-6.446638" lon="-35.666015">
				<time>2025-10-26T13:01:17Z</time>
				<ele>-20000.000000</ele>
				<extensions>
					<ns3:TrackPointExtension>
						<ns3:hr>181</ns3:hr>
						<ns3:speed>3.773580</ns3:speed>
						<ns3:cad>81</ns3:cad>
					</ns3:TrackPointExtension>
				</extensions>
			</trkpt>
			<trkpt lat="-6.446666" lon="-35.666042">
				<time>2025-10-26T13:01:18Z</time>
				<ele>-20000.000000</ele>
				<extensions>
					<ns3:TrackPointExtension>
						<ns3:hr>181</ns3:hr>
						<ns3:speed>3.831420</ns3:speed>
						<ns3:cad>81</ns3:cad>
					</ns3:TrackPointExtension>
				</extensions>
			</trkpt>
			<trkpt lat="-6.446694" lon="-35.666069">
				<time>2025-10-26T13:01:19Z</time>
				<ele>-20000.000000</ele>
				<extensions>
					<ns3:TrackPointExtension>
						<ns3:hr>181</ns3:hr>
						<ns3:speed>3.952570</ns3:speed>
						<ns3:cad>82</ns3:cad>
					</ns3:TrackPointExtension>
				</extensions>
			</trkpt>
			<trkpt lat="-6.446723" lon="-35.666095">
				<time>2025-10-26T13:01:20Z</time>
				<ele>-20000.000000</ele>
				<extensions>
					<ns3:TrackPointExtension>
						<ns3:hr>181</ns3:hr>
						<ns3:speed>4.081630</ns3:speed>
						<ns3:cad>83</ns3:cad>
					</ns3:TrackPointExtension>
				</extensions>
			</trkpt>
			<trkpt lat="-6.446753" lon="-35.666119">
				<time>2025-10-26T13:01:21Z</time>
				<ele>-20000.000000</ele>
				<extensions>
					<ns3:TrackPointExtension>
						<ns3:hr>180</ns3:hr>
						<ns3:speed>4.184100</ns3:speed>
						<ns3:cad>84</ns3:cad>
					</ns3:TrackPointExtension>
				</extensions>
			</trkpt>
			<trkpt lat="-6.446784" lon="-35.666142">
				<time>2025-10-26T13:01:22Z</time>
				<ele>-20000.000000</ele>
				<extensions>
					<ns3:TrackPointExtension>
						<ns3:hr>180</ns3:hr>
						<ns3:speed>4.237290</ns3:speed>
						<ns3:cad>85</ns3:cad>
					</ns3:TrackPointExtension>
				</extensions>
			</trkpt>
			<trkpt lat="-6.446813" lon="-35.666166">
				<time>2025-10-26T13:01:23Z</time>
				<ele>-20000.000000</ele>
				<extensions>
					<ns3:TrackPointExtension>
						<ns3:hr>180</ns3:hr>
						<ns3:speed>4.255320</ns3:speed>
						<ns3:cad>85</ns3:cad>
					</ns3:TrackPointExtension>
				</extensions>
			</trkpt>
			<trkpt lat="-6.446841" lon="-35.666189">
				<time>2025-10-26T13:01:24Z</time>
				<ele>-20000.000000</ele>
				<extensions>
					<ns3:TrackPointExtension>
						<ns3:hr>180</ns3:hr>
						<ns3:speed>4.255320</ns3:speed>
						<ns3:cad>86</ns3:cad>
					</ns3:TrackPointExtension>
				</extensions>
			</trkpt>
			<trkpt lat="-6.446869" lon="-35.666214">
				<time>2025-10-26T13:01:25Z</time>
				<ele>-20000.000000</ele>
				<extensions>
					<ns3:TrackPointExtension>
						<ns3:hr>181</ns3:hr>
						<ns3:speed>4.255320</ns3:speed>
						<ns3:cad>86</ns3:cad>
					</ns3:TrackPointExtension>
				</extensions>
			</trkpt>
			<trkpt lat="-6.446895" lon="-35.666239">
				<time>2025-10-26T13:01:26Z</time>
				<ele>-20000.000000</ele>
				<extensions>
					<ns3:TrackPointExtension>
						<ns3:hr>182</ns3:hr>
						<ns3:speed>4.219410</ns3:speed>
						<ns3:cad>86</ns3:cad>
					</ns3:TrackPointExtension>
				</extensions>
			</trkpt>
			<trkpt lat="-6.446922" lon="-35.666264">
				<time>2025-10-26T13:01:27Z</time>
				<ele>-20000.000000</ele>
				<extensions>
					<ns3:TrackPointExtension>
						<ns3:hr>184</ns3:hr>
						<ns3:speed>4.166670</ns3:speed>
						<ns3:cad>86</ns3:cad>
					</ns3:TrackPointExtension>
				</extensions>
			</trkpt>
			<trkpt lat="-6.446948" lon="-35.666289">
				<time>2025-10-26T13:01:28Z</time>
				<ele>-20000.000000</ele>
				<extensions>
					<ns3:TrackPointExtension>
						<ns3:hr>184</ns3:hr>
						<ns3:speed>4.132230</ns3:speed>
						<ns3:cad>86</ns3:cad>
					</ns3:TrackPointExtension>
				</extensions>
			</trkpt>
			<trkpt lat="-6.446974" lon="-35.666314">
				<time>2025-10-26T13:01:29Z</time>
				<ele>-20000.000000</ele>
				<extensions>
					<ns3:TrackPointExtension>
						<ns3:hr>184</ns3:hr>
						<ns3:speed>4.065040</ns3:speed>
						<ns3:cad>86</ns3:cad>
					</ns3:TrackPointExtension>
				</extensions>
			</trkpt>
			<trkpt lat="-6.447000" lon="-35.666339">
				<time>2025-10-26T13:01:30Z</time>
				<ele>-20000.000000</ele>
				<extensions>
					<ns3:TrackPointExtension>
						<ns3:hr>185</ns3:hr>
						<ns3:speed>4.016060</ns3:speed>
						<ns3:cad>87</ns3:cad>
					</ns3:TrackPointExtension>
				</extensions>
			</trkpt>
			<trkpt lat="-6.447025" lon="-35.666364">
				<time>2025-10-26T13:01:31Z</time>
				<ele>-20000.000000</ele>
				<extensions>
					<ns3:TrackPointExtension>
						<ns3:hr>185</ns3:hr>
						<ns3:speed>3.984060</ns3:speed>
						<ns3:cad>87</ns3:cad>
					</ns3:TrackPointExtension>
				</extensions>
			</trkpt>
			<trkpt lat="-6.447051" lon="-35.666389">
				<time>2025-10-26T13:01:32Z</time>
				<ele>-20000.000000</ele>
				<extensions>
					<ns3:TrackPointExtension>
						<ns3:hr>184</ns3:hr>
						<ns3:speed>3.984060</ns3:speed>
						<ns3:cad>87</ns3:cad>
					</ns3:TrackPointExtension>
				</extensions>
			</trkpt>
			<trkpt lat="-6.447077" lon="-35.666413">
				<time>2025-10-26T13:01:33Z</time>
				<ele>-20000.000000</ele>
				<extensions>
					<ns3:TrackPointExtension>
						<ns3:hr>184</ns3:hr>
						<ns3:speed>3.984060</ns3:speed>
						<ns3:cad>87</ns3:cad>
					</ns3:TrackPointExtension>
				</extensions>
			</trkpt>
			<trkpt lat="-6.447104" lon="-35.666436">
				<time>2025-10-26T13:01:34Z</time>
				<ele>-20000.000000</ele>
				<extensions>
					<ns3:TrackPointExtension>
						<ns3:hr>184</ns3:hr>
						<ns3:speed>3.968250</ns3:speed>
						<ns3:cad>87</ns3:cad>
					</ns3:TrackPointExtension>
				</extensions>
			</trkpt>
			<trkpt lat="-6.447130" lon="-35.666459">
				<time>2025-10-26T13:01:35Z</time>
				<ele>-20000.000000</ele>
				<extensions>
					<ns3:TrackPointExtension>
						<ns3:hr>184</ns3:hr>
						<ns3:speed>3.968250</ns3:speed>
						<ns3:cad>87</ns3:cad>
					</ns3:TrackPointExtension>
				</extensions>
			</trkpt>
			<trkpt lat="-6.447157" lon="-35.666481">
				<time>2025-10-26T13:01:36Z</time>
				<ele>-20000.000000</ele>
				<extensions>
					<ns3:TrackPointExtension>
						<ns3:hr>185</ns3:hr>
						<ns3:speed>3.937010</ns3:speed>
						<ns3:cad>86</ns3:cad>
					</ns3:TrackPointExtension>
				</extensions>
			</trkpt>
			<trkpt lat="-6.447183" lon="-35.666504">
				<time>2025-10-26T13:01:37Z</time>
				<ele>-20000.000000</ele>
				<extensions>
					<ns3:TrackPointExtension>
						<ns3:hr>185</ns3:hr>
						<ns3:speed>3.921570</ns3:speed>
						<ns3:cad>86</ns3:cad>
					</ns3:TrackPointExtension>
				</extensions>
			</trkpt>
			<trkpt lat="-6.447208" lon="-35.666527">
				<time>2025-10-26T13:01:38Z</time>
				<ele>-20000.000000</ele>
				<extensions>
					<ns3:TrackPointExtension>
						<ns3:hr>184</ns3:hr>
						<ns3:speed>3.906250</ns3:speed>
						<ns3:cad>86</ns3:cad>
					</ns3:TrackPointExtension>
				</extensions>
			</trkpt>
			<trkpt lat="-6.447233" lon="-35.666551">
				<time>2025-10-26T13:01:39Z</time>
				<ele>-20000.000000</ele>
				<extensions>
					<ns3:TrackPointExtension>
						<ns3:hr>184</ns3:hr>
						<ns3:speed>3.891050</ns3:speed>
						<ns3:cad>86</ns3:cad>
					</ns3:TrackPointExtension>
				</extensions>
			</trkpt>
			<trkpt lat="-6.447257" lon="-35.666576">
				<time>2025-10-26T13:01:40Z</time>
				<ele>-20000.000000</ele>
				<extensions>
					<ns3:TrackPointExtension>
						<ns3:hr>184</ns3:hr>
						<ns3:speed>3.891050</ns3:speed>
						<ns3:cad>86</ns3:cad>
					</ns3:TrackPointExtension>
				</extensions>
			</trkpt>
			<trkpt lat="-6.447280" lon="-35.666601">
				<time>2025-10-26T13:01:41Z</time>
				<ele>-20000.000000</ele>
				<extensions>
					<ns3:TrackPointExtension>
						<ns3:hr>185</ns3:hr>
						<ns3:speed>3.861000</ns3:speed>
						<ns3:cad>87</ns3:cad>
					</ns3:TrackPointExtension>
				</extensions>
			</trkpt>
			<trkpt lat="-6.447304" lon="-35.666627">
				<time>2025-10-26T13:01:42Z</time>
				<ele>-20000.000000</ele>
				<extensions>
					<ns3:TrackPointExtension>
						<ns3:hr>184</ns3:hr>
						<ns3:speed>3.861000</ns3:speed>
						<ns3:cad>87</ns3:cad>
					</ns3:TrackPointExtension>
				</extensions>
			</trkpt>
			<trkpt lat="-6.447327" lon="-35.666653">
				<time>2025-10-26T13:01:43Z</time>
				<ele>-20000.000000</ele>
				<extensions>
					<ns3:TrackPointExtension>
						<ns3:hr>184</ns3:hr>
						<ns3:speed>3.831420</ns3:speed>
						<ns3:cad>87</ns3:cad>
					</ns3:TrackPointExtension>
				</extensions>
			</trkpt>
			<trkpt lat="-6.447348" lon="-35.666681">
				<time>2025-10-26T13:01:44Z</time>
				<ele>-20000.000000</ele>
				<extensions>
					<ns3:TrackPointExtension>
						<ns3:hr>184</ns3:hr>
						<ns3:speed>3.816790</ns3:speed>
						<ns3:cad>86</ns3:cad>
					</ns3:TrackPointExtension>
				</extensions>
			</trkpt>
			<trkpt lat="-6.447366" lon="-35.666710">
				<time>2025-10-26T13:01:45Z</time>
				<ele>-20000.000000</ele>
				<extensions>
					<ns3:TrackPointExtension>
						<ns3:hr>184</ns3:hr>
						<ns3:speed>3.816790</ns3:speed>
						<ns3:cad>86</ns3:cad>
					</ns3:TrackPointExtension>
				</extensions>
			</trkpt>
			<trkpt lat="-6.447383" lon="-35.666740">
				<time>2025-10-26T13:01:46Z</time>
				<ele>-20000.000000</ele>
				<extensions>
					<ns3:TrackPointExtension>
						<ns3:hr>185</ns3:hr>
						<ns3:speed>3.816790</ns3:speed>
						<ns3:cad>86</ns3:cad>
					</ns3:TrackPointExtension>
				</extensions>
			</trkpt>
			<trkpt lat="-6.447400" lon="-35.666772">
				<time>2025-10-26T13:01:47Z</time>
				<ele>-20000.000000</ele>
				<extensions>
					<ns3:TrackPointExtension>
						<ns3:hr>185</ns3:hr>
						<ns3:speed>3.816790</ns3:speed>
						<ns3:cad>86</ns3:cad>
					</ns3:TrackPointExtension>
				</extensions>
			</trkpt>
			<trkpt lat="-6.447416" lon="-35.666804">
				<time>2025-10-26T13:01:48Z</time>
				<ele>-20000.000000</ele>
				<extensions>
					<ns3:TrackPointExtension>
						<ns3:hr>185</ns3:hr>
						<ns3:speed>3.816790</ns3:speed>
						<ns3:cad>86</ns3:cad>
					</ns3:TrackPointExtension>
				</extensions>
			</trkpt>
			<trkpt lat="-6.447431" lon="-35.666837">
				<time>2025-10-26T13:01:50Z</time>
				<ele>-20000.000000</ele>
				<extensions>
					<ns3:TrackPointExtension>
						<ns3:hr>185</ns3:hr>
						<ns3:speed>3.816790</ns3:speed>
						<ns3:cad>86</ns3:cad>
					</ns3:TrackPointExtension>
				</extensions>
			</trkpt>
			<trkpt lat="-6.447444" lon="-35.666870">
				<time>2025-10-26T13:01:50Z</time>
				<ele>-20000.000000</ele>
				<extensions>
					<ns3:TrackPointExtension>
						<ns3:hr>185</ns3:hr>
						<ns3:speed>3.816790</ns3:speed>
						<ns3:cad>86</ns3:cad>
					</ns3:TrackPointExtension>
				</extensions>
			</trkpt>
			<trkpt lat="-6.447457" lon="-35.666902">
				<time>2025-10-26T13:01:52Z</time>
				<ele>-20000.000000</ele>
				<extensions>
					<ns3:TrackPointExtension>
						<ns3:hr>185</ns3:hr>
						<ns3:speed>3.831420</ns3:speed>
						<ns3:cad>86</ns3:cad>
					</ns3:TrackPointExtension>
				</extensions>
			</trkpt>
			<trkpt lat="-6.447468" lon="-35.666935">
				<time>2025-10-26T13:01:52Z</time>
				<ele>-20000.000000</ele>
				<extensions>
					<ns3:TrackPointExtension>
						<ns3:hr>185</ns3:hr>
						<ns3:speed>3.831420</ns3:speed>
						<ns3:cad>86</ns3:cad>
					</ns3:TrackPointExtension>
				</extensions>
			</trkpt>
			<trkpt lat="-6.447479" lon="-35.666966">
				<time>2025-10-26T13:01:54Z</time>
				<ele>-20000.000000</ele>
				<extensions>
					<ns3:TrackPointExtension>
						<ns3:hr>185</ns3:hr>
						<ns3:speed>3.831420</ns3:speed>
						<ns3:cad>85</ns3:cad>
					</ns3:TrackPointExtension>
				</extensions>
			</trkpt>
			<trkpt lat="-6.447490" lon="-35.666995">
				<time>2025-10-26T13:01:55Z</time>
				<ele>-20000.000000</ele>
				<extensions>
					<ns3:TrackPointExtension>
						<ns3:hr>186</ns3:hr>
						<ns3:speed>3.831420</ns3:speed>
						<ns3:cad>85</ns3:cad>
					</ns3:TrackPointExtension>
				</extensions>
			</trkpt>
			<trkpt lat="-6.447501" lon="-35.667024">
				<time>2025-10-26T13:01:56Z</time>
				<ele>-20000.000000</ele>
				<extensions>
					<ns3:TrackPointExtension>
						<ns3:hr>186</ns3:hr>
						<ns3:speed>3.831420</ns3:speed>
						<ns3:cad>85</ns3:cad>
					</ns3:TrackPointExtension>
				</extensions>
			</trkpt>
			<trkpt lat="-6.447511" lon="-35.667050">
				<time>2025-10-26T13:01:57Z</time>
				<ele>-20000.000000</ele>
				<extensions>
					<ns3:TrackPointExtension>
						<ns3:hr>186</ns3:hr>
						<ns3:speed>3.816790</ns3:speed>
						<ns3:cad>84</ns3:cad>
					</ns3:TrackPointExtension>
				</extensions>
			</trkpt>
			<trkpt lat="-6.447520" lon="-35.667076">
				<time>2025-10-26T13:01:58Z</time>
				<ele>-20000.000000</ele>
				<extensions>
					<ns3:TrackPointExtension>
						<ns3:hr>187</ns3:hr>
						<ns3:speed>3.802280</ns3:speed>
						<ns3:cad>84</ns3:cad>
					</ns3:TrackPointExtension>
				</extensions>
			</trkpt>
			<trkpt lat="-6.447530" lon="-35.667100">
				<time>2025-10-26T13:01:58Z</time>
				<ele>-20000.000000</ele>
				<extensions>
					<ns3:TrackPointExtension>
						<ns3:hr>187</ns3:hr>
						<ns3:speed>3.802280</ns3:speed>
						<ns3:cad>84</ns3:cad>
					</ns3:TrackPointExtension>
				</extensions>
			</trkpt>
			<trkpt lat="-6.447542" lon="-35.667122">
				<time>2025-10-26T13:01:59Z</time>
				<ele>-20000.000000</ele>
				<extensions>
					<ns3:TrackPointExtension>
						<ns3:hr>186</ns3:hr>
						<ns3:speed>3.584230</ns3:speed>
						<ns3:cad>83</ns3:cad>
					</ns3:TrackPointExtension>
				</extensions>
			</trkpt>
			<trkpt lat="-6.447554" lon="-35.667141">
				<time>2025-10-26T13:02:00Z</time>
				<ele>-20000.000000</ele>
				<extensions>
					<ns3:TrackPointExtension>
						<ns3:hr>186</ns3:hr>
						<ns3:speed>3.311260</ns3:speed>
						<ns3:cad>83</ns3:cad>
					</ns3:TrackPointExtension>
				</extensions>
			</trkpt>
			<trkpt lat="-6.447563" lon="-35.667161">
				<time>2025-10-26T13:02:01Z</time>
				<ele>-20000.000000</ele>
				<extensions>
					<ns3:TrackPointExtension>
						<ns3:hr>186</ns3:hr>
						<ns3:speed>3.215430</ns3:speed>
						<ns3:cad>83</ns3:cad>
					</ns3:TrackPointExtension>
				</extensions>
			</trkpt>
			<trkpt lat="-6.447571" lon="-35.667181">
				<time>2025-10-26T13:02:02Z</time>
				<ele>-20000.000000</ele>
				<extensions>
					<ns3:TrackPointExtension>
						<ns3:hr>185</ns3:hr>
						<ns3:speed>3.134800</ns3:speed>
						<ns3:cad>83</ns3:cad>
					</ns3:TrackPointExtension>
				</extensions>
			</trkpt>
			<trkpt lat="-6.447579" lon="-35.667201">
				<time>2025-10-26T13:02:03Z</time>
				<ele>-20000.000000</ele>
				<extensions>
					<ns3:TrackPointExtension>
						<ns3:hr>185</ns3:hr>
						<ns3:speed>3.003000</ns3:speed>
						<ns3:cad>83</ns3:cad>
					</ns3:TrackPointExtension>
				</extensions>
			</trkpt>
			<trkpt lat="-6.447588" lon="-35.667222">
				<time>2025-10-26T13:02:04Z</time>
				<ele>-20000.000000</ele>
				<extensions>
					<ns3:TrackPointExtension>
						<ns3:hr>186</ns3:hr>
						<ns3:speed>2.816900</ns3:speed>
						<ns3:cad>83</ns3:cad>
					</ns3:TrackPointExtension>
				</extensions>
			</trkpt>
			<trkpt lat="-6.447599" lon="-35.667243">
				<time>2025-10-26T13:02:05Z</time>
				<ele>-20000.000000</ele>
				<extensions>
					<ns3:TrackPointExtension>
						<ns3:hr>186</ns3:hr>
						<ns3:speed>2.673800</ns3:speed>
						<ns3:cad>83</ns3:cad>
					</ns3:TrackPointExtension>
				</extensions>
			</trkpt>
			<trkpt lat="-6.447609" lon="-35.667264">
				<time>2025-10-26T13:02:06Z</time>
				<ele>-20000.000000</ele>
				<extensions>
					<ns3:TrackPointExtension>
						<ns3:hr>186</ns3:hr>
						<ns3:speed>2.617800</ns3:speed>
						<ns3:cad>82</ns3:cad>
					</ns3:TrackPointExtension>
				</extensions>
			</trkpt>
			<trkpt lat="-6.447618" lon="-35.667286">
				<time>2025-10-26T13:02:07Z</time>
				<ele>-20000.000000</ele>
				<extensions>
					<ns3:TrackPointExtension>
						<ns3:hr>186</ns3:hr>
						<ns3:speed>2.617800</ns3:speed>
						<ns3:cad>82</ns3:cad>
					</ns3:TrackPointExtension>
				</extensions>
			</trkpt>
			<trkpt lat="-6.447626" lon="-35.667308">
				<time>2025-10-26T13:02:08Z</time>
				<ele>-20000.000000</ele>
				<extensions>
					<ns3:TrackPointExtension>
						<ns3:hr>185</ns3:hr>
						<ns3:speed>2.590670</ns3:speed>
						<ns3:cad>82</ns3:cad>
					</ns3:TrackPointExtension>
				</extensions>
			</trkpt>
			<trkpt lat="-6.447634" lon="-35.667331">
				<time>2025-10-26T13:02:09Z</time>
				<ele>-20000.000000</ele>
				<extensions>
					<ns3:TrackPointExtension>
						<ns3:hr>185</ns3:hr>
						<ns3:speed>2.564100</ns3:speed>
						<ns3:cad>82</ns3:cad>
					</ns3:TrackPointExtension>
				</extensions>
			</trkpt>
			<trkpt lat="-6.447641" lon="-35.667354">
				<time>2025-10-26T13:02:10Z</time>
				<ele>-20000.000000</ele>
				<extensions>
					<ns3:TrackPointExtension>
						<ns3:hr>185</ns3:hr>
						<ns3:speed>2.564100</ns3:speed>
						<ns3:cad>82</ns3:cad>
					</ns3:TrackPointExtension>
				</extensions>
			</trkpt>
			<trkpt lat="-6.447648" lon="-35.667378">
				<time>2025-10-26T13:02:11Z</time>
				<ele>-20000.000000</ele>
				<extensions>
					<ns3:TrackPointExtension>
						<ns3:hr>185</ns3:hr>
						<ns3:speed>2.577320</ns3:speed>
						<ns3:cad>82</ns3:cad>
					</ns3:TrackPointExtension>
				</extensions>
			</trkpt>
			<trkpt lat="-6.447656" lon="-35.667402">
				<time>2025-10-26T13:02:12Z</time>
				<ele>-20000.000000</ele>
				<extensions>
					<ns3:TrackPointExtension>
						<ns3:hr>185</ns3:hr>
						<ns3:speed>2.604170</ns3:speed>
						<ns3:cad>82</ns3:cad>
					</ns3:TrackPointExtension>
				</extensions>
			</trkpt>
			<trkpt lat="-6.447665" lon="-35.667427">
				<time>2025-10-26T13:02:13Z</time>
				<ele>-20000.000000</ele>
				<extensions>
					<ns3:TrackPointExtension>
						<ns3:hr>185</ns3:hr>
						<ns3:speed>2.617800</ns3:speed>
						<ns3:cad>82</ns3:cad>
					</ns3:TrackPointExtension>
				</extensions>
			</trkpt>
			<trkpt lat="-6.447673" lon="-35.667453">
				<time>2025-10-26T13:02:14Z</time>
				<ele>-20000.000000</ele>
				<extensions>
					<ns3:TrackPointExtension>
						<ns3:hr>186</ns3:hr>
						<ns3:speed>2.638520</ns3:speed>
						<ns3:cad>82</ns3:cad>
					</ns3:TrackPointExtension>
				</extensions>
			</trkpt>
			<trkpt lat="-6.447680" lon="-35.667478">
				<time>2025-10-26T13:02:15Z</time>
				<ele>-20000.000000</ele>
				<extensions>
					<ns3:TrackPointExtension>
						<ns3:hr>187</ns3:hr>
						<ns3:speed>2.695420</ns3:speed>
						<ns3:cad>82</ns3:cad>
					</ns3:TrackPointExtension>
				</extensions>
			</trkpt>
			<trkpt lat="-6.447688" lon="-35.667502">
				<time>2025-10-26T13:02:16Z</time>
				<ele>-20000.000000</ele>
				<extensions>
					<ns3:TrackPointExtension>
						<ns3:hr>187</ns3:hr>
						<ns3:speed>2.754820</ns3:speed>
						<ns3:cad>82</ns3:cad>
					</ns3:TrackPointExtension>
				</extensions>
			</trkpt>
			<trkpt lat="-6.447694" lon="-35.667527">
				<time>2025-10-26T13:02:17Z</time>
				<ele>-20000.000000</ele>
				<extensions>
					<ns3:TrackPointExtension>
						<ns3:hr>186</ns3:hr>
						<ns3:speed>2.785520</ns3:speed>
						<ns3:cad>82</ns3:cad>
					</ns3:TrackPointExtension>
				</extensions>
			</trkpt>
			<trkpt lat="-6.447700" lon="-35.667551">
				<time>2025-10-26T13:02:18Z</time>
				<ele>-20000.000000</ele>
				<extensions>
					<ns3:TrackPointExtension>
						<ns3:hr>185</ns3:hr>
						<ns3:speed>2.808990</ns3:speed>
						<ns3:cad>82</ns3:cad>
					</ns3:TrackPointExtension>
				</extensions>
			</trkpt>
			<trkpt lat="-6.447708" lon="-35.667573">
				<time>2025-10-26T13:02:19Z</time>
				<ele>-20000.000000</ele>
				<extensions>
					<ns3:TrackPointExtension>
						<ns3:hr>184</ns3:hr>
						<ns3:speed>2.832860</ns3:speed>
						<ns3:cad>82</ns3:cad>
					</ns3:TrackPointExtension>
				</extensions>
			</trkpt>
			<trkpt lat="-6.447715" lon="-35.667594">
				<time>2025-10-26T13:02:20Z</time>
				<ele>-20000.000000</ele>
				<extensions>
					<ns3:TrackPointExtension>
						<ns3:hr>184</ns3:hr>
						<ns3:speed>2.832860</ns3:speed>
						<ns3:cad>81</ns3:cad>
					</ns3:TrackPointExtension>
				</extensions>
			</trkpt>
			<trkpt lat="-6.447721" lon="-35.667614">
				<time>2025-10-26T13:02:21Z</time>
				<ele>-20000.000000</ele>
				<extensions>
					<ns3:TrackPointExtension>
						<ns3:hr>183</ns3:hr>
						<ns3:speed>2.832860</ns3:speed>
						<ns3:cad>81</ns3:cad>
					</ns3:TrackPointExtension>
				</extensions>
			</trkpt>
			<trkpt lat="-6.447729" lon="-35.667635">
				<time>2025-10-26T13:02:23Z</time>
				<ele>-20000.000000</ele>
				<extensions>
					<ns3:TrackPointExtension>
						<ns3:hr>183</ns3:hr>
						<ns3:speed>2.702700</ns3:speed>
						<ns3:cad>81</ns3:cad>
					</ns3:TrackPointExtension>
				</extensions>
			</trkpt>
			<trkpt lat="-6.447738" lon="-35.667658">
				<time>2025-10-26T13:02:24Z</time>
				<ele>-20000.000000</ele>
				<extensions>
					<ns3:TrackPointExtension>
						<ns3:hr>184</ns3:hr>
						<ns3:speed>2.631580</ns3:speed>
						<ns3:cad>81</ns3:cad>
					</ns3:TrackPointExtension>
				</extensions>
			</trkpt>
			<trkpt lat="-6.447747" lon="-35.667681">
				<time>2025-10-26T13:02:25Z</time>
				<ele>-20000.000000</ele>
				<extensions>
					<ns3:TrackPointExtension>
						<ns3:hr>185</ns3:hr>
						<ns3:speed>2.597400</ns3:speed>
						<ns3:cad>81</ns3:cad>
					</ns3:TrackPointExtension>
				</extensions>
			</trkpt>
			<trkpt lat="-6.447757" lon="-35.667706">
				<time>2025-10-26T13:02:26Z</time>
				<ele>-20000.000000</ele>
				<extensions>
					<ns3:TrackPointExtension>
						<ns3:hr>184</ns3:hr>
						<ns3:speed>2.597400</ns3:speed>
						<ns3:cad>81</ns3:cad>
					</ns3:TrackPointExtension>
				</extensions>
			</trkpt>
			<trkpt lat="-6.447766" lon="-35.667732">
				<time>2025-10-26T13:02:27Z</time>
				<ele>-20000.000000</ele>
				<extensions>
					<ns3:TrackPointExtension>
						<ns3:hr>184</ns3:hr>
						<ns3:speed>2.610970</ns3:speed>
						<ns3:cad>82</ns3:cad>
					</ns3:TrackPointExtension>
				</extensions>
			</trkpt>
			<trkpt lat="-6.447776" lon="-35.667758">
				<time>2025-10-26T13:02:27Z</time>
				<ele>-20000.000000</ele>
				<extensions>
					<ns3:TrackPointExtension>
						<ns3:hr>184</ns3:hr>
						<ns3:speed>2.610970</ns3:speed>
						<ns3:cad>82</ns3:cad>
					</ns3:TrackPointExtension>
				</extensions>
			</trkpt>
			<trkpt lat="-6.447787" lon="-35.667784">
				<time>2025-10-26T13:02:29Z</time>
				<ele>-20000.000000</ele>
				<extensions>
					<ns3:TrackPointExtension>
						<ns3:hr>184</ns3:hr>
						<ns3:speed>2.770080</ns3:speed>
						<ns3:cad>82</ns3:cad>
					</ns3:TrackPointExtension>
				</extensions>
			</trkpt>
			<trkpt lat="-6.447795" lon="-35.667808">
				<time>2025-10-26T13:02:30Z</time>
				<ele>-20000.000000</ele>
				<extensions>
					<ns3:TrackPointExtension>
						<ns3:hr>184</ns3:hr>
						<ns3:speed>2.865330</ns3:speed>
						<ns3:cad>81</ns3:cad>
					</ns3:TrackPointExtension>
				</extensions>
			</trkpt>
			<trkpt lat="-6.447803" lon="-35.667832">
				<time>2025-10-26T13:02:31Z</time>
				<ele>-20000.000000</ele>
				<extensions>
					<ns3:TrackPointExtension>
						<ns3:hr>185</ns3:hr>
						<ns3:speed>2.906980</ns3:speed>
						<ns3:cad>81</ns3:cad>
					</ns3:TrackPointExtension>
				</extensions>
			</trkpt>
			<trkpt lat="-6.447811" lon="-35.667855">
				<time>2025-10-26T13:02:32Z</time>
				<ele>-20000.000000</ele>
				<extensions>
					<ns3:TrackPointExtension>
						<ns3:hr>185</ns3:hr>
						<ns3:speed>2.906980</ns3:speed>
						<ns3:cad>81</ns3:cad>
					</ns3:TrackPointExtension>
				</extensions>
			</trkpt>
			<trkpt lat="-6.447820" lon="-35.667879">
				<time>2025-10-26T13:02:33Z</time>
				<ele>-20000.000000</ele>
				<extensions>
					<ns3:TrackPointExtension>
						<ns3:hr>185</ns3:hr>
						<ns3:speed>2.915450</ns3:speed>
						<ns3:cad>81</ns3:cad>
					</ns3:TrackPointExtension>
				</extensions>
			</trkpt>
			<trkpt lat="-6.447828" lon="-35.667901">
				<time>2025-10-26T13:02:33Z</time>
				<ele>-20000.000000</ele>
				<extensions>
					<ns3:TrackPointExtension>
						<ns3:hr>185</ns3:hr>
						<ns3:speed>2.915450</ns3:speed>
						<ns3:cad>81</ns3:cad>
					</ns3:TrackPointExtension>
				</extensions>
			</trkpt>
			<trkpt lat="-6.447837" lon="-35.667923">
				<time>2025-10-26T13:02:35Z</time>
				<ele>-20000.000000</ele>
				<extensions>
					<ns3:TrackPointExtension>
						<ns3:hr>185</ns3:hr>
						<ns3:speed>2.881840</ns3:speed>
						<ns3:cad>81</ns3:cad>
					</ns3:TrackPointExtension>
				</extensions>
			</trkpt>
			<trkpt lat="-6.447845" lon="-35.667945">
				<time>2025-10-26T13:02:36Z</time>
				<ele>-20000.000000</ele>
				<extensions>
					<ns3:TrackPointExtension>
						<ns3:hr>185</ns3:hr>
						<ns3:speed>2.857140</ns3:speed>
						<ns3:cad>81</ns3:cad>
					</ns3:TrackPointExtension>
				</extensions>
			</trkpt>
			<trkpt lat="-6.447853" lon="-35.667966">
				<time>2025-10-26T13:02:37Z</time>
				<ele>-20000.000000</ele>
				<extensions>
					<ns3:TrackPointExtension>
						<ns3:hr>186</ns3:hr>
						<ns3:speed>2.840910</ns3:speed>
						<ns3:cad>81</ns3:cad>
					</ns3:TrackPointExtension>
				</extensions>
			</trkpt>
			<trkpt lat="-6.447860" lon="-35.667986">
				<time>2025-10-26T13:02:38Z</time>
				<ele>-20000.000000</ele>
				<extensions>
					<ns3:TrackPointExtension>
						<ns3:hr>186</ns3:hr>
						<ns3:speed>2.777780</ns3:speed>
						<ns3:cad>81</ns3:cad>
					</ns3:TrackPointExtension>
				</extensions>
			</trkpt>
			<trkpt lat="-6.447867" lon="-35.668006">
				<time>2025-10-26T13:02:38Z</time>
				<ele>-20000.000000</ele>
				<extensions>
					<ns3:TrackPointExtension>
						<ns3:hr>186</ns3:hr>
						<ns3:speed>2.777780</ns3:speed>
						<ns3:cad>81</ns3:cad>
					</ns3:TrackPointExtension>
				</extensions>
			</trkpt>
			<trkpt lat="-6.447871" lon="-35.668028">
				<time>2025-10-26T13:02:39Z</time>
				<ele>-20000.000000</ele>
				<extensions>
					<ns3:TrackPointExtension>
						<ns3:hr>185</ns3:hr>
						<ns3:speed>2.702700</ns3:speed>
						<ns3:cad>81</ns3:cad>
					</ns3:TrackPointExtension>
				</extensions>
			</trkpt>
			<trkpt lat="-6.447876" lon="-35.668052">
				<time>2025-10-26T13:02:41Z</time>
				<ele>-20000.000000</ele>
				<extensions>
					<ns3:TrackPointExtension>
						<ns3:hr>187</ns3:hr>
						<ns3:speed>2.617800</ns3:speed>
						<ns3:cad>81</ns3:cad>
					</ns3:TrackPointExtension>
				</extensions>
			</trkpt>
			<trkpt lat="-6.447879" lon="-35.668078">
				<time>2025-10-26T13:02:42Z</time>
				<ele>-20000.000000</ele>
				<extensions>
					<ns3:TrackPointExtension>
						<ns3:hr>187</ns3:hr>
						<ns3:speed>2.617800</ns3:speed>
						<ns3:cad>81</ns3:cad>
					</ns3:TrackPointExtension>
				</extensions>
			</trkpt>
			<trkpt lat="-6.447881" lon="-35.668105">
				<time>2025-10-26T13:02:43Z</time>
				<ele>-20000.000000</ele>
				<extensions>
					<ns3:TrackPointExtension>
						<ns3:hr>187</ns3:hr>
						<ns3:speed>2.624670</ns3:speed>
						<ns3:cad>81</ns3:cad>
					</ns3:TrackPointExtension>
				</extensions>
			</trkpt>
			<trkpt lat="-6.447883" lon="-35.668132">
				<time>2025-10-26T13:02:44Z</time>
				<ele>-20000.000000</ele>
				<extensions>
					<ns3:TrackPointExtension>
						<ns3:hr>186</ns3:hr>
						<ns3:speed>2.652520</ns3:speed>
						<ns3:cad>81</ns3:cad>
					</ns3:TrackPointExtension>
				</extensions>
			</trkpt>
			<trkpt lat="-6.447885" lon="-35.668159">
				<time>2025-10-26T13:02:45Z</time>
				<ele>-20000.000000</ele>
				<extensions>
					<ns3:TrackPointExtension>
						<ns3:hr>187</ns3:hr>
						<ns3:speed>2.717390</ns3:speed>
						<ns3:cad>80</ns3:cad>
					</ns3:TrackPointExtension>
				</extensions>
			</trkpt>
			<trkpt lat="-6.447886" lon="-35.668187">
				<time>2025-10-26T13:02:45Z</time>
				<ele>-20000.000000</ele>
				<extensions>
					<ns3:TrackPointExtension>
						<ns3:hr>187</ns3:hr>
						<ns3:speed>2.717390</ns3:speed>
						<ns3:cad>80</ns3:cad>
					</ns3:TrackPointExtension>
				</extensions>
			</trkpt>
			<trkpt lat="-6.447890" lon="-35.668213">
				<time>2025-10-26T13:02:47Z</time>
				<ele>-20000.000000</ele>
				<extensions>
					<ns3:TrackPointExtension>
						<ns3:hr>187</ns3:hr>
						<ns3:speed>2.865330</ns3:speed>
						<ns3:cad>80</ns3:cad>
					</ns3:TrackPointExtension>
				</extensions>
			</trkpt>
			<trkpt lat="-6.447897" lon="-35.668238">
				<time>2025-10-26T13:02:47Z</time>
				<ele>-20000.000000</ele>
				<extensions>
					<ns3:TrackPointExtension>
						<ns3:hr>187</ns3:hr>
						<ns3:speed>2.865330</ns3:speed>
						<ns3:cad>80</ns3:cad>
					</ns3:TrackPointExtension>
				</extensions>
			</trkpt>
			<trkpt lat="-6.447905" lon="-35.668264">
				<time>2025-10-26T13:02:49Z</time>
				<ele>-20000.000000</ele>
				<extensions>
					<ns3:TrackPointExtension>
						<ns3:hr>188</ns3:hr>
						<ns3:speed>2.898550</ns3:speed>
						<ns3:cad>80</ns3:cad>
					</ns3:TrackPointExtension>
				</extensions>
			</trkpt>
			<trkpt lat="-6.447913" lon="-35.668291">
				<time>2025-10-26T13:02:50Z</time>
				<ele>-20000.000000</ele>
				<extensions>
					<ns3:TrackPointExtension>
						<ns3:hr>189</ns3:hr>
						<ns3:speed>2.915450</ns3:speed>
						<ns3:cad>81</ns3:cad>
					</ns3:TrackPointExtension>
				</extensions>
			</trkpt>
			<trkpt lat="-6.447921" lon="-35.668317">
				<time>2025-10-26T13:02:50Z</time>
				<ele>-20000.000000</ele>
				<extensions>
					<ns3:TrackPointExtension>
						<ns3:hr>189</ns3:hr>
						<ns3:speed>2.915450</ns3:speed>
						<ns3:cad>81</ns3:cad>
					</ns3:TrackPointExtension>
				</extensions>
			</trkpt>
			<trkpt lat="-6.447930" lon="-35.668342">
				<time>2025-10-26T13:02:52Z</time>
				<ele>-20000.000000</ele>
				<extensions>
					<ns3:TrackPointExtension>
						<ns3:hr>188</ns3:hr>
						<ns3:speed>2.949850</ns3:speed>
						<ns3:cad>81</ns3:cad>
					</ns3:TrackPointExtension>
				</extensions>
			</trkpt>
			<trkpt lat="-6.447942" lon="-35.668365">
				<time>2025-10-26T13:02:53Z</time>
				<ele>-20000.000000</ele>
				<extensions>
					<ns3:TrackPointExtension>
						<ns3:hr>189</ns3:hr>
						<ns3:speed>2.932550</ns3:speed>
						<ns3:cad>81</ns3:cad>
					</ns3:TrackPointExtension>
				</extensions>
			</trkpt>
			<trkpt lat="-6.447952" lon="-35.668390">
				<time>2025-10-26T13:02:54Z</time>
				<ele>-20000.000000</ele>
				<extensions>
					<ns3:TrackPointExtension>
						<ns3:hr>190</ns3:hr>
						<ns3:speed>2.923980</ns3:speed>
						<ns3:cad>81</ns3:cad>
					</ns3:TrackPointExtension>
				</extensions>
			</trkpt>
			<trkpt lat="-6.447961" lon="-35.668414">
				<time>2025-10-26T13:02:55Z</time>
				<ele>-20000.000000</ele>
				<extensions>
					<ns3:TrackPointExtension>
						<ns3:hr>189</ns3:hr>
						<ns3:speed>2.906980</ns3:speed>
						<ns3:cad>81</ns3:cad>
					</ns3:TrackPointExtension>
				</extensions>
			</trkpt>
			<trkpt lat="-6.447969" lon="-35.668439">
				<time>2025-10-26T13:02:56Z</time>
				<ele>-20000.000000</ele>
				<extensions>
					<ns3:TrackPointExtension>
						<ns3:hr>188</ns3:hr>
						<ns3:speed>2.873560</ns3:speed>
						<ns3:cad>81</ns3:cad>
					</ns3:TrackPointExtension>
				</extensions>
			</trkpt>
			<trkpt lat="-6.447977" lon="-35.668464">
				<time>2025-10-26T13:02:57Z</time>
				<ele>-20000.000000</ele>
				<extensions>
					<ns3:TrackPointExtension>
						<ns3:hr>186</ns3:hr>
						<ns3:speed>2.857140</ns3:speed>
						<ns3:cad>81</ns3:cad>
					</ns3:TrackPointExtension>
				</extensions>
			</trkpt>
			<trkpt lat="-6.447984" lon="-35.668489">
				<time>2025-10-26T13:02:57Z</time>
				<ele>-20000.000000</ele>
				<extensions>
					<ns3:TrackPointExtension>
						<ns3:hr>186</ns3:hr>
						<ns3:speed>2.857140</ns3:speed>
						<ns3:cad>81</ns3:cad>
					</ns3:TrackPointExtension>
				</extensions>
			</trkpt>
			<trkpt lat="-6.447991" lon="-35.668513">
				<time>2025-10-26T13:02:59Z</time>
				<ele>-20000.000000</ele>
				<extensions>
					<ns3:TrackPointExtension>
						<ns3:hr>188</ns3:hr>
						<ns3:speed>2.849000</ns3:speed>
						<ns3:cad>81</ns3:cad>
					</ns3:TrackPointExtension>
				</extensions>
			</trkpt>
			<trkpt lat="-6.447999" lon="-35.668538">
				<time>2025-10-26T13:02:59Z</time>
				<ele>-20000.000000</ele>
				<extensions>
					<ns3:TrackPointExtension>
						<ns3:hr>188</ns3:hr>
						<ns3:speed>2.849000</ns3:speed>
						<ns3:cad>81</ns3:cad>
					</ns3:TrackPointExtension>
				</extensions>
			</trkpt>
			<trkpt lat="-6.448008" lon="-35.668564">
				<time>2025-10-26T13:03:00Z</time>
				<ele>-20000.000000</ele>
				<extensions>
					<ns3:TrackPointExtension>
						<ns3:hr>189</ns3:hr>
						<ns3:speed>2.849000</ns3:speed>
						<ns3:cad>81</ns3:cad>
					</ns3:TrackPointExtension>
				</extensions>
			</trkpt>
			<trkpt lat="-6.448019" lon="-35.668589">
				<time>2025-10-26T13:03:01Z</time>
				<ele>-20000.000000</ele>
				<extensions>
					<ns3:TrackPointExtension>
						<ns3:hr>189</ns3:hr>
						<ns3:speed>2.857140</ns3:speed>
						<ns3:cad>81</ns3:cad>
					</ns3:TrackPointExtension>
				</extensions>
			</trkpt>
			<trkpt lat="-6.448030" lon="-35.668616">
				<time>2025-10-26T13:03:02Z</time>
				<ele>-20000.000000</ele>
				<extensions>
					<ns3:TrackPointExtension>
						<ns3:hr>188</ns3:hr>
						<ns3:speed>2.857140</ns3:speed>
						<ns3:cad>81</ns3:cad>
					</ns3:TrackPointExtension>
				</extensions>
			</trkpt>
			<trkpt lat="-6.448040" lon="-35.668643">
				<time>2025-10-26T13:03:04Z</time>
				<ele>-20000.000000</ele>
				<extensions>
					<ns3:TrackPointExtension>
						<ns3:hr>187</ns3:hr>
						<ns3:speed>2.906980</ns3:speed>
						<ns3:cad>82</ns3:cad>
					</ns3:TrackPointExtension>
				</extensions>
			</trkpt>
			<trkpt lat="-6.448051" lon="-35.668670">
				<time>2025-10-26T13:03:05Z</time>
				<ele>-20000.000000</ele>
				<extensions>
					<ns3:TrackPointExtension>
						<ns3:hr>186</ns3:hr>
						<ns3:speed>2.958580</ns3:speed>
						<ns3:cad>82</ns3:cad>
					</ns3:TrackPointExtension>
				</extensions>
			</trkpt>
			<trkpt lat="-6.448060" lon="-35.668697">
				<time>2025-10-26T13:03:06Z</time>
				<ele>-20000.000000</ele>
				<extensions>
					<ns3:TrackPointExtension>
						<ns3:hr>185</ns3:hr>
						<ns3:speed>3.012050</ns3:speed>
						<ns3:cad>82</ns3:cad>
					</ns3:TrackPointExtension>
				</extensions>
			</trkpt>
			<trkpt lat="-6.448069" lon="-35.668723">
				<time>2025-10-26T13:03:06Z</time>
				<ele>-20000.000000</ele>
				<extensions>
					<ns3:TrackPointExtension>
						<ns3:hr>185</ns3:hr>
						<ns3:speed>3.012050</ns3:speed>
						<ns3:cad>82</ns3:cad>
					</ns3:TrackPointExtension>
				</extensions>
			</trkpt>
			<trkpt lat="-6.448078" lon="-35.668748">
				<time>2025-10-26T13:03:08Z</time>
				<ele>-20000.000000</ele>
				<extensions>
					<ns3:TrackPointExtension>
						<ns3:hr>186</ns3:hr>
						<ns3:speed>3.039510</ns3:speed>
						<ns3:cad>82</ns3:cad>
					</ns3:TrackPointExtension>
				</extensions>
			</trkpt>
			<trkpt lat="-6.448086" lon="-35.668773">
				<time>2025-10-26T13:03:08Z</time>
				<ele>-20000.000000</ele>
				<extensions>
					<ns3:TrackPointExtension>
						<ns3:hr>186</ns3:hr>
						<ns3:speed>3.039510</ns3:speed>
						<ns3:cad>82</ns3:cad>
					</ns3:TrackPointExtension>
				</extensions>
			</trkpt>
			<trkpt lat="-6.448093" lon="-35.668797">
				<time>2025-10-26T13:03:09Z</time>
				<ele>-20000.000000</ele>
				<extensions>
					<ns3:TrackPointExtension>
						<ns3:hr>186</ns3:hr>
						<ns3:speed>3.048780</ns3:speed>
						<ns3:cad>82</ns3:cad>
					</ns3:TrackPointExtension>
				</extensions>
			</trkpt>
			<trkpt lat="-6.448100" lon="-35.668822">
				<time>2025-10-26T13:03:10Z</time>
				<ele>-20000.000000</ele>
				<extensions>
					<ns3:TrackPointExtension>
						<ns3:hr>187</ns3:hr>
						<ns3:speed>3.048780</ns3:speed>
						<ns3:cad>82</ns3:cad>
					</ns3:TrackPointExtension>
				</extensions>
			</trkpt>
			<trkpt lat="-6.448107" lon="-35.668847">
				<time>2025-10-26T13:03:12Z</time>
				<ele>-20000.000000</ele>
				<extensions>
					<ns3:TrackPointExtension>
						<ns3:hr>187</ns3:hr>
						<ns3:speed>2.976190</ns3:speed>
						<ns3:cad>82</ns3:cad>
					</ns3:TrackPointExtension>
				</extensions>
			</trkpt>
			<trkpt lat="-6.448113" lon="-35.668873">
				<time>2025-10-26T13:03:12Z</time>
				<ele>-20000.000000</ele>
				<extensions>
					<ns3:TrackPointExtension>
						<ns3:hr>187</ns3:hr>
						<ns3:speed>2.976190</ns3:speed>
						<ns3:cad>82</ns3:cad>
					</ns3:TrackPointExtension>
				</extensions>
			</trkpt>
			<trkpt lat="-6.448119" lon="-35.668899">
				<time>2025-10-26T13:03:14Z</time>
				<ele>-20000.000000</ele>
				<extensions>
					<ns3:TrackPointExtension>
						<ns3:hr>187</ns3:hr>
						<ns3:speed>2.958580</ns3:speed>
						<ns3:cad>82</ns3:cad>
					</ns3:TrackPointExtension>
				</extensions>
			</trkpt>
			<trkpt lat="-6.448125" lon="-35.668926">
				<time>2025-10-26T13:03:14Z</time>
				<ele>-20000.000000</ele>
				<extensions>
					<ns3:TrackPointExtension>
						<ns3:hr>187</ns3:hr>
						<ns3:speed>2.958580</ns3:speed>
						<ns3:cad>82</ns3:cad>
					</ns3:TrackPointExtension>
				</extensions>
			</trkpt>
			<trkpt lat="-6.448126" lon="-35.668955">
				<time>2025-10-26T13:03:15Z</time>
				<ele>-20000.000000</ele>
				<extensions>
					<ns3:TrackPointExtension>
						<ns3:hr>187</ns3:hr>
						<ns3:speed>2.949850</ns3:speed>
						<ns3:cad>82</ns3:cad>
					</ns3:TrackPointExtension>
				</extensions>
			</trkpt>
			<trkpt lat="-6.448127" lon="-35.668983">
				<time>2025-10-26T13:03:17Z</time>
				<ele>-20000.000000</ele>
				<extensions>
					<ns3:TrackPointExtension>
						<ns3:hr>185</ns3:hr>
						<ns3:speed>2.949850</ns3:speed>
						<ns3:cad>81</ns3:cad>
					</ns3:TrackPointExtension>
				</extensions>
			</trkpt>
			<trkpt lat="-6.448132" lon="-35.669011">
				<time>2025-10-26T13:03:17Z</time>
				<ele>-20000.000000</ele>
				<extensions>
					<ns3:TrackPointExtension>
						<ns3:hr>185</ns3:hr>
						<ns3:speed>2.949850</ns3:speed>
						<ns3:cad>81</ns3:cad>
					</ns3:TrackPointExtension>
				</extensions>
			</trkpt>
			<trkpt lat="-6.448138" lon="-35.669039">
				<time>2025-10-26T13:03:18Z</time>
				<ele>-20000.000000</ele>
				<extensions>
					<ns3:TrackPointExtension>
						<ns3:hr>185</ns3:hr>
						<ns3:speed>2.949850</ns3:speed>
						<ns3:cad>81</ns3:cad>
					</ns3:TrackPointExtension>
				</extensions>
			</trkpt>
			<trkpt lat="-6.448143" lon="-35.669064">
				<time>2025-10-26T13:03:20Z</time>
				<ele>-20000.000000</ele>
				<extensions>
					<ns3:TrackPointExtension>
						<ns3:hr>186</ns3:hr>
						<ns3:speed>2.958580</ns3:speed>
						<ns3:cad>80</ns3:cad>
					</ns3:TrackPointExtension>
				</extensions>
			</trkpt>
			<trkpt lat="-6.448148" lon="-35.669089">
				<time>2025-10-26T13:03:20Z</time>
				<ele>-20000.000000</ele>
				<extensions>
					<ns3:TrackPointExtension>
						<ns3:hr>186</ns3:hr>
						<ns3:speed>2.958580</ns3:speed>
						<ns3:cad>80</ns3:cad>
					</ns3:TrackPointExtension>
				</extensions>
			</trkpt>
			<trkpt lat="-6.448154" lon="-35.669113">
				<time>2025-10-26T13:03:22Z</time>
				<ele>-20000.000000</ele>
				<extensions>
					<ns3:TrackPointExtension>
						<ns3:hr>186</ns3:hr>
						<ns3:speed>2.967360</ns3:speed>
						<ns3:cad>79</ns3:cad>
					</ns3:TrackPointExtension>
				</extensions>
			</trkpt>
			<trkpt lat="-6.448159" lon="-35.669141">
				<time>2025-10-26T13:03:22Z</time>
				<ele>-20000.000000</ele>
				<extensions>
					<ns3:TrackPointExtension>
						<ns3:hr>186</ns3:hr>
						<ns3:speed>2.967360</ns3:speed>
						<ns3:cad>79</ns3:cad>
					</ns3:TrackPointExtension>
				</extensions>
			</trkpt>
			<trkpt lat="-6.448165" lon="-35.669168">
				<time>2025-10-26T13:03:23Z</time>
				<ele>-20000.000000</ele>
				<extensions>
					<ns3:TrackPointExtension>
						<ns3:hr>186</ns3:hr>
						<ns3:speed>2.967360</ns3:speed>
						<ns3:cad>79</ns3:cad>
					</ns3:TrackPointExtension>
				</extensions>
			</trkpt>
			<trkpt lat="-6.448171" lon="-35.669197">
				<time>2025-10-26T13:03:25Z</time>
				<ele>-20000.000000</ele>
				<extensions>
					<ns3:TrackPointExtension>
						<ns3:hr>187</ns3:hr>
						<ns3:speed>2.976190</ns3:speed>
						<ns3:cad>79</ns3:cad>
					</ns3:TrackPointExtension>
				</extensions>
			</trkpt>
			<trkpt lat="-6.448176" lon="-35.669228">
				<time>2025-10-26T13:03:26Z</time>
				<ele>-20000.000000</ele>
				<extensions>
					<ns3:TrackPointExtension>
						<ns3:hr>187</ns3:hr>
						<ns3:speed>2.985070</ns3:speed>
						<ns3:cad>79</ns3:cad>
					</ns3:TrackPointExtension>
				</extensions>
			</trkpt>
			<trkpt lat="-6.448181" lon="-35.669259">
				<time>2025-10-26T13:03:27Z</time>
				<ele>-20000.000000</ele>
				<extensions>
					<ns3:TrackPointExtension>
						<ns3:hr>187</ns3:hr>
						<ns3:speed>2.994010</ns3:speed>
						<ns3:cad>80</ns3:cad>
					</ns3:TrackPointExtension>
				</extensions>
			</trkpt>
			<trkpt lat="-6.448185" lon="-35.669292">
				<time>2025-10-26T13:03:27Z</time>
				<ele>-20000.000000</ele>
				<extensions>
					<ns3:TrackPointExtension>
						<ns3:hr>187</ns3:hr>
						<ns3:speed>2.994010</ns3:speed>
						<ns3:cad>80</ns3:cad>
					</ns3:TrackPointExtension>
				</extensions>
			</trkpt>
			<trkpt lat="-6.448190" lon="-35.669324">
				<time>2025-10-26T13:03:28Z</time>
				<ele>-20000.000000</ele>
				<extensions>
					<ns3:TrackPointExtension>
						<ns3:hr>186</ns3:hr>
						<ns3:speed>3.012050</ns3:speed>
						<ns3:cad>80</ns3:cad>
					</ns3:TrackPointExtension>
				</extensions>
			</trkpt>
			<trkpt lat="-6.448194" lon="-35.669356">
				<time>2025-10-26T13:03:29Z</time>
				<ele>-20000.000000</ele>
				<extensions>
					<ns3:TrackPointExtension>
						<ns3:hr>185</ns3:hr>
						<ns3:speed>3.030300</ns3:speed>
						<ns3:cad>80</ns3:cad>
					</ns3:TrackPointExtension>
				</extensions>
			</trkpt>
			<trkpt lat="-6.448199" lon="-35.669387">
				<time>2025-10-26T13:03:30Z</time>
				<ele>-20000.000000</ele>
				<extensions>
					<ns3:TrackPointExtension>
						<ns3:hr>184</ns3:hr>
						<ns3:speed>3.039510</ns3:speed>
						<ns3:cad>80</ns3:cad>
					</ns3:TrackPointExtension>
				</extensions>
			</trkpt>
			<trkpt lat="-6.448203" lon="-35.669418">
				<time>2025-10-26T13:03:31Z</time>
				<ele>-20000.000000</ele>
				<extensions>
					<ns3:TrackPointExtension>
						<ns3:hr>186</ns3:hr>
						<ns3:speed>3.058100</ns3:speed>
						<ns3:cad>80</ns3:cad>
					</ns3:TrackPointExtension>
				</extensions>
			</trkpt>
			<trkpt lat="-6.448208" lon="-35.669447">
				<time>2025-10-26T13:03:32Z</time>
				<ele>-20000.000000</ele>
				<extensions>
					<ns3:TrackPointExtension>
						<ns3:hr>187</ns3:hr>
						<ns3:speed>3.076920</ns3:speed>
						<ns3:cad>80</ns3:cad>
					</ns3:TrackPointExtension>
				</extensions>
			</trkpt>
			<trkpt lat="-6.448211" lon="-35.669476">
				<time>2025-10-26T13:03:33Z</time>
				<ele>-20000.000000</ele>
				<extensions>
					<ns3:TrackPointExtension>
						<ns3:hr>186</ns3:hr>
						<ns3:speed>3.095980</ns3:speed>
						<ns3:cad>80</ns3:cad>
					</ns3:TrackPointExtension>
				</extensions>
			</trkpt>
			<trkpt lat="-6.448215" lon="-35.669504">
				<time>2025-10-26T13:03:33Z</time>
				<ele>-20000.000000</ele>
				<extensions>
					<ns3:TrackPointExtension>
						<ns3:hr>186</ns3:hr>
						<ns3:speed>3.095980</ns3:speed>
						<ns3:cad>80</ns3:cad>
					</ns3:TrackPointExtension>
				</extensions>
			</trkpt>
			<trkpt lat="-6.448219" lon="-35.669533">
				<time>2025-10-26T13:03:35Z</time>
				<ele>-20000.000000</ele>
				<extensions>
					<ns3:TrackPointExtension>
						<ns3:hr>186</ns3:hr>
						<ns3:speed>3.115260</ns3:speed>
						<ns3:cad>80</ns3:cad>
					</ns3:TrackPointExtension>
				</extensions>
			</trkpt>
			<trkpt lat="-6.448224" lon="-35.669561">
				<time>2025-10-26T13:03:36Z</time>
				<ele>-20000.000000</ele>
				<extensions>
					<ns3:TrackPointExtension>
						<ns3:hr>187</ns3:hr>
						<ns3:speed>3.125000</ns3:speed>
						<ns3:cad>80</ns3:cad>
					</ns3:TrackPointExtension>
				</extensions>
			</trkpt>
			<trkpt lat="-6.448229" lon="-35.669588">
				<time>2025-10-26T13:03:37Z</time>
				<ele>-20000.000000</ele>
				<extensions>
					<ns3:TrackPointExtension>
						<ns3:hr>186</ns3:hr>
						<ns3:speed>3.134800</ns3:speed>
						<ns3:cad>80</ns3:cad>
					</ns3:TrackPointExtension>
				</extensions>
			</trkpt>
			<trkpt lat="-6.448239" lon="-35.669610">
				<time>2025-10-26T13:03:38Z</time>
				<ele>-20000.000000</ele>
				<extensions>
					<ns3:TrackPointExtension>
						<ns3:hr>186</ns3:hr>
						<ns3:speed>3.134800</ns3:speed>
						<ns3:cad>79</ns3:cad>
					</ns3:TrackPointExtension>
				</extensions>
			</trkpt>
			<trkpt lat="-6.448249" lon="-35.669627">
				<time>2025-10-26T13:03:39Z</time>
				<ele>-20000.000000</ele>
				<extensions>
					<ns3:TrackPointExtension>
						<ns3:hr>185</ns3:hr>
						<ns3:speed>3.134800</ns3:speed>
						<ns3:cad>79</ns3:cad>
					</ns3:TrackPointExtension>
				</extensions>
			</trkpt>
			<trkpt lat="-6.448257" lon="-35.669638">
				<time>2025-10-26T13:03:40Z</time>
				<ele>-20000.000000</ele>
				<extensions>
					<ns3:TrackPointExtension>
						<ns3:hr>187</ns3:hr>
						<ns3:speed>3.134800</ns3:speed>
						<ns3:cad>79</ns3:cad>
					</ns3:TrackPointExtension>
				</extensions>
			</trkpt>
			<trkpt lat="-6.448261" lon="-35.669644">
				<time>2025-10-26T13:03:41Z</time>
				<ele>-20000.000000</ele>
				<extensions>
					<ns3:TrackPointExtension>
						<ns3:hr>188</ns3:hr>
						<ns3:speed>0.000000</ns3:speed>
						<ns3:cad>0</ns3:cad>
					</ns3:TrackPointExtension>
				</extensions>
			</trkpt>
			<trkpt lat="-6.448265" lon="-35.669649">
				<time>2025-10-26T13:03:42Z</time>
				<ele>-20000.000000</ele>
				<extensions>
					<ns3:TrackPointExtension>
						<ns3:hr>189</ns3:hr>
						<ns3:speed>0.000000</ns3:speed>
						<ns3:cad>79</ns3:cad>
					</ns3:TrackPointExtension>
				</extensions>
			</trkpt>
			<trkpt lat="-6.448267" lon="-35.669651">
				<time>2025-10-26T13:03:43Z</time>
				<ele>-20000.000000</ele>
				<extensions>
					<ns3:TrackPointExtension>
						<ns3:hr>186</ns3:hr>
						<ns3:speed>0.000000</ns3:speed>
						<ns3:cad>79</ns3:cad>
					</ns3:TrackPointExtension>
				</extensions>
			</trkpt>
			<trkpt lat="-6.448267" lon="-35.669652">
				<time>2025-10-26T13:03:44Z</time>
				<ele>-20000.000000</ele>
				<extensions>
					<ns3:TrackPointExtension>
						<ns3:hr>185</ns3:hr>
						<ns3:speed>0.000000</ns3:speed>
						<ns3:cad>79</ns3:cad>
					</ns3:TrackPointExtension>
				</extensions>
			</trkpt>
			<trkpt lat="-6.448268" lon="-35.669653">
				<time>2025-10-26T13:03:45Z</time>
				<ele>-20000.000000</ele>
				<extensions>
					<ns3:TrackPointExtension>
						<ns3:hr>186</ns3:hr>
						<ns3:speed>0.000000</ns3:speed>
						<ns3:cad>79</ns3:cad>
					</ns3:TrackPointExtension>
				</extensions>
			</trkpt>
			<trkpt lat="-6.448270" lon="-35.669652">
				<time>2025-10-26T13:03:46Z</time>
				<ele>-20000.000000</ele>
				<extensions>
					<ns3:TrackPointExtension>
						<ns3:hr>185</ns3:hr>
						<ns3:speed>0.269830</ns3:speed>
						<ns3:cad>60</ns3:cad>
					</ns3:TrackPointExtension>
				</extensions>
			</trkpt>
			<trkpt lat="-6.448273" lon="-35.669651">
				<time>2025-10-26T13:03:47Z</time>
				<ele>-20000.000000</ele>
				<extensions>
					<ns3:TrackPointExtension>
						<ns3:hr>184</ns3:hr>
						<ns3:speed>0.404370</ns3:speed>
						<ns3:cad>63</ns3:cad>
					</ns3:TrackPointExtension>
				</extensions>
			</trkpt>
			<trkpt lat="-6.448277" lon="-35.669648">
				<time>2025-10-26T13:03:48Z</time>
				<ele>-20000.000000</ele>
				<extensions>
					<ns3:TrackPointExtension>
						<ns3:hr>183</ns3:hr>
						<ns3:speed>0.317660</ns3:speed>
						<ns3:cad>62</ns3:cad>
					</ns3:TrackPointExtension>
				</extensions>
			</trkpt>
			<trkpt lat="-6.448282" lon="-35.669645">
				<time>2025-10-26T13:03:49Z</time>
				<ele>-20000.000000</ele>
				<extensions>
					<ns3:TrackPointExtension>
						<ns3:hr>183</ns3:hr>
						<ns3:speed>0.309120</ns3:speed>
						<ns3:cad>69</ns3:cad>
					</ns3:TrackPointExtension>
				</extensions>
			</trkpt>
			<trkpt lat="-6.448289" lon="-35.669641">
				<time>2025-10-26T13:03:50Z</time>
				<ele>-20000.000000</ele>
				<extensions>
					<ns3:TrackPointExtension>
						<ns3:hr>183</ns3:hr>
						<ns3:speed>0.345540</ns3:speed>
						<ns3:cad>70</ns3:cad>
					</ns3:TrackPointExtension>
				</extensions>
			</trkpt>
			<trkpt lat="-6.448301" lon="-35.669637">
				<time>2025-10-26T13:03:51Z</time>
				<ele>-20000.000000</ele>
				<extensions>
					<ns3:TrackPointExtension>
						<ns3:hr>182</ns3:hr>
						<ns3:speed>0.344470</ns3:speed>
						<ns3:cad>70</ns3:cad>
					</ns3:TrackPointExtension>
				</extensions>
			</trkpt>
			<trkpt lat="-6.448319" lon="-35.669633">
				<time>2025-10-26T13:03:52Z</time>
				<ele>-20000.000000</ele>
				<extensions>
					<ns3:TrackPointExtension>
						<ns3:hr>182</ns3:hr>
						<ns3:speed>0.338750</ns3:speed>
						<ns3:cad>72</ns3:cad>
					</ns3:TrackPointExtension>
				</extensions>
			</trkpt>
			<trkpt lat="-6.448343" lon="-35.669630">
				<time>2025-10-26T13:03:53Z</time>
				<ele>-20000.000000</ele>
				<extensions>
					<ns3:TrackPointExtension>
						<ns3:hr>182</ns3:hr>
						<ns3:speed>0.647250</ns3:speed>
						<ns3:cad>77</ns3:cad>
					</ns3:TrackPointExtension>
				</extensions>
			</trkpt>
			<trkpt lat="-6.448372" lon="-35.669626">
				<time>2025-10-26T13:03:54Z</time>
				<ele>-20000.000000</ele>
				<extensions>
					<ns3:TrackPointExtension>
						<ns3:hr>182</ns3:hr>
						<ns3:speed>1.210650</ns3:speed>
						<ns3:cad>78</ns3:cad>
					</ns3:TrackPointExtension>
				</extensions>
			</trkpt>
			<trkpt lat="-6.448404" lon="-35.669619">
				<time>2025-10-26T13:03:55Z</time>
				<ele>-20000.000000</ele>
				<extensions>
					<ns3:TrackPointExtension>
						<ns3:hr>182</ns3:hr>
						<ns3:speed>1.831500</ns3:speed>
						<ns3:cad>78</ns3:cad>
					</ns3:TrackPointExtension>
				</extensions>
			</trkpt>
			<trkpt lat="-6.448437" lon="-35.669608">
				<time>2025-10-26T13:03:56Z</time>
				<ele>-20000.000000</ele>
				<extensions>
					<ns3:TrackPointExtension>
						<ns3:hr>181</ns3:hr>
						<ns3:speed>2.427180</ns3:speed>
						<ns3:cad>79</ns3:cad>
					</ns3:TrackPointExtension>
				</extensions>
			</trkpt>
			<trkpt lat="-6.448472" lon="-35.669595">
				<time>2025-10-26T13:03:57Z</time>
				<ele>-20000.000000</ele>
				<extensions>
					<ns3:TrackPointExtension>
						<ns3:hr>181</ns3:hr>
						<ns3:speed>2.915450</ns3:speed>
						<ns3:cad>79</ns3:cad>
					</ns3:TrackPointExtension>
				</extensions>
			</trkpt>
			<trkpt lat="-6.448509" lon="-35.669583">
				<time>2025-10-26T13:03:58Z</time>
				<ele>-20000.000000</ele>
				<extensions>
					<ns3:TrackPointExtension>
						<ns3:hr>182</ns3:hr>
						<ns3:speed>3.378380</ns3:speed>
						<ns3:cad>79</ns3:cad>
					</ns3:TrackPointExtension>
				</extensions>
			</trkpt>
			<trkpt lat="-6.448547" lon="-35.669571">
				<time>2025-10-26T13:03:59Z</time>
				<ele>-20000.000000</ele>
				<extensions>
					<ns3:TrackPointExtension>
						<ns3:hr>181</ns3:hr>
						<ns3:speed>3.745320</ns3:speed>
						<ns3:cad>79</ns3:cad>
					</ns3:TrackPointExtension>
				</extensions>
			</trkpt>
			<trkpt lat="-6.448583" lon="-35.669561">
				<time>2025-10-26T13:04:00Z</time>
				<ele>-20000.000000</ele>
				<extensions>
					<ns3:TrackPointExtension>
						<ns3:hr>182</ns3:hr>
						<ns3:speed>3.937010</ns3:speed>
						<ns3:cad>79</ns3:cad>
					</ns3:TrackPointExtension>
				</extensions>
			</trkpt>
			<trkpt lat="-6.448619" lon="-35.669552">
				<time>2025-10-26T13:04:01Z</time>
				<ele>-20000.000000</ele>
				<extensions>
					<ns3:TrackPointExtension>
						<ns3:hr>182</ns3:hr>
						<ns3:speed>3.984060</ns3:speed>
						<ns3:cad>79</ns3:cad>
					</ns3:TrackPointExtension>
				</extensions>
			</trkpt>
			<trkpt lat="-6.448651" lon="-35.669548">
				<time>2025-10-26T13:04:01Z</time>
				<ele>-20000.000000</ele>
				<extensions>
					<ns3:TrackPointExtension>
						<ns3:hr>182</ns3:hr>
						<ns3:speed>3.984060</ns3:speed>
						<ns3:cad>79</ns3:cad>
					</ns3:TrackPointExtension>
				</extensions>
			</trkpt>
			<trkpt lat="-6.448675" lon="-35.669546">
				<time>2025-10-26T13:04:03Z</time>
				<ele>-20000.000000</ele>
				<extensions>
					<ns3:TrackPointExtension>
						<ns3:hr>184</ns3:hr>
						<ns3:speed>3.984060</ns3:speed>
						<ns3:cad>78</ns3:cad>
					</ns3:TrackPointExtension>
				</extensions>
			</trkpt>
			<trkpt lat="-6.448693" lon="-35.669548">
				<time>2025-10-26T13:04:04Z</time>
				<ele>-20000.000000</ele>
				<extensions>
					<ns3:TrackPointExtension>
						<ns3:hr>183</ns3:hr>
						<ns3:speed>3.952570</ns3:speed>
						<ns3:cad>77</ns3:cad>
					</ns3:TrackPointExtension>
				</extensions>
			</trkpt>
			<trkpt lat="-6.448707" lon="-35.669547">
				<time>2025-10-26T13:04:05Z</time>
				<ele>-20000.000000</ele>
				<extensions>
					<ns3:TrackPointExtension>
						<ns3:hr>183</ns3:hr>
						<ns3:speed>3.649640</ns3:speed>
						<ns3:cad>76</ns3:cad>
					</ns3:TrackPointExtension>
				</extensions>
			</trkpt>
			<trkpt lat="-6.448719" lon="-35.669545">
				<time>2025-10-26T13:04:06Z</time>
				<ele>-20000.000000</ele>
				<extensions>
					<ns3:TrackPointExtension>
						<ns3:hr>184</ns3:hr>
						<ns3:speed>3.030300</ns3:speed>
						<ns3:cad>75</ns3:cad>
					</ns3:TrackPointExtension>
				</extensions>
			</trkpt>
			<trkpt lat="-6.448727" lon="-35.669542">
				<time>2025-10-26T13:04:07Z</time>
				<ele>-20000.000000</ele>
				<extensions>
					<ns3:TrackPointExtension>
						<ns3:hr>183</ns3:hr>
						<ns3:speed>2.293580</ns3:speed>
						<ns3:cad>73</ns3:cad>
					</ns3:TrackPointExtension>
				</extensions>
			</trkpt>
			<trkpt lat="-6.448735" lon="-35.669538">
				<time>2025-10-26T13:04:08Z</time>
				<ele>-20000.000000</ele>
				<extensions>
					<ns3:TrackPointExtension>
						<ns3:hr>183</ns3:hr>
						<ns3:speed>1.773050</ns3:speed>
						<ns3:cad>72</ns3:cad>
					</ns3:TrackPointExtension>
				</extensions>
			</trkpt>
			<trkpt lat="-6.448742" lon="-35.669535">
				<time>2025-10-26T13:04:09Z</time>
				<ele>-20000.000000</ele>
				<extensions>
					<ns3:TrackPointExtension>
						<ns3:hr>183</ns3:hr>
						<ns3:speed>1.524390</ns3:speed>
						<ns3:cad>72</ns3:cad>
					</ns3:TrackPointExtension>
				</extensions>
			</trkpt>
			<trkpt lat="-6.448747" lon="-35.669534">
				<time>2025-10-26T13:04:10Z</time>
				<ele>-20000.000000</ele>
				<extensions>
					<ns3:TrackPointExtension>
						<ns3:hr>184</ns3:hr>
						<ns3:speed>1.369860</ns3:speed>
						<ns3:cad>72</ns3:cad>
					</ns3:TrackPointExtension>
				</extensions>
			</trkpt>
			<trkpt lat="-6.448748" lon="-35.669537">
				<time>2025-10-26T13:04:11Z</time>
				<ele>-20000.000000</ele>
				<extensions>
					<ns3:TrackPointExtension>
						<ns3:hr>183</ns3:hr>
						<ns3:speed>1.204820</ns3:speed>
						<ns3:cad>72</ns3:cad>
					</ns3:TrackPointExtension>
				</extensions>
			</trkpt>
			<trkpt lat="-6.448748" lon="-35.669540">
				<time>2025-10-26T13:04:11Z</time>
				<ele>-20000.000000</ele>
				<extensions>
					<ns3:TrackPointExtension>
						<ns3:hr>183</ns3:hr>
						<ns3:speed>1.204820</ns3:speed>
						<ns3:cad>72</ns3:cad>
					</ns3:TrackPointExtension>
				</extensions>
			</trkpt>
			<trkpt lat="-6.448746" lon="-35.669545">
				<time>2025-10-26T13:04:13Z</time>
				<ele>-20000.000000</ele>
				<extensions>
					<ns3:TrackPointExtension>
						<ns3:hr>182</ns3:hr>
						<ns3:speed>0.853240</ns3:speed>
						<ns3:cad>73</ns3:cad>
					</ns3:TrackPointExtension>
				</extensions>
			</trkpt>
			<trkpt lat="-6.448746" lon="-35.669551">
				<time>2025-10-26T13:04:14Z</time>
				<ele>-20000.000000</ele>
				<extensions>
					<ns3:TrackPointExtension>
						<ns3:hr>182</ns3:hr>
						<ns3:speed>0.839630</ns3:speed>
						<ns3:cad>74</ns3:cad>
					</ns3:TrackPointExtension>
				</extensions>
			</trkpt>
			<trkpt lat="-6.448745" lon="-35.669557">
				<time>2025-10-26T13:04:14Z</time>
				<ele>-20000.000000</ele>
				<extensions>
					<ns3:TrackPointExtension>
						<ns3:hr>182</ns3:hr>
						<ns3:speed>0.839630</ns3:speed>
						<ns3:cad>74</ns3:cad>
					</ns3:TrackPointExtension>
				</extensions>
			</trkpt>
			<trkpt lat="-6.448742" lon="-35.669566">
				<time>2025-10-26T13:04:16Z</time>
				<ele>-20000.000000</ele>
				<extensions>
					<ns3:TrackPointExtension>
						<ns3:hr>180</ns3:hr>
						<ns3:speed>0.884960</ns3:speed>
						<ns3:cad>60</ns3:cad>
					</ns3:TrackPointExtension>
				</extensions>
			</trkpt>
			<trkpt lat="-6.448740" lon="-35.669572">
				<time>2025-10-26T13:04:17Z</time>
				<ele>-20000.000000</ele>
				<extensions>
					<ns3:TrackPointExtension>
						<ns3:hr>180</ns3:hr>
						<ns3:speed>0.919960</ns3:speed>
						<ns3:cad>59</ns3:cad>
					</ns3:TrackPointExtension>
				</extensions>
			</trkpt>
			<trkpt lat="-6.448739" lon="-35.669576">
				<time>2025-10-26T13:04:18Z</time>
				<ele>-20000.000000</ele>
				<extensions>
					<ns3:TrackPointExtension>
						<ns3:hr>180</ns3:hr>
						<ns3:speed>0.954200</ns3:speed>
						<ns3:cad>60</ns3:cad>
					</ns3:TrackPointExtension>
				</extensions>
			</trkpt>
			<trkpt lat="-6.448739" lon="-35.669580">
				<time>2025-10-26T13:04:18Z</time>
				<ele>-20000.000000</ele>
				<extensions>
					<ns3:TrackPointExtension>
						<ns3:hr>180</ns3:hr>
						<ns3:speed>0.954200</ns3:speed>
						<ns3:cad>60</ns3:cad>
					</ns3:TrackPointExtension>
				</extensions>
			</trkpt>
			<trkpt lat="-6.448741" lon="-35.669585">
				<time>2025-10-26T13:04:19Z</time>
				<ele>-20000.000000</ele>
				<extensions>
					<ns3:TrackPointExtension>
						<ns3:hr>180</ns3:hr>
						<ns3:speed>0.954200</ns3:speed>
						<ns3:cad>59</ns3:cad>
					</ns3:TrackPointExtension>
				</extensions>
			</trkpt>
			<trkpt lat="-6.448741" lon="-35.669590">
				<time>2025-10-26T13:04:20Z</time>
				<ele>-20000.000000</ele>
				<extensions>
					<ns3:TrackPointExtension>
						<ns3:hr>181</ns3:hr>
						<ns3:speed>0.854700</ns3:speed>
						<ns3:cad>60</ns3:cad>
					</ns3:TrackPointExtension>
				</extensions>
			</trkpt>
			<trkpt lat="-6.448741" lon="-35.669594">
				<time>2025-10-26T13:04:21Z</time>
				<ele>-20000.000000</ele>
				<extensions>
					<ns3:TrackPointExtension>
						<ns3:hr>180</ns3:hr>
						<ns3:speed>0.741290</ns3:speed>
						<ns3:cad>59</ns3:cad>
					</ns3:TrackPointExtension>
				</extensions>
			</trkpt>
			<trkpt lat="-6.448741" lon="-35.669598">
				<time>2025-10-26T13:04:22Z</time>
				<ele>-20000.000000</ele>
				<extensions>
					<ns3:TrackPointExtension>
						<ns3:hr>179</ns3:hr>
						<ns3:speed>0.767460</ns3:speed>
						<ns3:cad>58</ns3:cad>
					</ns3:TrackPointExtension>
				</extensions>
			</trkpt>
			<trkpt lat="-6.448741" lon="-35.669601">
				<time>2025-10-26T13:04:23Z</time>
				<ele>-20000.000000</ele>
				<extensions>
					<ns3:TrackPointExtension>
						<ns3:hr>178</ns3:hr>
						<ns3:speed>0.801280</ns3:speed>
						<ns3:cad>56</ns3:cad>
					</ns3:TrackPointExtension>
				</extensions>
			</trkpt>
			<trkpt lat="-6.448741" lon="-35.669604">
				<time>2025-10-26T13:04:25Z</time>
				<ele>-20000.000000</ele>
				<extensions>
					<ns3:TrackPointExtension>
						<ns3:hr>177</ns3:hr>
						<ns3:speed>0.693000</ns3:speed>
						<ns3:cad>48</ns3:cad>
					</ns3:TrackPointExtension>
				</extensions>
			</trkpt>
			<trkpt lat="-6.448740" lon="-35.669606">
				<time>2025-10-26T13:04:26Z</time>
				<ele>-20000.000000</ele>
				<extensions>
					<ns3:TrackPointExtension>
						<ns3:hr>178</ns3:hr>
						<ns3:speed>0.643090</ns3:speed>
						<ns3:cad>47</ns3:cad>
					</ns3:TrackPointExtension>
				</extensions>
			</trkpt>
			<trkpt lat="-6.448740" lon="-35.669607">
				<time>2025-10-26T13:04:26Z</time>
				<ele>-20000.000000</ele>
				<extensions>
					<ns3:TrackPointExtension>
						<ns3:hr>178</ns3:hr>
						<ns3:speed>0.643090</ns3:speed>
						<ns3:cad>47</ns3:cad>
					</ns3:TrackPointExtension>
				</extensions>
			</trkpt>
			<trkpt lat="-6.448740" lon="-35.669606">
				<time>2025-10-26T13:04:27Z</time>
				<ele>-20000.000000</ele>
				<extensions>
					<ns3:TrackPointExtension>
						<ns3:hr>178</ns3:hr>
						<ns3:speed>0.598800</ns3:speed>
						<ns3:cad>47</ns3:cad>
					</ns3:TrackPointExtension>
				</extensions>
			</trkpt>
			<trkpt lat="-6.448739" lon="-35.669604">
				<time>2025-10-26T13:04:28Z</time>
				<ele>-20000.000000</ele>
				<extensions>
					<ns3:TrackPointExtension>
						<ns3:hr>178</ns3:hr>
						<ns3:speed>0.000000</ns3:speed>
						<ns3:cad>0</ns3:cad>
					</ns3:TrackPointExtension>
				</extensions>
			</trkpt>
			<trkpt lat="-6.448739" lon="-35.669600">
				<time>2025-10-26T13:04:30Z</time>
				<ele>-20000.000000</ele>
				<extensions>
					<ns3:TrackPointExtension>
						<ns3:hr>176</ns3:hr>
						<ns3:speed>0.000000</ns3:speed>
						<ns3:cad>49</ns3:cad>
					</ns3:TrackPointExtension>
				</extensions>
			</trkpt>
			<trkpt lat="-6.448737" lon="-35.669595">
				<time>2025-10-26T13:04:31Z</time>
				<ele>-20000.000000</ele>
				<extensions>
					<ns3:TrackPointExtension>
						<ns3:hr>176</ns3:hr>
						<ns3:speed>0.279100</ns3:speed>
						<ns3:cad>50</ns3:cad>
					</ns3:TrackPointExtension>
				</extensions>
			</trkpt>
			<trkpt lat="-6.448734" lon="-35.669587">
				<time>2025-10-26T13:04:32Z</time>
				<ele>-20000.000000</ele>
				<extensions>
					<ns3:TrackPointExtension>
						<ns3:hr>176</ns3:hr>
						<ns3:speed>0.315160</ns3:speed>
						<ns3:cad>51</ns3:cad>
					</ns3:TrackPointExtension>
				</extensions>
			</trkpt>
			<trkpt lat="-6.448730" lon="-35.669579">
				<time>2025-10-26T13:04:33Z</time>
				<ele>-20000.000000</ele>
				<extensions>
					<ns3:TrackPointExtension>
						<ns3:hr>176</ns3:hr>
						<ns3:speed>0.374530</ns3:speed>
						<ns3:cad>52</ns3:cad>
					</ns3:TrackPointExtension>
				</extensions>
			</trkpt>
			<trkpt lat="-6.448723" lon="-35.669569">
				<time>2025-10-26T13:04:35Z</time>
				<ele>-20000.000000</ele>
				<extensions>
					<ns3:TrackPointExtension>
						<ns3:hr>177</ns3:hr>
						<ns3:speed>0.466420</ns3:speed>
						<ns3:cad>52</ns3:cad>
					</ns3:TrackPointExtension>
				</extensions>
			</trkpt>
			<trkpt lat="-6.448716" lon="-35.669559">
				<time>2025-10-26T13:04:36Z</time>
				<ele>-20000.000000</ele>
				<extensions>
					<ns3:TrackPointExtension>
						<ns3:hr>177</ns3:hr>
						<ns3:speed>0.584800</ns3:speed>
						<ns3:cad>53</ns3:cad>
					</ns3:TrackPointExtension>
				</extensions>
			</trkpt>
			<trkpt lat="-6.448707" lon="-35.669552">
				<time>2025-10-26T13:04:37Z</time>
				<ele>-20000.000000</ele>
				<extensions>
					<ns3:TrackPointExtension>
						<ns3:hr>176</ns3:hr>
						<ns3:speed>0.559910</ns3:speed>
						<ns3:cad>53</ns3:cad>
					</ns3:TrackPointExtension>
				</extensions>
			</trkpt>
			<trkpt lat="-6.448693" lon="-35.669546">
				<time>2025-10-26T13:04:37Z</time>
				<ele>-20000.000000</ele>
				<extensions>
					<ns3:TrackPointExtension>
						<ns3:hr>176</ns3:hr>
						<ns3:speed>0.559910</ns3:speed>
						<ns3:cad>53</ns3:cad>
					</ns3:TrackPointExtension>
				</extensions>
			</trkpt>
			<trkpt lat="-6.448675" lon="-35.669546">
				<time>2025-10-26T13:04:38Z</time>
				<ele>-20000.000000</ele>
				<extensions>
					<ns3:TrackPointExtension>
						<ns3:hr>176</ns3:hr>
						<ns3:speed>0.554940</ns3:speed>
						<ns3:cad>76</ns3:cad>
					</ns3:TrackPointExtension>
				</extensions>
			</trkpt>
			<trkpt lat="-6.448655" lon="-35.669550">
				<time>2025-10-26T13:04:39Z</time>
				<ele>-20000.000000</ele>
				<extensions>
					<ns3:TrackPointExtension>
						<ns3:hr>176</ns3:hr>
						<ns3:speed>0.656170</ns3:speed>
						<ns3:cad>76</ns3:cad>
					</ns3:TrackPointExtension>
				</extensions>
			</trkpt>
			<trkpt lat="-6.448635" lon="-35.669553">
				<time>2025-10-26T13:04:40Z</time>
				<ele>-20000.000000</ele>
				<extensions>
					<ns3:TrackPointExtension>
						<ns3:hr>176</ns3:hr>
						<ns3:speed>0.744600</ns3:speed>
						<ns3:cad>77</ns3:cad>
					</ns3:TrackPointExtension>
				</extensions>
			</trkpt>
			<trkpt lat="-6.448615" lon="-35.669557">
				<time>2025-10-26T13:04:41Z</time>
				<ele>-20000.000000</ele>
				<extensions>
					<ns3:TrackPointExtension>
						<ns3:hr>176</ns3:hr>
						<ns3:speed>1.182030</ns3:speed>
						<ns3:cad>78</ns3:cad>
					</ns3:TrackPointExtension>
				</extensions>
			</trkpt>
			<trkpt lat="-6.448597" lon="-35.669562">
				<time>2025-10-26T13:04:42Z</time>
				<ele>-20000.000000</ele>
				<extensions>
					<ns3:TrackPointExtension>
						<ns3:hr>176</ns3:hr>
						<ns3:speed>1.745200</ns3:speed>
						<ns3:cad>78</ns3:cad>
					</ns3:TrackPointExtension>
				</extensions>
			</trkpt>
			<trkpt lat="-6.448580" lon="-35.669566">
				<time>2025-10-26T13:04:43Z</time>
				<ele>-20000.000000</ele>
				<extensions>
					<ns3:TrackPointExtension>
						<ns3:hr>176</ns3:hr>
						<ns3:speed>1.984130</ns3:speed>
						<ns3:cad>78</ns3:cad>
					</ns3:TrackPointExtension>
				</extensions>
			</trkpt>
			<trkpt lat="-6.448565" lon="-35.669566">
				<time>2025-10-26T13:04:44Z</time>
				<ele>-20000.000000</ele>
				<extensions>
					<ns3:TrackPointExtension>
						<ns3:hr>177</ns3:hr>
						<ns3:speed>2.032520</ns3:speed>
						<ns3:cad>79</ns3:cad>
					</ns3:TrackPointExtension>
				</extensions>
			</trkpt>
			<trkpt lat="-6.448550" lon="-35.669565">
				<time>2025-10-26T13:04:45Z</time>
				<ele>-20000.000000</ele>
				<extensions>
					<ns3:TrackPointExtension>
						<ns3:hr>177</ns3:hr>
						<ns3:speed>2.032520</ns3:speed>
						<ns3:cad>79</ns3:cad>
					</ns3:TrackPointExtension>
				</extensions>
			</trkpt>
			<trkpt lat="-6.448535" lon="-35.669564">
				<time>2025-10-26T13:04:46Z</time>
				<ele>-20000.000000</ele>
				<extensions>
					<ns3:TrackPointExtension>
						<ns3:hr>176</ns3:hr>
						<ns3:speed>1.745200</ns3:speed>
						<ns3:cad>78</ns3:cad>
					</ns3:TrackPointExtension>
				</extensions>
			</trkpt>
			<trkpt lat="-6.448518" lon="-35.669563">
				<time>2025-10-26T13:04:47Z</time>
				<ele>-20000.000000</ele>
				<extensions>
					<ns3:TrackPointExtension>
						<ns3:hr>177</ns3:hr>
						<ns3:speed>1.333330</ns3:speed>
						<ns3:cad>78</ns3:cad>
					</ns3:TrackPointExtension>
				</extensions>
			</trkpt>
			<trkpt lat="-6.448498" lon="-35.669563">
				<time>2025-10-26T13:04:48Z</time>
				<ele>-20000.000000</ele>
				<extensions>
					<ns3:TrackPointExtension>
						<ns3:hr>177</ns3:hr>
						<ns3:speed>1.254710</ns3:speed>
						<ns3:cad>78</ns3:cad>
					</ns3:TrackPointExtension>
				</extensions>
			</trkpt>
			<trkpt lat="-6.448480" lon="-35.669566">
				<time>2025-10-26T13:04:49Z</time>
				<ele>-20000.000000</ele>
				<extensions>
					<ns3:TrackPointExtension>
						<ns3:hr>177</ns3:hr>
						<ns3:speed>1.305480</ns3:speed>
						<ns3:cad>73</ns3:cad>
					</ns3:TrackPointExtension>
				</extensions>
			</trkpt>
			<trkpt lat="-6.448462" lon="-35.669570">
				<time>2025-10-26T13:04:50Z</time>
				<ele>-20000.000000</ele>
				<extensions>
					<ns3:TrackPointExtension>
						<ns3:hr>177</ns3:hr>
						<ns3:speed>1.305480</ns3:speed>
						<ns3:cad>78</ns3:cad>
					</ns3:TrackPointExtension>
				</extensions>
			</trkpt>
			<trkpt lat="-6.448447" lon="-35.669575">
				<time>2025-10-26T13:04:51Z</time>
				<ele>-20000.000000</ele>
				<extensions>
					<ns3:TrackPointExtension>
						<ns3:hr>177</ns3:hr>
						<ns3:speed>1.371740</ns3:speed>
						<ns3:cad>79</ns3:cad>
					</ns3:TrackPointExtension>
				</extensions>
			</trkpt>
			<trkpt lat="-6.448434" lon="-35.669579">
				<time>2025-10-26T13:04:52Z</time>
				<ele>-20000.000000</ele>
				<extensions>
					<ns3:TrackPointExtension>
						<ns3:hr>176</ns3:hr>
						<ns3:speed>1.582280</ns3:speed>
						<ns3:cad>79</ns3:cad>
					</ns3:TrackPointExtension>
				</extensions>
			</trkpt>
			<trkpt lat="-6.448421" lon="-35.669584">
				<time>2025-10-26T13:04:53Z</time>
				<ele>-20000.000000</ele>
				<extensions>
					<ns3:TrackPointExtension>
						<ns3:hr>175</ns3:hr>
						<ns3:speed>1.724140</ns3:speed>
						<ns3:cad>78</ns3:cad>
					</ns3:TrackPointExtension>
				</extensions>
			</trkpt>
			<trkpt lat="-6.448409" lon="-35.669589">
				<time>2025-10-26T13:04:55Z</time>
				<ele>-20000.000000</ele>
				<extensions>
					<ns3:TrackPointExtension>
						<ns3:hr>175</ns3:hr>
						<ns3:speed>1.709400</ns3:speed>
						<ns3:cad>78</ns3:cad>
					</ns3:TrackPointExtension>
				</extensions>
			</trkpt>
			<trkpt lat="-6.448398" lon="-35.669594">
				<time>2025-10-26T13:04:56Z</time>
				<ele>-20000.000000</ele>
				<extensions>
					<ns3:TrackPointExtension>
						<ns3:hr>176</ns3:hr>
						<ns3:speed>1.661130</ns3:speed>
						<ns3:cad>78</ns3:cad>
					</ns3:TrackPointExtension>
				</extensions>
			</trkpt>
			<trkpt lat="-6.448387" lon="-35.669598">
				<time>2025-10-26T13:04:56Z</time>
				<ele>-20000.000000</ele>
				<extensions>
					<ns3:TrackPointExtension>
						<ns3:hr>176</ns3:hr>
						<ns3:speed>1.661130</ns3:speed>
						<ns3:cad>78</ns3:cad>
					</ns3:TrackPointExtension>
				</extensions>
			</trkpt>
			<trkpt lat="-6.448377" lon="-35.669602">
				<time>2025-10-26T13:04:57Z</time>
				<ele>-20000.000000</ele>
				<extensions>
					<ns3:TrackPointExtension>
						<ns3:hr>177</ns3:hr>
						<ns3:speed>1.579780</ns3:speed>
						<ns3:cad>77</ns3:cad>
					</ns3:TrackPointExtension>
				</extensions>
			</trkpt>
			<trkpt lat="-6.448367" lon="-35.669607">
				<time>2025-10-26T13:04:58Z</time>
				<ele>-20000.000000</ele>
				<extensions>
					<ns3:TrackPointExtension>
						<ns3:hr>179</ns3:hr>
						<ns3:speed>1.508300</ns3:speed>
						<ns3:cad>73</ns3:cad>
					</ns3:TrackPointExtension>
				</extensions>
			</trkpt>
			<trkpt lat="-6.448358" lon="-35.669616">
				<time>2025-10-26T13:05:00Z</time>
				<ele>-20000.000000</ele>
				<extensions>
					<ns3:TrackPointExtension>
						<ns3:hr>180</ns3:hr>
						<ns3:speed>1.410440</ns3:speed>
						<ns3:cad>55</ns3:cad>
					</ns3:TrackPointExtension>
				</extensions>
			</trkpt>
			<trkpt lat="-6.448350" lon="-35.669630">
				<time>2025-10-26T13:05:01Z</time>
				<ele>-20000.000000</ele>
				<extensions>
					<ns3:TrackPointExtension>
						<ns3:hr>179</ns3:hr>
						<ns3:speed>1.394700</ns3:speed>
						<ns3:cad>54</ns3:cad>
					</ns3:TrackPointExtension>
				</extensions>
			</trkpt>
			<trkpt lat="-6.448343" lon="-35.669647">
				<time>2025-10-26T13:05:01Z</time>
				<ele>-20000.000000</ele>
				<extensions>
					<ns3:TrackPointExtension>
						<ns3:hr>179</ns3:hr>
						<ns3:speed>1.394700</ns3:speed>
						<ns3:cad>54</ns3:cad>
					</ns3:TrackPointExtension>
				</extensions>
			</trkpt>
			<trkpt lat="-6.448337" lon="-35.669668">
				<time>2025-10-26T13:05:03Z</time>
				<ele>-20000.000000</ele>
				<extensions>
					<ns3:TrackPointExtension>
						<ns3:hr>179</ns3:hr>
						<ns3:speed>1.385040</ns3:speed>
						<ns3:cad>76</ns3:cad>
					</ns3:TrackPointExtension>
				</extensions>
			</trkpt>
			<trkpt lat="-6.448331" lon="-35.669693">
				<time>2025-10-26T13:05:03Z</time>
				<ele>-20000.000000</ele>
				<extensions>
					<ns3:TrackPointExtension>
						<ns3:hr>179</ns3:hr>
						<ns3:speed>1.385040</ns3:speed>
						<ns3:cad>76</ns3:cad>
					</ns3:TrackPointExtension>
				</extensions>
			</trkpt>
			<trkpt lat="-6.448327" lon="-35.669720">
				<time>2025-10-26T13:05:04Z</time>
				<ele>-20000.000000</ele>
				<extensions>
					<ns3:TrackPointExtension>
						<ns3:hr>180</ns3:hr>
						<ns3:speed>1.529050</ns3:speed>
						<ns3:cad>77</ns3:cad>
					</ns3:TrackPointExtension>
				</extensions>
			</trkpt>
			<trkpt lat="-6.448323" lon="-35.669751">
				<time>2025-10-26T13:05:06Z</time>
				<ele>-20000.000000</ele>
				<extensions>
					<ns3:TrackPointExtension>
						<ns3:hr>180</ns3:hr>
						<ns3:speed>2.242150</ns3:speed>
						<ns3:cad>79</ns3:cad>
					</ns3:TrackPointExtension>
				</extensions>
			</trkpt>
			<trkpt lat="-6.448320" lon="-35.669784">
				<time>2025-10-26T13:05:07Z</time>
				<ele>-20000.000000</ele>
				<extensions>
					<ns3:TrackPointExtension>
						<ns3:hr>180</ns3:hr>
						<ns3:speed>2.941180</ns3:speed>
						<ns3:cad>80</ns3:cad>
					</ns3:TrackPointExtension>
				</extensions>
			</trkpt>
			<trkpt lat="-6.448318" lon="-35.669819">
				<time>2025-10-26T13:05:07Z</time>
				<ele>-20000.000000</ele>
				<extensions>
					<ns3:TrackPointExtension>
						<ns3:hr>180</ns3:hr>
						<ns3:speed>2.941180</ns3:speed>
						<ns3:cad>80</ns3:cad>
					</ns3:TrackPointExtension>
				</extensions>
			</trkpt>
			<trkpt lat="-6.448314" lon="-35.669855">
				<time>2025-10-26T13:05:08Z</time>
				<ele>-20000.000000</ele>
				<extensions>
					<ns3:TrackPointExtension>
						<ns3:hr>180</ns3:hr>
						<ns3:speed>3.257330</ns3:speed>
						<ns3:cad>80</ns3:cad>
					</ns3:TrackPointExtension>
				</extensions>
			</trkpt>
			<trkpt lat="-6.448313" lon="-35.669892">
				<time>2025-10-26T13:05:09Z</time>
				<ele>-20000.000000</ele>
				<extensions>
					<ns3:TrackPointExtension>
						<ns3:hr>179</ns3:hr>
						<ns3:speed>3.533570</ns3:speed>
						<ns3:cad>79</ns3:cad>
					</ns3:TrackPointExtension>
				</extensions>
			</trkpt>
			<trkpt lat="-6.448312" lon="-35.669928">
				<time>2025-10-26T13:05:10Z</time>
				<ele>-20000.000000</ele>
				<extensions>
					<ns3:TrackPointExtension>
						<ns3:hr>179</ns3:hr>
						<ns3:speed>3.717470</ns3:speed>
						<ns3:cad>78</ns3:cad>
					</ns3:TrackPointExtension>
				</extensions>
			</trkpt>
			<trkpt lat="-6.448312" lon="-35.669961">
				<time>2025-10-26T13:05:11Z</time>
				<ele>-20000.000000</ele>
				<extensions>
					<ns3:TrackPointExtension>
						<ns3:hr>179</ns3:hr>
						<ns3:speed>3.787880</ns3:speed>
						<ns3:cad>77</ns3:cad>
					</ns3:TrackPointExtension>
				</extensions>
			</trkpt>
			<trkpt lat="-6.448316" lon="-35.669990">
				<time>2025-10-26T13:05:12Z</time>
				<ele>-20000.000000</ele>
				<extensions>
					<ns3:TrackPointExtension>
						<ns3:hr>179</ns3:hr>
						<ns3:speed>3.787880</ns3:speed>
						<ns3:cad>77</ns3:cad>
					</ns3:TrackPointExtension>
				</extensions>
			</trkpt>
			<trkpt lat="-6.448322" lon="-35.670018">
				<time>2025-10-26T13:05:13Z</time>
				<ele>-20000.000000</ele>
				<extensions>
					<ns3:TrackPointExtension>
						<ns3:hr>178</ns3:hr>
						<ns3:speed>3.773580</ns3:speed>
						<ns3:cad>77</ns3:cad>
					</ns3:TrackPointExtension>
				</extensions>
			</trkpt>
			<trkpt lat="-6.448332" lon="-35.670040">
				<time>2025-10-26T13:05:14Z</time>
				<ele>-20000.000000</ele>
				<extensions>
					<ns3:TrackPointExtension>
						<ns3:hr>178</ns3:hr>
						<ns3:speed>3.690040</ns3:speed>
						<ns3:cad>77</ns3:cad>
					</ns3:TrackPointExtension>
				</extensions>
			</trkpt>
			<trkpt lat="-6.448342" lon="-35.670057">
				<time>2025-10-26T13:05:15Z</time>
				<ele>-20000.000000</ele>
				<extensions>
					<ns3:TrackPointExtension>
						<ns3:hr>179</ns3:hr>
						<ns3:speed>3.558720</ns3:speed>
						<ns3:cad>78</ns3:cad>
					</ns3:TrackPointExtension>
				</extensions>
			</trkpt>
			<trkpt lat="-6.448349" lon="-35.670074">
				<time>2025-10-26T13:05:16Z</time>
				<ele>-20000.000000</ele>
				<extensions>
					<ns3:TrackPointExtension>
						<ns3:hr>179</ns3:hr>
						<ns3:speed>3.412970</ns3:speed>
						<ns3:cad>79</ns3:cad>
					</ns3:TrackPointExtension>
				</extensions>
			</trkpt>
			<trkpt lat="-6.448351" lon="-35.670089">
				<time>2025-10-26T13:05:17Z</time>
				<ele>-20000.000000</ele>
				<extensions>
					<ns3:TrackPointExtension>
						<ns3:hr>179</ns3:hr>
						<ns3:speed>3.194890</ns3:speed>
						<ns3:cad>79</ns3:cad>
					</ns3:TrackPointExtension>
				</extensions>
			</trkpt>
			<trkpt lat="-6.448348" lon="-35.670101">
				<time>2025-10-26T13:05:18Z</time>
				<ele>-20000.000000</ele>
				<extensions>
					<ns3:TrackPointExtension>
						<ns3:hr>180</ns3:hr>
						<ns3:speed>2.857140</ns3:speed>
						<ns3:cad>79</ns3:cad>
					</ns3:TrackPointExtension>
				</extensions>
			</trkpt>
			<trkpt lat="-6.448342" lon="-35.670110">
				<time>2025-10-26T13:05:19Z</time>
				<ele>-20000.000000</ele>
				<extensions>
					<ns3:TrackPointExtension>
						<ns3:hr>180</ns3:hr>
						<ns3:speed>2.409640</ns3:speed>
						<ns3:cad>78</ns3:cad>
					</ns3:TrackPointExtension>
				</extensions>
			</trkpt>
			<trkpt lat="-6.448338" lon="-35.670114">
				<time>2025-10-26T13:05:20Z</time>
				<ele>-20000.000000</ele>
				<extensions>
					<ns3:TrackPointExtension>
						<ns3:hr>181</ns3:hr>
						<ns3:speed>1.988070</ns3:speed>
						<ns3:cad>77</ns3:cad>
					</ns3:TrackPointExtension>
				</extensions>
			</trkpt>
			<trkpt lat="-6.448334" lon="-35.670113">
				<time>2025-10-26T13:05:21Z</time>
				<ele>-20000.000000</ele>
				<extensions>
					<ns3:TrackPointExtension>
						<ns3:hr>182</ns3:hr>
						<ns3:speed>1.686340</ns3:speed>
						<ns3:cad>77</ns3:cad>
					</ns3:TrackPointExtension>
				</extensions>
			</trkpt>
			<trkpt lat="-6.448330" lon="-35.670110">
				<time>2025-10-26T13:05:22Z</time>
				<ele>-20000.000000</ele>
				<extensions>
					<ns3:TrackPointExtension>
						<ns3:hr>179</ns3:hr>
						<ns3:speed>1.412430</ns3:speed>
						<ns3:cad>76</ns3:cad>
					</ns3:TrackPointExtension>
				</extensions>
			</trkpt>
			<trkpt lat="-6.448326" lon="-35.670108">
				<time>2025-10-26T13:05:23Z</time>
				<ele>-20000.000000</ele>
				<extensions>
					<ns3:TrackPointExtension>
						<ns3:hr>179</ns3:hr>
						<ns3:speed>1.068380</ns3:speed>
						<ns3:cad>76</ns3:cad>
					</ns3:TrackPointExtension>
				</extensions>
			</trkpt>
			<trkpt lat="-6.448322" lon="-35.670107">
				<time>2025-10-26T13:05:24Z</time>
				<ele>-20000.000000</ele>
				<extensions>
					<ns3:TrackPointExtension>
						<ns3:hr>180</ns3:hr>
						<ns3:speed>0.746270</ns3:speed>
						<ns3:cad>76</ns3:cad>
					</ns3:TrackPointExtension>
				</extensions>
			</trkpt>
			<trkpt lat="-6.448319" lon="-35.670109">
				<time>2025-10-26T13:05:25Z</time>
				<ele>-20000.000000</ele>
				<extensions>
					<ns3:TrackPointExtension>
						<ns3:hr>181</ns3:hr>
						<ns3:speed>0.552490</ns3:speed>
						<ns3:cad>76</ns3:cad>
					</ns3:TrackPointExtension>
				</extensions>
			</trkpt>
			<trkpt lat="-6.448315" lon="-35.670119">
				<time>2025-10-26T13:05:26Z</time>
				<ele>-20000.000000</ele>
				<extensions>
					<ns3:TrackPointExtension>
						<ns3:hr>180</ns3:hr>
						<ns3:speed>0.510460</ns3:speed>
						<ns3:cad>81</ns3:cad>
					</ns3:TrackPointExtension>
				</extensions>
			</trkpt>
			<trkpt lat="-6.448311" lon="-35.670134">
				<time>2025-10-26T13:05:27Z</time>
				<ele>-20000.000000</ele>
				<extensions>
					<ns3:TrackPointExtension>
						<ns3:hr>180</ns3:hr>
						<ns3:speed>0.510460</ns3:speed>
						<ns3:cad>81</ns3:cad>
					</ns3:TrackPointExtension>
				</extensions>
			</trkpt>
			<trkpt lat="-6.448307" lon="-35.670155">
				<time>2025-10-26T13:05:28Z</time>
				<ele>-20000.000000</ele>
				<extensions>
					<ns3:TrackPointExtension>
						<ns3:hr>182</ns3:hr>
						<ns3:speed>0.815660</ns3:speed>
						<ns3:cad>81</ns3:cad>
					</ns3:TrackPointExtension>
				</extensions>
			</trkpt>
			<trkpt lat="-6.448304" lon="-35.670180">
				<time>2025-10-26T13:05:29Z</time>
				<ele>-20000.000000</ele>
				<extensions>
					<ns3:TrackPointExtension>
						<ns3:hr>183</ns3:hr>
						<ns3:speed>1.466280</ns3:speed>
						<ns3:cad>82</ns3:cad>
					</ns3:TrackPointExtension>
				</extensions>
			</trkpt>
			<trkpt lat="-6.448302" lon="-35.670208">
				<time>2025-10-26T13:05:30Z</time>
				<ele>-20000.000000</ele>
				<extensions>
					<ns3:TrackPointExtension>
						<ns3:hr>182</ns3:hr>
						<ns3:speed>2.202640</ns3:speed>
						<ns3:cad>82</ns3:cad>
					</ns3:TrackPointExtension>
				</extensions>
			</trkpt>
			<trkpt lat="-6.448299" lon="-35.670240">
				<time>2025-10-26T13:05:31Z</time>
				<ele>-20000.000000</ele>
				<extensions>
					<ns3:TrackPointExtension>
						<ns3:hr>181</ns3:hr>
						<ns3:speed>2.590670</ns3:speed>
						<ns3:cad>82</ns3:cad>
					</ns3:TrackPointExtension>
				</extensions>
			</trkpt>
			<trkpt lat="-6.448295" lon="-35.670274">
				<time>2025-10-26T13:05:32Z</time>
				<ele>-20000.000000</ele>
				<extensions>
					<ns3:TrackPointExtension>
						<ns3:hr>181</ns3:hr>
						<ns3:speed>2.770080</ns3:speed>
						<ns3:cad>82</ns3:cad>
					</ns3:TrackPointExtension>
				</extensions>
			</trkpt>
			<trkpt lat="-6.448290" lon="-35.670310">
				<time>2025-10-26T13:05:33Z</time>
				<ele>-20000.000000</ele>
				<extensions>
					<ns3:TrackPointExtension>
						<ns3:hr>181</ns3:hr>
						<ns3:speed>3.125000</ns3:speed>
						<ns3:cad>83</ns3:cad>
					</ns3:TrackPointExtension>
				</extensions>
			</trkpt>
			<trkpt lat="-6.448284" lon="-35.670346">
				<time>2025-10-26T13:05:34Z</time>
				<ele>-20000.000000</ele>
				<extensions>
					<ns3:TrackPointExtension>
						<ns3:hr>181</ns3:hr>
						<ns3:speed>3.448280</ns3:speed>
						<ns3:cad>85</ns3:cad>
					</ns3:TrackPointExtension>
				</extensions>
			</trkpt>
			<trkpt lat="-6.448276" lon="-35.670384">
				<time>2025-10-26T13:05:35Z</time>
				<ele>-20000.000000</ele>
				<extensions>
					<ns3:TrackPointExtension>
						<ns3:hr>181</ns3:hr>
						<ns3:speed>3.663000</ns3:speed>
						<ns3:cad>86</ns3:cad>
					</ns3:TrackPointExtension>
				</extensions>
			</trkpt>
			<trkpt lat="-6.448274" lon="-35.670422">
				<time>2025-10-26T13:05:36Z</time>
				<ele>-20000.000000</ele>
				<extensions>
					<ns3:TrackPointExtension>
						<ns3:hr>182</ns3:hr>
						<ns3:speed>3.717470</ns3:speed>
						<ns3:cad>86</ns3:cad>
					</ns3:TrackPointExtension>
				</extensions>
			</trkpt>
			<trkpt lat="-6.448273" lon="-35.670464">
				<time>2025-10-26T13:05:37Z</time>
				<ele>-20000.000000</ele>
				<extensions>
					<ns3:TrackPointExtension>
						<ns3:hr>181</ns3:hr>
						<ns3:speed>3.731340</ns3:speed>
						<ns3:cad>87</ns3:cad>
					</ns3:TrackPointExtension>
				</extensions>
			</trkpt>
			<trkpt lat="-6.448272" lon="-35.670506">
				<time>2025-10-26T13:05:38Z</time>
				<ele>-20000.000000</ele>
				<extensions>
					<ns3:TrackPointExtension>
						<ns3:hr>181</ns3:hr>
						<ns3:speed>3.802280</ns3:speed>
						<ns3:cad>87</ns3:cad>
					</ns3:TrackPointExtension>
				</extensions>
			</trkpt>
			<trkpt lat="-6.448272" lon="-35.670545">
				<time>2025-10-26T13:05:39Z</time>
				<ele>-20000.000000</ele>
				<extensions>
					<ns3:TrackPointExtension>
						<ns3:hr>180</ns3:hr>
						<ns3:speed>3.802280</ns3:speed>
						<ns3:cad>87</ns3:cad>
					</ns3:TrackPointExtension>
				</extensions>
			</trkpt>
			<trkpt lat="-6.448272" lon="-35.670584">
				<time>2025-10-26T13:05:40Z</time>
				<ele>-20000.000000</ele>
				<extensions>
					<ns3:TrackPointExtension>
						<ns3:hr>181</ns3:hr>
						<ns3:speed>4.065040</ns3:speed>
						<ns3:cad>86</ns3:cad>
					</ns3:TrackPointExtension>
				</extensions>
			</trkpt>
			<trkpt lat="-6.448270" lon="-35.670621">
				<time>2025-10-26T13:05:41Z</time>
				<ele>-20000.000000</ele>
				<extensions>
					<ns3:TrackPointExtension>
						<ns3:hr>182</ns3:hr>
						<ns3:speed>4.065040</ns3:speed>
						<ns3:cad>86</ns3:cad>
					</ns3:TrackPointExtension>
				</extensions>
			</trkpt>
			<trkpt lat="-6.448270" lon="-35.670658">
				<time>2025-10-26T13:05:42Z</time>
				<ele>-20000.000000</ele>
				<extensions>
					<ns3:TrackPointExtension>
						<ns3:hr>182</ns3:hr>
						<ns3:speed>4.115230</ns3:speed>
						<ns3:cad>86</ns3:cad>
					</ns3:TrackPointExtension>
				</extensions>
			</trkpt>
			<trkpt lat="-6.448269" lon="-35.670695">
				<time>2025-10-26T13:05:43Z</time>
				<ele>-20000.000000</ele>
				<extensions>
					<ns3:TrackPointExtension>
						<ns3:hr>183</ns3:hr>
						<ns3:speed>4.115230</ns3:speed>
						<ns3:cad>87</ns3:cad>
					</ns3:TrackPointExtension>
				</extensions>
			</trkpt>
			<trkpt lat="-6.448267" lon="-35.670733">
				<time>2025-10-26T13:05:44Z</time>
				<ele>-20000.000000</ele>
				<extensions>
					<ns3:TrackPointExtension>
						<ns3:hr>183</ns3:hr>
						<ns3:speed>4.115230</ns3:speed>
						<ns3:cad>87</ns3:cad>
					</ns3:TrackPointExtension>
				</extensions>
			</trkpt>
			<trkpt lat="-6.448265" lon="-35.670769">
				<time>2025-10-26T13:05:45Z</time>
				<ele>-20000.000000</ele>
				<extensions>
					<ns3:TrackPointExtension>
						<ns3:hr>184</ns3:hr>
						<ns3:speed>4.081630</ns3:speed>
						<ns3:cad>87</ns3:cad>
					</ns3:TrackPointExtension>
				</extensions>
			</trkpt>
			<trkpt lat="-6.448263" lon="-35.670805">
				<time>2025-10-26T13:05:46Z</time>
				<ele>-20000.000000</ele>
				<extensions>
					<ns3:TrackPointExtension>
						<ns3:hr>183</ns3:hr>
						<ns3:speed>4.000000</ns3:speed>
						<ns3:cad>87</ns3:cad>
					</ns3:TrackPointExtension>
				</extensions>
			</trkpt>
			<trkpt lat="-6.448260" lon="-35.670840">
				<time>2025-10-26T13:05:47Z</time>
				<ele>-20000.000000</ele>
				<extensions>
					<ns3:TrackPointExtension>
						<ns3:hr>183</ns3:hr>
						<ns3:speed>3.968250</ns3:speed>
						<ns3:cad>87</ns3:cad>
					</ns3:TrackPointExtension>
				</extensions>
			</trkpt>
			<trkpt lat="-6.448257" lon="-35.670874">
				<time>2025-10-26T13:05:48Z</time>
				<ele>-20000.000000</ele>
				<extensions>
					<ns3:TrackPointExtension>
						<ns3:hr>184</ns3:hr>
						<ns3:speed>3.952570</ns3:speed>
						<ns3:cad>87</ns3:cad>
					</ns3:TrackPointExtension>
				</extensions>
			</trkpt>
			<trkpt lat="-6.448255" lon="-35.670908">
				<time>2025-10-26T13:05:49Z</time>
				<ele>-20000.000000</ele>
				<extensions>
					<ns3:TrackPointExtension>
						<ns3:hr>184</ns3:hr>
						<ns3:speed>3.952570</ns3:speed>
						<ns3:cad>87</ns3:cad>
					</ns3:TrackPointExtension>
				</extensions>
			</trkpt>
			<trkpt lat="-6.448253" lon="-35.670940">
				<time>2025-10-26T13:05:50Z</time>
				<ele>-20000.000000</ele>
				<extensions>
					<ns3:TrackPointExtension>
						<ns3:hr>185</ns3:hr>
						<ns3:speed>3.875970</ns3:speed>
						<ns3:cad>86</ns3:cad>
					</ns3:TrackPointExtension>
				</extensions>
			</trkpt>
			<trkpt lat="-6.448250" lon="-35.670973">
				<time>2025-10-26T13:05:51Z</time>
				<ele>-20000.000000</ele>
				<extensions>
					<ns3:TrackPointExtension>
						<ns3:hr>186</ns3:hr>
						<ns3:speed>3.875970</ns3:speed>
						<ns3:cad>86</ns3:cad>
					</ns3:TrackPointExtension>
				</extensions>
			</trkpt>
			<trkpt lat="-6.448247" lon="-35.671005">
				<time>2025-10-26T13:05:52Z</time>
				<ele>-20000.000000</ele>
				<extensions>
					<ns3:TrackPointExtension>
						<ns3:hr>187</ns3:hr>
						<ns3:speed>3.802280</ns3:speed>
						<ns3:cad>86</ns3:cad>
					</ns3:TrackPointExtension>
				</extensions>
			</trkpt>
			<trkpt lat="-6.448243" lon="-35.671039">
				<time>2025-10-26T13:05:53Z</time>
				<ele>-20000.000000</ele>
				<extensions>
					<ns3:TrackPointExtension>
						<ns3:hr>188</ns3:hr>
						<ns3:speed>3.731340</ns3:speed>
						<ns3:cad>87</ns3:cad>
					</ns3:TrackPointExtension>
				</extensions>
			</trkpt>
			<trkpt lat="-6.448242" lon="-35.671071">
				<time>2025-10-26T13:05:54Z</time>
				<ele>-20000.000000</ele>
				<extensions>
					<ns3:TrackPointExtension>
						<ns3:hr>189</ns3:hr>
						<ns3:speed>3.676470</ns3:speed>
						<ns3:cad>87</ns3:cad>
					</ns3:TrackPointExtension>
				</extensions>
			</trkpt>
			<trkpt lat="-6.448241" lon="-35.671103">
				<time>2025-10-26T13:05:55Z</time>
				<ele>-20000.000000</ele>
				<extensions>
					<ns3:TrackPointExtension>
						<ns3:hr>190</ns3:hr>
						<ns3:speed>3.636360</ns3:speed>
						<ns3:cad>87</ns3:cad>
					</ns3:TrackPointExtension>
				</extensions>
			</trkpt>
			<trkpt lat="-6.448241" lon="-35.671136">
				<time>2025-10-26T13:05:56Z</time>
				<ele>-20000.000000</ele>
				<extensions>
					<ns3:TrackPointExtension>
						<ns3:hr>191</ns3:hr>
						<ns3:speed>3.636360</ns3:speed>
						<ns3:cad>86</ns3:cad>
					</ns3:TrackPointExtension>
				</extensions>
			</trkpt>
			<trkpt lat="-6.448240" lon="-35.671168">
				<time>2025-10-26T13:05:57Z</time>
				<ele>-20000.000000</ele>
				<extensions>
					<ns3:TrackPointExtension>
						<ns3:hr>191</ns3:hr>
						<ns3:speed>3.636360</ns3:speed>
						<ns3:cad>86</ns3:cad>
					</ns3:TrackPointExtension>
				</extensions>
			</trkpt>
			<trkpt lat="-6.448239" lon="-35.671201">
				<time>2025-10-26T13:05:58Z</time>
				<ele>-20000.000000</ele>
				<extensions>
					<ns3:TrackPointExtension>
						<ns3:hr>192</ns3:hr>
						<ns3:speed>3.623190</ns3:speed>
						<ns3:cad>86</ns3:cad>
					</ns3:TrackPointExtension>
				</extensions>
			</trkpt>
			<trkpt lat="-6.448238" lon="-35.671234">
				<time>2025-10-26T13:05:59Z</time>
				<ele>-20000.000000</ele>
				<extensions>
					<ns3:TrackPointExtension>
						<ns3:hr>192</ns3:hr>
						<ns3:speed>3.610110</ns3:speed>
						<ns3:cad>86</ns3:cad>
					</ns3:TrackPointExtension>
				</extensions>
			</trkpt>
			<trkpt lat="-6.448235" lon="-35.671266">
				<time>2025-10-26T13:06:00Z</time>
				<ele>-20000.000000</ele>
				<extensions>
					<ns3:TrackPointExtension>
						<ns3:hr>191</ns3:hr>
						<ns3:speed>3.610110</ns3:speed>
						<ns3:cad>86</ns3:cad>
					</ns3:TrackPointExtension>
				</extensions>
			</trkpt>
			<trkpt lat="-6.448234" lon="-35.671298">
				<time>2025-10-26T13:06:01Z</time>
				<ele>-20000.000000</ele>
				<extensions>
					<ns3:TrackPointExtension>
						<ns3:hr>191</ns3:hr>
						<ns3:speed>3.584230</ns3:speed>
						<ns3:cad>86</ns3:cad>
					</ns3:TrackPointExtension>
				</extensions>
			</trkpt>
			<trkpt lat="-6.448231" lon="-35.671329">
				<time>2025-10-26T13:06:02Z</time>
				<ele>-20000.000000</ele>
				<extensions>
					<ns3:TrackPointExtension>
						<ns3:hr>191</ns3:hr>
						<ns3:speed>3.584230</ns3:speed>
						<ns3:cad>85</ns3:cad>
					</ns3:TrackPointExtension>
				</extensions>
			</trkpt>
			<trkpt lat="-6.448226" lon="-35.671359">
				<time>2025-10-26T13:06:03Z</time>
				<ele>-20000.000000</ele>
				<extensions>
					<ns3:TrackPointExtension>
						<ns3:hr>190</ns3:hr>
						<ns3:speed>3.584230</ns3:speed>
						<ns3:cad>85</ns3:cad>
					</ns3:TrackPointExtension>
				</extensions>
			</trkpt>
			<trkpt lat="-6.448220" lon="-35.671389">
				<time>2025-10-26T13:06:04Z</time>
				<ele>-20000.000000</ele>
				<extensions>
					<ns3:TrackPointExtension>
						<ns3:hr>188</ns3:hr>
						<ns3:speed>3.584230</ns3:speed>
						<ns3:cad>85</ns3:cad>
					</ns3:TrackPointExtension>
				</extensions>
			</trkpt>
			<trkpt lat="-6.448213" lon="-35.671420">
				<time>2025-10-26T13:06:05Z</time>
				<ele>-20000.000000</ele>
				<extensions>
					<ns3:TrackPointExtension>
						<ns3:hr>188</ns3:hr>
						<ns3:speed>3.571430</ns3:speed>
						<ns3:cad>84</ns3:cad>
					</ns3:TrackPointExtension>
				</extensions>
			</trkpt>
			<trkpt lat="-6.448207" lon="-35.671450">
				<time>2025-10-26T13:06:06Z</time>
				<ele>-20000.000000</ele>
				<extensions>
					<ns3:TrackPointExtension>
						<ns3:hr>189</ns3:hr>
						<ns3:speed>3.571430</ns3:speed>
						<ns3:cad>84</ns3:cad>
					</ns3:TrackPointExtension>
				</extensions>
			</trkpt>
			<trkpt lat="-6.448200" lon="-35.671480">
				<time>2025-10-26T13:06:07Z</time>
				<ele>-20000.000000</ele>
				<extensions>
					<ns3:TrackPointExtension>
						<ns3:hr>190</ns3:hr>
						<ns3:speed>3.558720</ns3:speed>
						<ns3:cad>84</ns3:cad>
					</ns3:TrackPointExtension>
				</extensions>
			</trkpt>
			<trkpt lat="-6.448195" lon="-35.671510">
				<time>2025-10-26T13:06:08Z</time>
				<ele>-20000.000000</ele>
				<extensions>
					<ns3:TrackPointExtension>
						<ns3:hr>190</ns3:hr>
						<ns3:speed>3.558720</ns3:speed>
						<ns3:cad>84</ns3:cad>
					</ns3:TrackPointExtension>
				</extensions>
			</trkpt>
			<trkpt lat="-6.448193" lon="-35.671539">
				<time>2025-10-26T13:06:09Z</time>
				<ele>-20000.000000</ele>
				<extensions>
					<ns3:TrackPointExtension>
						<ns3:hr>190</ns3:hr>
						<ns3:speed>3.546100</ns3:speed>
						<ns3:cad>84</ns3:cad>
					</ns3:TrackPointExtension>
				</extensions>
			</trkpt>
			<trkpt lat="-6.448184" lon="-35.671568">
				<time>2025-10-26T13:06:10Z</time>
				<ele>-20000.000000</ele>
				<extensions>
					<ns3:TrackPointExtension>
						<ns3:hr>189</ns3:hr>
						<ns3:speed>3.546100</ns3:speed>
						<ns3:cad>84</ns3:cad>
					</ns3:TrackPointExtension>
				</extensions>
			</trkpt>
			<trkpt lat="-6.448178" lon="-35.671595">
				<time>2025-10-26T13:06:11Z</time>
				<ele>-20000.000000</ele>
				<extensions>
					<ns3:TrackPointExtension>
						<ns3:hr>188</ns3:hr>
						<ns3:speed>3.533570</ns3:speed>
						<ns3:cad>83</ns3:cad>
					</ns3:TrackPointExtension>
				</extensions>
			</trkpt>
			<trkpt lat="-6.448173" lon="-35.671623">
				<time>2025-10-26T13:06:12Z</time>
				<ele>-20000.000000</ele>
				<extensions>
					<ns3:TrackPointExtension>
						<ns3:hr>188</ns3:hr>
						<ns3:speed>3.521130</ns3:speed>
						<ns3:cad>83</ns3:cad>
					</ns3:TrackPointExtension>
				</extensions>
			</trkpt>
			<trkpt lat="-6.448169" lon="-35.671650">
				<time>2025-10-26T13:06:13Z</time>
				<ele>-20000.000000</ele>
				<extensions>
					<ns3:TrackPointExtension>
						<ns3:hr>188</ns3:hr>
						<ns3:speed>3.521130</ns3:speed>
						<ns3:cad>82</ns3:cad>
					</ns3:TrackPointExtension>
				</extensions>
			</trkpt>
			<trkpt lat="-6.448170" lon="-35.671676">
				<time>2025-10-26T13:06:14Z</time>
				<ele>-20000.000000</ele>
				<extensions>
					<ns3:TrackPointExtension>
						<ns3:hr>187</ns3:hr>
						<ns3:speed>3.508770</ns3:speed>
						<ns3:cad>82</ns3:cad>
					</ns3:TrackPointExtension>
				</extensions>
			</trkpt>
			<trkpt lat="-6.448171" lon="-35.671701">
				<time>2025-10-26T13:06:15Z</time>
				<ele>-20000.000000</ele>
				<extensions>
					<ns3:TrackPointExtension>
						<ns3:hr>186</ns3:hr>
						<ns3:speed>3.496500</ns3:speed>
						<ns3:cad>82</ns3:cad>
					</ns3:TrackPointExtension>
				</extensions>
			</trkpt>
			<trkpt lat="-6.448173" lon="-35.671722">
				<time>2025-10-26T13:06:16Z</time>
				<ele>-20000.000000</ele>
				<extensions>
					<ns3:TrackPointExtension>
						<ns3:hr>188</ns3:hr>
						<ns3:speed>3.484320</ns3:speed>
						<ns3:cad>82</ns3:cad>
					</ns3:TrackPointExtension>
				</extensions>
			</trkpt>
			<trkpt lat="-6.448176" lon="-35.671741">
				<time>2025-10-26T13:06:17Z</time>
				<ele>-20000.000000</ele>
				<extensions>
					<ns3:TrackPointExtension>
						<ns3:hr>188</ns3:hr>
						<ns3:speed>3.289470</ns3:speed>
						<ns3:cad>82</ns3:cad>
					</ns3:TrackPointExtension>
				</extensions>
			</trkpt>
			<trkpt lat="-6.448179" lon="-35.671758">
				<time>2025-10-26T13:06:18Z</time>
				<ele>-20000.000000</ele>
				<extensions>
					<ns3:TrackPointExtension>
						<ns3:hr>188</ns3:hr>
						<ns3:speed>3.048780</ns3:speed>
						<ns3:cad>82</ns3:cad>
					</ns3:TrackPointExtension>
				</extensions>
			</trkpt>
			<trkpt lat="-6.448183" lon="-35.671772">
				<time>2025-10-26T13:06:19Z</time>
				<ele>-20000.000000</ele>
				<extensions>
					<ns3:TrackPointExtension>
						<ns3:hr>188</ns3:hr>
						<ns3:speed>2.840910</ns3:speed>
						<ns3:cad>81</ns3:cad>
					</ns3:TrackPointExtension>
				</extensions>
			</trkpt>
			<trkpt lat="-6.448187" lon="-35.671785">
				<time>2025-10-26T13:06:20Z</time>
				<ele>-20000.000000</ele>
				<extensions>
					<ns3:TrackPointExtension>
						<ns3:hr>189</ns3:hr>
						<ns3:speed>2.493770</ns3:speed>
						<ns3:cad>80</ns3:cad>
					</ns3:TrackPointExtension>
				</extensions>
			</trkpt>
			<trkpt lat="-6.448191" lon="-35.671798">
				<time>2025-10-26T13:06:21Z</time>
				<ele>-20000.000000</ele>
				<extensions>
					<ns3:TrackPointExtension>
						<ns3:hr>189</ns3:hr>
						<ns3:speed>2.114160</ns3:speed>
						<ns3:cad>79</ns3:cad>
					</ns3:TrackPointExtension>
				</extensions>
			</trkpt>
			<trkpt lat="-6.448195" lon="-35.671810">
				<time>2025-10-26T13:06:22Z</time>
				<ele>-20000.000000</ele>
				<extensions>
					<ns3:TrackPointExtension>
						<ns3:hr>188</ns3:hr>
						<ns3:speed>1.818180</ns3:speed>
						<ns3:cad>78</ns3:cad>
					</ns3:TrackPointExtension>
				</extensions>
			</trkpt>
			<trkpt lat="-6.448197" lon="-35.671822">
				<time>2025-10-26T13:06:23Z</time>
				<ele>-20000.000000</ele>
				<extensions>
					<ns3:TrackPointExtension>
						<ns3:hr>187</ns3:hr>
						<ns3:speed>1.639340</ns3:speed>
						<ns3:cad>76</ns3:cad>
					</ns3:TrackPointExtension>
				</extensions>
			</trkpt>
			<trkpt lat="-6.448199" lon="-35.671833">
				<time>2025-10-26T13:06:24Z</time>
				<ele>-20000.000000</ele>
				<extensions>
					<ns3:TrackPointExtension>
						<ns3:hr>186</ns3:hr>
						<ns3:speed>1.519760</ns3:speed>
						<ns3:cad>74</ns3:cad>
					</ns3:TrackPointExtension>
				</extensions>
			</trkpt>
			<trkpt lat="-6.448200" lon="-35.671845">
				<time>2025-10-26T13:06:25Z</time>
				<ele>-20000.000000</ele>
				<extensions>
					<ns3:TrackPointExtension>
						<ns3:hr>188</ns3:hr>
						<ns3:speed>1.440920</ns3:speed>
						<ns3:cad>73</ns3:cad>
					</ns3:TrackPointExtension>
				</extensions>
			</trkpt>
			<trkpt lat="-6.448202" lon="-35.671858">
				<time>2025-10-26T13:06:26Z</time>
				<ele>-20000.000000</ele>
				<extensions>
					<ns3:TrackPointExtension>
						<ns3:hr>188</ns3:hr>
						<ns3:speed>1.398600</ns3:speed>
						<ns3:cad>55</ns3:cad>
					</ns3:TrackPointExtension>
				</extensions>
			</trkpt>
			<trkpt lat="-6.448203" lon="-35.671873">
				<time>2025-10-26T13:06:27Z</time>
				<ele>-20000.000000</ele>
				<extensions>
					<ns3:TrackPointExtension>
						<ns3:hr>189</ns3:hr>
						<ns3:speed>1.379310</ns3:speed>
						<ns3:cad>55</ns3:cad>
					</ns3:TrackPointExtension>
				</extensions>
			</trkpt>
			<trkpt lat="-6.448204" lon="-35.671889">
				<time>2025-10-26T13:06:28Z</time>
				<ele>-20000.000000</ele>
				<extensions>
					<ns3:TrackPointExtension>
						<ns3:hr>188</ns3:hr>
						<ns3:speed>1.375520</ns3:speed>
						<ns3:cad>55</ns3:cad>
					</ns3:TrackPointExtension>
				</extensions>
			</trkpt>
			<trkpt lat="-6.448204" lon="-35.671907">
				<time>2025-10-26T13:06:29Z</time>
				<ele>-20000.000000</ele>
				<extensions>
					<ns3:TrackPointExtension>
						<ns3:hr>187</ns3:hr>
						<ns3:speed>1.375520</ns3:speed>
						<ns3:cad>55</ns3:cad>
					</ns3:TrackPointExtension>
				</extensions>
			</trkpt>
			<trkpt lat="-6.448203" lon="-35.671929">
				<time>2025-10-26T13:06:30Z</time>
				<ele>-20000.000000</ele>
				<extensions>
					<ns3:TrackPointExtension>
						<ns3:hr>186</ns3:hr>
						<ns3:speed>1.406470</ns3:speed>
						<ns3:cad>55</ns3:cad>
					</ns3:TrackPointExtension>
				</extensions>
			</trkpt>
			<trkpt lat="-6.448203" lon="-35.671955">
				<time>2025-10-26T13:06:31Z</time>
				<ele>-20000.000000</ele>
				<extensions>
					<ns3:TrackPointExtension>
						<ns3:hr>187</ns3:hr>
						<ns3:speed>1.492540</ns3:speed>
						<ns3:cad>58</ns3:cad>
					</ns3:TrackPointExtension>
				</extensions>
			</trkpt>
			<trkpt lat="-6.448204" lon="-35.671983">
				<time>2025-10-26T13:06:32Z</time>
				<ele>-20000.000000</ele>
				<extensions>
					<ns3:TrackPointExtension>
						<ns3:hr>186</ns3:hr>
						<ns3:speed>1.700680</ns3:speed>
						<ns3:cad>58</ns3:cad>
					</ns3:TrackPointExtension>
				</extensions>
			</trkpt>
			<trkpt lat="-6.448205" lon="-35.672012">
				<time>2025-10-26T13:06:33Z</time>
				<ele>-20000.000000</ele>
				<extensions>
					<ns3:TrackPointExtension>
						<ns3:hr>186</ns3:hr>
						<ns3:speed>2.049180</ns3:speed>
						<ns3:cad>58</ns3:cad>
					</ns3:TrackPointExtension>
				</extensions>
			</trkpt>
			<trkpt lat="-6.448205" lon="-35.672043">
				<time>2025-10-26T13:06:34Z</time>
				<ele>-20000.000000</ele>
				<extensions>
					<ns3:TrackPointExtension>
						<ns3:hr>187</ns3:hr>
						<ns3:speed>2.493770</ns3:speed>
						<ns3:cad>80</ns3:cad>
					</ns3:TrackPointExtension>
				</extensions>
			</trkpt>
			<trkpt lat="-6.448205" lon="-35.672075">
				<time>2025-10-26T13:06:35Z</time>
				<ele>-20000.000000</ele>
				<extensions>
					<ns3:TrackPointExtension>
						<ns3:hr>187</ns3:hr>
						<ns3:speed>2.881840</ns3:speed>
						<ns3:cad>80</ns3:cad>
					</ns3:TrackPointExtension>
				</extensions>
			</trkpt>
			<trkpt lat="-6.448205" lon="-35.672106">
				<time>2025-10-26T13:06:36Z</time>
				<ele>-20000.000000</ele>
				<extensions>
					<ns3:TrackPointExtension>
						<ns3:hr>187</ns3:hr>
						<ns3:speed>3.144650</ns3:speed>
						<ns3:cad>80</ns3:cad>
					</ns3:TrackPointExtension>
				</extensions>
			</trkpt>
			<trkpt lat="-6.448207" lon="-35.672137">
				<time>2025-10-26T13:06:37Z</time>
				<ele>-20000.000000</ele>
				<extensions>
					<ns3:TrackPointExtension>
						<ns3:hr>187</ns3:hr>
						<ns3:speed>3.289470</ns3:speed>
						<ns3:cad>80</ns3:cad>
					</ns3:TrackPointExtension>
				</extensions>
			</trkpt>
			<trkpt lat="-6.448209" lon="-35.672169">
				<time>2025-10-26T13:06:38Z</time>
				<ele>-20000.000000</ele>
				<extensions>
					<ns3:TrackPointExtension>
						<ns3:hr>188</ns3:hr>
						<ns3:speed>3.355700</ns3:speed>
						<ns3:cad>81</ns3:cad>
					</ns3:TrackPointExtension>
				</extensions>
			</trkpt>
			<trkpt lat="-6.448213" lon="-35.672201">
				<time>2025-10-26T13:06:39Z</time>
				<ele>-20000.000000</ele>
				<extensions>
					<ns3:TrackPointExtension>
						<ns3:hr>188</ns3:hr>
						<ns3:speed>3.401360</ns3:speed>
						<ns3:cad>81</ns3:cad>
					</ns3:TrackPointExtension>
				</extensions>
			</trkpt>
			<trkpt lat="-6.448214" lon="-35.672233">
				<time>2025-10-26T13:06:40Z</time>
				<ele>-20000.000000</ele>
				<extensions>
					<ns3:TrackPointExtension>
						<ns3:hr>186</ns3:hr>
						<ns3:speed>3.436430</ns3:speed>
						<ns3:cad>81</ns3:cad>
					</ns3:TrackPointExtension>
				</extensions>
			</trkpt>
			<trkpt lat="-6.448215" lon="-35.672263">
				<time>2025-10-26T13:06:41Z</time>
				<ele>-20000.000000</ele>
				<extensions>
					<ns3:TrackPointExtension>
						<ns3:hr>187</ns3:hr>
						<ns3:speed>3.472220</ns3:speed>
						<ns3:cad>81</ns3:cad>
					</ns3:TrackPointExtension>
				</extensions>
			</trkpt>
			<trkpt lat="-6.448213" lon="-35.672295">
				<time>2025-10-26T13:06:42Z</time>
				<ele>-20000.000000</ele>
				<extensions>
					<ns3:TrackPointExtension>
						<ns3:hr>186</ns3:hr>
						<ns3:speed>3.472220</ns3:speed>
						<ns3:cad>81</ns3:cad>
					</ns3:TrackPointExtension>
				</extensions>
			</trkpt>
			<trkpt lat="-6.448210" lon="-35.672326">
				<time>2025-10-26T13:06:43Z</time>
				<ele>-20000.000000</ele>
				<extensions>
					<ns3:TrackPointExtension>
						<ns3:hr>188</ns3:hr>
						<ns3:speed>3.496500</ns3:speed>
						<ns3:cad>82</ns3:cad>
					</ns3:TrackPointExtension>
				</extensions>
			</trkpt>
			<trkpt lat="-6.448208" lon="-35.672358">
				<time>2025-10-26T13:06:44Z</time>
				<ele>-20000.000000</ele>
				<extensions>
					<ns3:TrackPointExtension>
						<ns3:hr>188</ns3:hr>
						<ns3:speed>3.496500</ns3:speed>
						<ns3:cad>82</ns3:cad>
					</ns3:TrackPointExtension>
				</extensions>
			</trkpt>
			<trkpt lat="-6.448207" lon="-35.672388">
				<time>2025-10-26T13:06:45Z</time>
				<ele>-20000.000000</ele>
				<extensions>
					<ns3:TrackPointExtension>
						<ns3:hr>188</ns3:hr>
						<ns3:speed>3.484320</ns3:speed>
						<ns3:cad>82</ns3:cad>
					</ns3:TrackPointExtension>
				</extensions>
			</trkpt>
			<trkpt lat="-6.448206" lon="-35.672416">
				<time>2025-10-26T13:06:46Z</time>
				<ele>-20000.000000</ele>
				<extensions>
					<ns3:TrackPointExtension>
						<ns3:hr>187</ns3:hr>
						<ns3:speed>3.424660</ns3:speed>
						<ns3:cad>82</ns3:cad>
					</ns3:TrackPointExtension>
				</extensions>
			</trkpt>
			<trkpt lat="-6.448207" lon="-35.672446">
				<time>2025-10-26T13:06:47Z</time>
				<ele>-20000.000000</ele>
				<extensions>
					<ns3:TrackPointExtension>
						<ns3:hr>186</ns3:hr>
						<ns3:speed>3.389830</ns3:speed>
						<ns3:cad>81</ns3:cad>
					</ns3:TrackPointExtension>
				</extensions>
			</trkpt>
			<trkpt lat="-6.448208" lon="-35.672476">
				<time>2025-10-26T13:06:48Z</time>
				<ele>-20000.000000</ele>
				<extensions>
					<ns3:TrackPointExtension>
						<ns3:hr>186</ns3:hr>
						<ns3:speed>3.367000</ns3:speed>
						<ns3:cad>81</ns3:cad>
					</ns3:TrackPointExtension>
				</extensions>
			</trkpt>
			<trkpt lat="-6.448209" lon="-35.672507">
				<time>2025-10-26T13:06:49Z</time>
				<ele>-20000.000000</ele>
				<extensions>
					<ns3:TrackPointExtension>
						<ns3:hr>186</ns3:hr>
						<ns3:speed>3.367000</ns3:speed>
						<ns3:cad>81</ns3:cad>
					</ns3:TrackPointExtension>
				</extensions>
			</trkpt>
			<trkpt lat="-6.448210" lon="-35.672536">
				<time>2025-10-26T13:06:50Z</time>
				<ele>-20000.000000</ele>
				<extensions>
					<ns3:TrackPointExtension>
						<ns3:hr>186</ns3:hr>
						<ns3:speed>3.311260</ns3:speed>
						<ns3:cad>80</ns3:cad>
					</ns3:TrackPointExtension>
				</extensions>
			</trkpt>
			<trkpt lat="-6.448211" lon="-35.672564">
				<time>2025-10-26T13:06:51Z</time>
				<ele>-20000.000000</ele>
				<extensions>
					<ns3:TrackPointExtension>
						<ns3:hr>187</ns3:hr>
						<ns3:speed>3.267970</ns3:speed>
						<ns3:cad>80</ns3:cad>
					</ns3:TrackPointExtension>
				</extensions>
			</trkpt>
			<trkpt lat="-6.448212" lon="-35.672592">
				<time>2025-10-26T13:06:52Z</time>
				<ele>-20000.000000</ele>
				<extensions>
					<ns3:TrackPointExtension>
						<ns3:hr>186</ns3:hr>
						<ns3:speed>3.246750</ns3:speed>
						<ns3:cad>80</ns3:cad>
					</ns3:TrackPointExtension>
				</extensions>
			</trkpt>
			<trkpt lat="-6.448214" lon="-35.672620">
				<time>2025-10-26T13:06:53Z</time>
				<ele>-20000.000000</ele>
				<extensions>
					<ns3:TrackPointExtension>
						<ns3:hr>186</ns3:hr>
						<ns3:speed>3.246750</ns3:speed>
						<ns3:cad>80</ns3:cad>
					</ns3:TrackPointExtension>
				</extensions>
			</trkpt>
			<trkpt lat="-6.448221" lon="-35.672645">
				<time>2025-10-26T13:06:54Z</time>
				<ele>-20000.000000</ele>
				<extensions>
					<ns3:TrackPointExtension>
						<ns3:hr>186</ns3:hr>
						<ns3:speed>3.225810</ns3:speed>
						<ns3:cad>81</ns3:cad>
					</ns3:TrackPointExtension>
				</extensions>
			</trkpt>
			<trkpt lat="-6.448229" lon="-35.672669">
				<time>2025-10-26T13:06:55Z</time>
				<ele>-20000.000000</ele>
				<extensions>
					<ns3:TrackPointExtension>
						<ns3:hr>186</ns3:hr>
						<ns3:speed>3.105590</ns3:speed>
						<ns3:cad>81</ns3:cad>
					</ns3:TrackPointExtension>
				</extensions>
			</trkpt>
			<trkpt lat="-6.448238" lon="-35.672693">
				<time>2025-10-26T13:06:56Z</time>
				<ele>-20000.000000</ele>
				<extensions>
					<ns3:TrackPointExtension>
						<ns3:hr>186</ns3:hr>
						<ns3:speed>3.105590</ns3:speed>
						<ns3:cad>81</ns3:cad>
					</ns3:TrackPointExtension>
				</extensions>
			</trkpt>
			<trkpt lat="-6.448248" lon="-35.672718">
				<time>2025-10-26T13:06:57Z</time>
				<ele>-20000.000000</ele>
				<extensions>
					<ns3:TrackPointExtension>
						<ns3:hr>186</ns3:hr>
						<ns3:speed>3.048780</ns3:speed>
						<ns3:cad>81</ns3:cad>
					</ns3:TrackPointExtension>
				</extensions>
			</trkpt>
			<trkpt lat="-6.448259" lon="-35.672744">
				<time>2025-10-26T13:06:58Z</time>
				<ele>-20000.000000</ele>
				<extensions>
					<ns3:TrackPointExtension>
						<ns3:hr>185</ns3:hr>
						<ns3:speed>3.012050</ns3:speed>
						<ns3:cad>81</ns3:cad>
					</ns3:TrackPointExtension>
				</extensions>
			</trkpt>
			<trkpt lat="-6.448271" lon="-35.672770">
				<time>2025-10-26T13:06:59Z</time>
				<ele>-20000.000000</ele>
				<extensions>
					<ns3:TrackPointExtension>
						<ns3:hr>183</ns3:hr>
						<ns3:speed>3.003000</ns3:speed>
						<ns3:cad>81</ns3:cad>
					</ns3:TrackPointExtension>
				</extensions>
			</trkpt>
			<trkpt lat="-6.448287" lon="-35.672796">
				<time>2025-10-26T13:07:00Z</time>
				<ele>-20000.000000</ele>
				<extensions>
					<ns3:TrackPointExtension>
						<ns3:hr>184</ns3:hr>
						<ns3:speed>3.003000</ns3:speed>
						<ns3:cad>81</ns3:cad>
					</ns3:TrackPointExtension>
				</extensions>
			</trkpt>
			<trkpt lat="-6.448301" lon="-35.672820">
				<time>2025-10-26T13:07:01Z</time>
				<ele>-20000.000000</ele>
				<extensions>
					<ns3:TrackPointExtension>
						<ns3:hr>185</ns3:hr>
						<ns3:speed>3.003000</ns3:speed>
						<ns3:cad>81</ns3:cad>
					</ns3:TrackPointExtension>
				</extensions>
			</trkpt>
			<trkpt lat="-6.448315" lon="-35.672842">
				<time>2025-10-26T13:07:02Z</time>
				<ele>-20000.000000</ele>
				<extensions>
					<ns3:TrackPointExtension>
						<ns3:hr>185</ns3:hr>
						<ns3:speed>3.021150</ns3:speed>
						<ns3:cad>81</ns3:cad>
					</ns3:TrackPointExtension>
				</extensions>
			</trkpt>
			<trkpt lat="-6.448329" lon="-35.672863">
				<time>2025-10-26T13:07:03Z</time>
				<ele>-20000.000000</ele>
				<extensions>
					<ns3:TrackPointExtension>
						<ns3:hr>184</ns3:hr>
						<ns3:speed>3.039510</ns3:speed>
						<ns3:cad>81</ns3:cad>
					</ns3:TrackPointExtension>
				</extensions>
			</trkpt>
			<trkpt lat="-6.448343" lon="-35.672883">
				<time>2025-10-26T13:07:04Z</time>
				<ele>-20000.000000</ele>
				<extensions>
					<ns3:TrackPointExtension>
						<ns3:hr>185</ns3:hr>
						<ns3:speed>3.039510</ns3:speed>
						<ns3:cad>81</ns3:cad>
					</ns3:TrackPointExtension>
				</extensions>
			</trkpt>
			<trkpt lat="-6.448357" lon="-35.672903">
				<time>2025-10-26T13:07:05Z</time>
				<ele>-20000.000000</ele>
				<extensions>
					<ns3:TrackPointExtension>
						<ns3:hr>185</ns3:hr>
						<ns3:speed>3.039510</ns3:speed>
						<ns3:cad>81</ns3:cad>
					</ns3:TrackPointExtension>
				</extensions>
			</trkpt>
			<trkpt lat="-6.448372" lon="-35.672924">
				<time>2025-10-26T13:07:06Z</time>
				<ele>-20000.000000</ele>
				<extensions>
					<ns3:TrackPointExtension>
						<ns3:hr>184</ns3:hr>
						<ns3:speed>3.039510</ns3:speed>
						<ns3:cad>81</ns3:cad>
					</ns3:TrackPointExtension>
				</extensions>
			</trkpt>
			<trkpt lat="-6.448386" lon="-35.672946">
				<time>2025-10-26T13:07:07Z</time>
				<ele>-20000.000000</ele>
				<extensions>
					<ns3:TrackPointExtension>
						<ns3:hr>184</ns3:hr>
						<ns3:speed>3.030300</ns3:speed>
						<ns3:cad>81</ns3:cad>
					</ns3:TrackPointExtension>
				</extensions>
			</trkpt>
			<trkpt lat="-6.448402" lon="-35.672968">
				<time>2025-10-26T13:07:08Z</time>
				<ele>-20000.000000</ele>
				<extensions>
					<ns3:TrackPointExtension>
						<ns3:hr>184</ns3:hr>
						<ns3:speed>3.021150</ns3:speed>
						<ns3:cad>81</ns3:cad>
					</ns3:TrackPointExtension>
				</extensions>
			</trkpt>
			<trkpt lat="-6.448418" lon="-35.672989">
				<time>2025-10-26T13:07:09Z</time>
				<ele>-20000.000000</ele>
				<extensions>
					<ns3:TrackPointExtension>
						<ns3:hr>184</ns3:hr>
						<ns3:speed>3.012050</ns3:speed>
						<ns3:cad>81</ns3:cad>
					</ns3:TrackPointExtension>
				</extensions>
			</trkpt>
			<trkpt lat="-6.448436" lon="-35.673010">
				<time>2025-10-26T13:07:10Z</time>
				<ele>-20000.000000</ele>
				<extensions>
					<ns3:TrackPointExtension>
						<ns3:hr>184</ns3:hr>
						<ns3:speed>2.923980</ns3:speed>
						<ns3:cad>80</ns3:cad>
					</ns3:TrackPointExtension>
				</extensions>
			</trkpt>
			<trkpt lat="-6.448454" lon="-35.673030">
				<time>2025-10-26T13:07:11Z</time>
				<ele>-20000.000000</ele>
				<extensions>
					<ns3:TrackPointExtension>
						<ns3:hr>185</ns3:hr>
						<ns3:speed>2.857140</ns3:speed>
						<ns3:cad>80</ns3:cad>
					</ns3:TrackPointExtension>
				</extensions>
			</trkpt>
			<trkpt lat="-6.448471" lon="-35.673050">
				<time>2025-10-26T13:07:12Z</time>
				<ele>-20000.000000</ele>
				<extensions>
					<ns3:TrackPointExtension>
						<ns3:hr>184</ns3:hr>
						<ns3:speed>2.857140</ns3:speed>
						<ns3:cad>80</ns3:cad>
					</ns3:TrackPointExtension>
				</extensions>
			</trkpt>
			<trkpt lat="-6.448485" lon="-35.673070">
				<time>2025-10-26T13:07:13Z</time>
				<ele>-20000.000000</ele>
				<extensions>
					<ns3:TrackPointExtension>
						<ns3:hr>183</ns3:hr>
						<ns3:speed>2.865330</ns3:speed>
						<ns3:cad>80</ns3:cad>
					</ns3:TrackPointExtension>
				</extensions>
			</trkpt>
			<trkpt lat="-6.448499" lon="-35.673089">
				<time>2025-10-26T13:07:14Z</time>
				<ele>-20000.000000</ele>
				<extensions>
					<ns3:TrackPointExtension>
						<ns3:hr>183</ns3:hr>
						<ns3:speed>2.865330</ns3:speed>
						<ns3:cad>80</ns3:cad>
					</ns3:TrackPointExtension>
				</extensions>
			</trkpt>
			<trkpt lat="-6.448511" lon="-35.673106">
				<time>2025-10-26T13:07:15Z</time>
				<ele>-20000.000000</ele>
				<extensions>
					<ns3:TrackPointExtension>
						<ns3:hr>183</ns3:hr>
						<ns3:speed>2.865330</ns3:speed>
						<ns3:cad>80</ns3:cad>
					</ns3:TrackPointExtension>
				</extensions>
			</trkpt>
			<trkpt lat="-6.448523" lon="-35.673122">
				<time>2025-10-26T13:07:16Z</time>
				<ele>-20000.000000</ele>
				<extensions>
					<ns3:TrackPointExtension>
						<ns3:hr>183</ns3:hr>
						<ns3:speed>2.857140</ns3:speed>
						<ns3:cad>80</ns3:cad>
					</ns3:TrackPointExtension>
				</extensions>
			</trkpt>
			<trkpt lat="-6.448534" lon="-35.673137">
				<time>2025-10-26T13:07:17Z</time>
				<ele>-20000.000000</ele>
				<extensions>
					<ns3:TrackPointExtension>
						<ns3:hr>182</ns3:hr>
						<ns3:speed>2.824860</ns3:speed>
						<ns3:cad>80</ns3:cad>
					</ns3:TrackPointExtension>
				</extensions>
			</trkpt>
			<trkpt lat="-6.448541" lon="-35.673151">
				<time>2025-10-26T13:07:18Z</time>
				<ele>-20000.000000</ele>
				<extensions>
					<ns3:TrackPointExtension>
						<ns3:hr>183</ns3:hr>
						<ns3:speed>2.754820</ns3:speed>
						<ns3:cad>80</ns3:cad>
					</ns3:TrackPointExtension>
				</extensions>
			</trkpt>
			<trkpt lat="-6.448546" lon="-35.673163">
				<time>2025-10-26T13:07:19Z</time>
				<ele>-20000.000000</ele>
				<extensions>
					<ns3:TrackPointExtension>
						<ns3:hr>182</ns3:hr>
						<ns3:speed>2.638520</ns3:speed>
						<ns3:cad>80</ns3:cad>
					</ns3:TrackPointExtension>
				</extensions>
			</trkpt>
			<trkpt lat="-6.448551" lon="-35.673173">
				<time>2025-10-26T13:07:20Z</time>
				<ele>-20000.000000</ele>
				<extensions>
					<ns3:TrackPointExtension>
						<ns3:hr>182</ns3:hr>
						<ns3:speed>2.500000</ns3:speed>
						<ns3:cad>79</ns3:cad>
					</ns3:TrackPointExtension>
				</extensions>
			</trkpt>
			<trkpt lat="-6.448555" lon="-35.673180">
				<time>2025-10-26T13:07:21Z</time>
				<ele>-20000.000000</ele>
				<extensions>
					<ns3:TrackPointExtension>
						<ns3:hr>182</ns3:hr>
						<ns3:speed>2.341920</ns3:speed>
						<ns3:cad>79</ns3:cad>
					</ns3:TrackPointExtension>
				</extensions>
			</trkpt>
			<trkpt lat="-6.448559" lon="-35.673188">
				<time>2025-10-26T13:07:22Z</time>
				<ele>-20000.000000</ele>
				<extensions>
					<ns3:TrackPointExtension>
						<ns3:hr>183</ns3:hr>
						<ns3:speed>2.155170</ns3:speed>
						<ns3:cad>79</ns3:cad>
					</ns3:TrackPointExtension>
				</extensions>
			</trkpt>
			<trkpt lat="-6.448564" lon="-35.673197">
				<time>2025-10-26T13:07:23Z</time>
				<ele>-20000.000000</ele>
				<extensions>
					<ns3:TrackPointExtension>
						<ns3:hr>183</ns3:hr>
						<ns3:speed>2.105260</ns3:speed>
						<ns3:cad>78</ns3:cad>
					</ns3:TrackPointExtension>
				</extensions>
			</trkpt>
			<trkpt lat="-6.448569" lon="-35.673207">
				<time>2025-10-26T13:07:24Z</time>
				<ele>-20000.000000</ele>
				<extensions>
					<ns3:TrackPointExtension>
						<ns3:hr>183</ns3:hr>
						<ns3:speed>1.453490</ns3:speed>
						<ns3:cad>60</ns3:cad>
					</ns3:TrackPointExtension>
				</extensions>
			</trkpt>
			<trkpt lat="-6.448571" lon="-35.673213">
				<time>2025-10-26T13:07:25Z</time>
				<ele>-20000.000000</ele>
				<extensions>
					<ns3:TrackPointExtension>
						<ns3:hr>182</ns3:hr>
						<ns3:speed>1.479290</ns3:speed>
						<ns3:cad>57</ns3:cad>
					</ns3:TrackPointExtension>
				</extensions>
			</trkpt>
			<trkpt lat="-6.448570" lon="-35.673217">
				<time>2025-10-26T13:07:26Z</time>
				<ele>-20000.000000</ele>
				<extensions>
					<ns3:TrackPointExtension>
						<ns3:hr>181</ns3:hr>
						<ns3:speed>1.562500</ns3:speed>
						<ns3:cad>53</ns3:cad>
					</ns3:TrackPointExtension>
				</extensions>
			</trkpt>
			<trkpt lat="-6.448565" lon="-35.673220">
				<time>2025-10-26T13:07:27Z</time>
				<ele>-20000.000000</ele>
				<extensions>
					<ns3:TrackPointExtension>
						<ns3:hr>182</ns3:hr>
						<ns3:speed>1.562500</ns3:speed>
						<ns3:cad>53</ns3:cad>
					</ns3:TrackPointExtension>
				</extensions>
			</trkpt>
			<trkpt lat="-6.448560" lon="-35.673222">
				<time>2025-10-26T13:07:28Z</time>
				<ele>-20000.000000</ele>
				<extensions>
					<ns3:TrackPointExtension>
						<ns3:hr>182</ns3:hr>
						<ns3:speed>1.466280</ns3:speed>
						<ns3:cad>54</ns3:cad>
					</ns3:TrackPointExtension>
				</extensions>
			</trkpt>
			<trkpt lat="-6.448554" lon="-35.673225">
				<time>2025-10-26T13:07:29Z</time>
				<ele>-20000.000000</ele>
				<extensions>
					<ns3:TrackPointExtension>
						<ns3:hr>182</ns3:hr>
						<ns3:speed>1.179250</ns3:speed>
						<ns3:cad>55</ns3:cad>
					</ns3:TrackPointExtension>
				</extensions>
			</trkpt>
			<trkpt lat="-6.448549" lon="-35.673229">
				<time>2025-10-26T13:07:30Z</time>
				<ele>-20000.000000</ele>
				<extensions>
					<ns3:TrackPointExtension>
						<ns3:hr>182</ns3:hr>
						<ns3:speed>0.853970</ns3:speed>
						<ns3:cad>55</ns3:cad>
					</ns3:TrackPointExtension>
				</extensions>
			</trkpt>
			<trkpt lat="-6.448545" lon="-35.673233">
				<time>2025-10-26T13:07:31Z</time>
				<ele>-20000.000000</ele>
				<extensions>
					<ns3:TrackPointExtension>
						<ns3:hr>182</ns3:hr>
						<ns3:speed>0.727270</ns3:speed>
						<ns3:cad>55</ns3:cad>
					</ns3:TrackPointExtension>
				</extensions>
			</trkpt>
			<trkpt lat="-6.448541" lon="-35.673238">
				<time>2025-10-26T13:07:32Z</time>
				<ele>-20000.000000</ele>
				<extensions>
					<ns3:TrackPointExtension>
						<ns3:hr>182</ns3:hr>
						<ns3:speed>0.681200</ns3:speed>
						<ns3:cad>55</ns3:cad>
					</ns3:TrackPointExtension>
				</extensions>
			</trkpt>
			<trkpt lat="-6.448538" lon="-35.673243">
				<time>2025-10-26T13:07:33Z</time>
				<ele>-20000.000000</ele>
				<extensions>
					<ns3:TrackPointExtension>
						<ns3:hr>181</ns3:hr>
						<ns3:speed>0.668000</ns3:speed>
						<ns3:cad>55</ns3:cad>
					</ns3:TrackPointExtension>
				</extensions>
			</trkpt>
			<trkpt lat="-6.448535" lon="-35.673246">
				<time>2025-10-26T13:07:34Z</time>
				<ele>-20000.000000</ele>
				<extensions>
					<ns3:TrackPointExtension>
						<ns3:hr>180</ns3:hr>
						<ns3:speed>0.668000</ns3:speed>
						<ns3:cad>65</ns3:cad>
					</ns3:TrackPointExtension>
				</extensions>
			</trkpt>
			<trkpt lat="-6.448533" lon="-35.673249">
				<time>2025-10-26T13:07:35Z</time>
				<ele>-20000.000000</ele>
				<extensions>
					<ns3:TrackPointExtension>
						<ns3:hr>179</ns3:hr>
						<ns3:speed>0.668000</ns3:speed>
						<ns3:cad>66</ns3:cad>
					</ns3:TrackPointExtension>
				</extensions>
			</trkpt>
			<trkpt lat="-6.448532" lon="-35.673251">
				<time>2025-10-26T13:07:36Z</time>
				<ele>-20000.000000</ele>
				<extensions>
					<ns3:TrackPointExtension>
						<ns3:hr>178</ns3:hr>
						<ns3:speed>0.647250</ns3:speed>
						<ns3:cad>65</ns3:cad>
					</ns3:TrackPointExtension>
				</extensions>
			</trkpt>
			<trkpt lat="-6.448531" lon="-35.673253">
				<time>2025-10-26T13:07:37Z</time>
				<ele>-20000.000000</ele>
				<extensions>
					<ns3:TrackPointExtension>
						<ns3:hr>178</ns3:hr>
						<ns3:speed>0.602050</ns3:speed>
						<ns3:cad>65</ns3:cad>
					</ns3:TrackPointExtension>
				</extensions>
			</trkpt>
			<trkpt lat="-6.448531" lon="-35.673254">
				<time>2025-10-26T13:07:38Z</time>
				<ele>-20000.000000</ele>
				<extensions>
					<ns3:TrackPointExtension>
						<ns3:hr>178</ns3:hr>
						<ns3:speed>0.555560</ns3:speed>
						<ns3:cad>66</ns3:cad>
					</ns3:TrackPointExtension>
				</extensions>
			</trkpt>
			<trkpt lat="-6.448531" lon="-35.673255">
				<time>2025-10-26T13:07:39Z</time>
				<ele>-20000.000000</ele>
				<extensions>
					<ns3:TrackPointExtension>
						<ns3:hr>178</ns3:hr>
						<ns3:speed>0.000000</ns3:speed>
						<ns3:cad>0</ns3:cad>
					</ns3:TrackPointExtension>
				</extensions>
			</trkpt>
			<trkpt lat="-6.448532" lon="-35.673255">
				<time>2025-10-26T13:07:40Z</time>
				<ele>-20000.000000</ele>
				<extensions>
					<ns3:TrackPointExtension>
						<ns3:hr>177</ns3:hr>
						<ns3:speed>0.000000</ns3:speed>
						<ns3:cad>0</ns3:cad>
					</ns3:TrackPointExtension>
				</extensions>
			</trkpt>
			<trkpt lat="-6.448533" lon="-35.673255">
				<time>2025-10-26T13:07:41Z</time>
				<ele>-20000.000000</ele>
				<extensions>
					<ns3:TrackPointExtension>
						<ns3:hr>177</ns3:hr>
						<ns3:speed>0.000000</ns3:speed>
						<ns3:cad>0</ns3:cad>
					</ns3:TrackPointExtension>
				</extensions>
			</trkpt>
			<trkpt lat="-6.448534" lon="-35.673256">
				<time>2025-10-26T13:07:42Z</time>
				<ele>-20000.000000</ele>
				<extensions>
					<ns3:TrackPointExtension>
						<ns3:hr>177</ns3:hr>
						<ns3:speed>0.000000</ns3:speed>
						<ns3:cad>0</ns3:cad>
					</ns3:TrackPointExtension>
				</extensions>
			</trkpt>
			<trkpt lat="-6.448534" lon="-35.673255">
				<time>2025-10-26T13:07:43Z</time>
				<ele>-20000.000000</ele>
				<extensions>
					<ns3:TrackPointExtension>
						<ns3:hr>176</ns3:hr>
						<ns3:speed>0.000000</ns3:speed>
						<ns3:cad>0</ns3:cad>
					</ns3:TrackPointExtension>
				</extensions>
			</trkpt>
			<trkpt lat="-6.448534" lon="-35.673255">
				<time>2025-10-26T13:07:44Z</time>
				<ele>-20000.000000</ele>
				<extensions>
					<ns3:TrackPointExtension>
						<ns3:hr>176</ns3:hr>
						<ns3:speed>0.000000</ns3:speed>
						<ns3:cad>0</ns3:cad>
					</ns3:TrackPointExtension>
				</extensions>
			</trkpt>
			<trkpt lat="-6.448535" lon="-35.673255">
				<time>2025-10-26T13:07:45Z</time>
				<ele>-20000.000000</ele>
				<extensions>
					<ns3:TrackPointExtension>
						<ns3:hr>175</ns3:hr>
						<ns3:speed>0.000000</ns3:speed>
						<ns3:cad>0</ns3:cad>
					</ns3:TrackPointExtension>
				</extensions>
			</trkpt>
			<trkpt lat="-6.448535" lon="-35.673260">
				<time>2025-10-26T13:07:46Z</time>
				<ele>-20000.000000</ele>
				<extensions>
					<ns3:TrackPointExtension>
						<ns3:hr>173</ns3:hr>
						<ns3:speed>0.000000</ns3:speed>
						<ns3:cad>0</ns3:cad>
					</ns3:TrackPointExtension>
				</extensions>
			</trkpt>
			<trkpt lat="-6.448534" lon="-35.673267">
				<time>2025-10-26T13:07:47Z</time>
				<ele>-20000.000000</ele>
				<extensions>
					<ns3:TrackPointExtension>
						<ns3:hr>172</ns3:hr>
						<ns3:speed>0.000000</ns3:speed>
						<ns3:cad>0</ns3:cad>
					</ns3:TrackPointExtension>
				</extensions>
			</trkpt>
			<trkpt lat="-6.448532" lon="-35.673277">
				<time>2025-10-26T13:07:48Z</time>
				<ele>-20000.000000</ele>
				<extensions>
					<ns3:TrackPointExtension>
						<ns3:hr>172</ns3:hr>
						<ns3:speed>1.144160</ns3:speed>
						<ns3:cad>0</ns3:cad>
					</ns3:TrackPointExtension>
				</extensions>
			</trkpt>
			<trkpt lat="-6.448531" lon="-35.673288">
				<time>2025-10-26T13:07:49Z</time>
				<ele>-20000.000000</ele>
				<extensions>
					<ns3:TrackPointExtension>
						<ns3:hr>173</ns3:hr>
						<ns3:speed>1.144160</ns3:speed>
						<ns3:cad>0</ns3:cad>
					</ns3:TrackPointExtension>
				</extensions>
			</trkpt>
			<trkpt lat="-6.448530" lon="-35.673301">
				<time>2025-10-26T13:07:50Z</time>
				<ele>-20000.000000</ele>
				<extensions>
					<ns3:TrackPointExtension>
						<ns3:hr>173</ns3:hr>
						<ns3:speed>1.272260</ns3:speed>
						<ns3:cad>0</ns3:cad>
					</ns3:TrackPointExtension>
				</extensions>
			</trkpt>
			<trkpt lat="-6.448529" lon="-35.673316">
				<time>2025-10-26T13:07:51Z</time>
				<ele>-20000.000000</ele>
				<extensions>
					<ns3:TrackPointExtension>
						<ns3:hr>174</ns3:hr>
						<ns3:speed>1.404490</ns3:speed>
						<ns3:cad>0</ns3:cad>
					</ns3:TrackPointExtension>
				</extensions>
			</trkpt>
			<trkpt lat="-6.448527" lon="-35.673340">
				<time>2025-10-26T13:07:52Z</time>
				<ele>-20000.000000</ele>
				<extensions>
					<ns3:TrackPointExtension>
						<ns3:hr>175</ns3:hr>
						<ns3:speed>1.472750</ns3:speed>
						<ns3:cad>80</ns3:cad>
					</ns3:TrackPointExtension>
				</extensions>
			</trkpt>
			<trkpt lat="-6.448525" lon="-35.673371">
				<time>2025-10-26T13:07:53Z</time>
				<ele>-20000.000000</ele>
				<extensions>
					<ns3:TrackPointExtension>
						<ns3:hr>176</ns3:hr>
						<ns3:speed>1.472750</ns3:speed>
						<ns3:cad>80</ns3:cad>
					</ns3:TrackPointExtension>
				</extensions>
			</trkpt>
			<trkpt lat="-6.448521" lon="-35.673405">
				<time>2025-10-26T13:07:54Z</time>
				<ele>-20000.000000</ele>
				<extensions>
					<ns3:TrackPointExtension>
						<ns3:hr>177</ns3:hr>
						<ns3:speed>1.336900</ns3:speed>
						<ns3:cad>81</ns3:cad>
					</ns3:TrackPointExtension>
				</extensions>
			</trkpt>
			<trkpt lat="-6.448515" lon="-35.673439">
				<time>2025-10-26T13:07:55Z</time>
				<ele>-20000.000000</ele>
				<extensions>
					<ns3:TrackPointExtension>
						<ns3:hr>177</ns3:hr>
						<ns3:speed>1.792110</ns3:speed>
						<ns3:cad>81</ns3:cad>
					</ns3:TrackPointExtension>
				</extensions>
			</trkpt>
			<trkpt lat="-6.448508" lon="-35.673474">
				<time>2025-10-26T13:07:56Z</time>
				<ele>-20000.000000</ele>
				<extensions>
					<ns3:TrackPointExtension>
						<ns3:hr>176</ns3:hr>
						<ns3:speed>2.433090</ns3:speed>
						<ns3:cad>81</ns3:cad>
					</ns3:TrackPointExtension>
				</extensions>
			</trkpt>
			<trkpt lat="-6.448502" lon="-35.673508">
				<time>2025-10-26T13:07:57Z</time>
				<ele>-20000.000000</ele>
				<extensions>
					<ns3:TrackPointExtension>
						<ns3:hr>177</ns3:hr>
						<ns3:speed>3.144650</ns3:speed>
						<ns3:cad>81</ns3:cad>
					</ns3:TrackPointExtension>
				</extensions>
			</trkpt>
			<trkpt lat="-6.448496" lon="-35.673543">
				<time>2025-10-26T13:07:58Z</time>
				<ele>-20000.000000</ele>
				<extensions>
					<ns3:TrackPointExtension>
						<ns3:hr>178</ns3:hr>
						<ns3:speed>3.546100</ns3:speed>
						<ns3:cad>81</ns3:cad>
					</ns3:TrackPointExtension>
				</extensions>
			</trkpt>
			<trkpt lat="-6.448489" lon="-35.673579">
				<time>2025-10-26T13:07:59Z</time>
				<ele>-20000.000000</ele>
				<extensions>
					<ns3:TrackPointExtension>
						<ns3:hr>177</ns3:hr>
						<ns3:speed>3.558720</ns3:speed>
						<ns3:cad>81</ns3:cad>
					</ns3:TrackPointExtension>
				</extensions>
			</trkpt>
			<trkpt lat="-6.448484" lon="-35.673615">
				<time>2025-10-26T13:08:00Z</time>
				<ele>-20000.000000</ele>
				<extensions>
					<ns3:TrackPointExtension>
						<ns3:hr>176</ns3:hr>
						<ns3:speed>3.236250</ns3:speed>
						<ns3:cad>81</ns3:cad>
					</ns3:TrackPointExtension>
				</extensions>
			</trkpt>
			<trkpt lat="-6.448479" lon="-35.673652">
				<time>2025-10-26T13:08:01Z</time>
				<ele>-20000.000000</ele>
				<extensions>
					<ns3:TrackPointExtension>
						<ns3:hr>175</ns3:hr>
						<ns3:speed>3.236250</ns3:speed>
						<ns3:cad>81</ns3:cad>
					</ns3:TrackPointExtension>
				</extensions>
			</trkpt>
			<trkpt lat="-6.448476" lon="-35.673688">
				<time>2025-10-26T13:08:02Z</time>
				<ele>-20000.000000</ele>
				<extensions>
					<ns3:TrackPointExtension>
						<ns3:hr>175</ns3:hr>
						<ns3:speed>3.610110</ns3:speed>
						<ns3:cad>80</ns3:cad>
					</ns3:TrackPointExtension>
				</extensions>
			</trkpt>
			<trkpt lat="-6.448474" lon="-35.673721">
				<time>2025-10-26T13:08:03Z</time>
				<ele>-20000.000000</ele>
				<extensions>
					<ns3:TrackPointExtension>
						<ns3:hr>176</ns3:hr>
						<ns3:speed>3.731340</ns3:speed>
						<ns3:cad>80</ns3:cad>
					</ns3:TrackPointExtension>
				</extensions>
			</trkpt>
			<trkpt lat="-6.448476" lon="-35.673753">
				<time>2025-10-26T13:08:04Z</time>
				<ele>-20000.000000</ele>
				<extensions>
					<ns3:TrackPointExtension>
						<ns3:hr>178</ns3:hr>
						<ns3:speed>3.802280</ns3:speed>
						<ns3:cad>79</ns3:cad>
					</ns3:TrackPointExtension>
				</extensions>
			</trkpt>
			<trkpt lat="-6.448481" lon="-35.673784">
				<time>2025-10-26T13:08:05Z</time>
				<ele>-20000.000000</ele>
				<extensions>
					<ns3:TrackPointExtension>
						<ns3:hr>178</ns3:hr>
						<ns3:speed>3.787880</ns3:speed>
						<ns3:cad>79</ns3:cad>
					</ns3:TrackPointExtension>
				</extensions>
			</trkpt>
			<trkpt lat="-6.448487" lon="-35.673814">
				<time>2025-10-26T13:08:06Z</time>
				<ele>-20000.000000</ele>
				<extensions>
					<ns3:TrackPointExtension>
						<ns3:hr>178</ns3:hr>
						<ns3:speed>3.745320</ns3:speed>
						<ns3:cad>79</ns3:cad>
					</ns3:TrackPointExtension>
				</extensions>
			</trkpt>
			<trkpt lat="-6.448490" lon="-35.673846">
				<time>2025-10-26T13:08:07Z</time>
				<ele>-20000.000000</ele>
				<extensions>
					<ns3:TrackPointExtension>
						<ns3:hr>177</ns3:hr>
						<ns3:speed>3.649640</ns3:speed>
						<ns3:cad>80</ns3:cad>
					</ns3:TrackPointExtension>
				</extensions>
			</trkpt>
			<trkpt lat="-6.448489" lon="-35.673878">
				<time>2025-10-26T13:08:08Z</time>
				<ele>-20000.000000</ele>
				<extensions>
					<ns3:TrackPointExtension>
						<ns3:hr>178</ns3:hr>
						<ns3:speed>3.649640</ns3:speed>
						<ns3:cad>80</ns3:cad>
					</ns3:TrackPointExtension>
				</extensions>
			</trkpt>
			<trkpt lat="-6.448486" lon="-35.673912">
				<time>2025-10-26T13:08:09Z</time>
				<ele>-20000.000000</ele>
				<extensions>
					<ns3:TrackPointExtension>
						<ns3:hr>179</ns3:hr>
						<ns3:speed>3.584230</ns3:speed>
						<ns3:cad>81</ns3:cad>
					</ns3:TrackPointExtension>
				</extensions>
			</trkpt>
			<trkpt lat="-6.448483" lon="-35.673943">
				<time>2025-10-26T13:08:10Z</time>
				<ele>-20000.000000</ele>
				<extensions>
					<ns3:TrackPointExtension>
						<ns3:hr>179</ns3:hr>
						<ns3:speed>3.558720</ns3:speed>
						<ns3:cad>82</ns3:cad>
					</ns3:TrackPointExtension>
				</extensions>
			</trkpt>
			<trkpt lat="-6.448479" lon="-35.673971">
				<time>2025-10-26T13:08:11Z</time>
				<ele>-20000.000000</ele>
				<extensions>
					<ns3:TrackPointExtension>
						<ns3:hr>178</ns3:hr>
						<ns3:speed>3.558720</ns3:speed>
						<ns3:cad>83</ns3:cad>
					</ns3:TrackPointExtension>
				</extensions>
			</trkpt>
			<trkpt lat="-6.448475" lon="-35.673997">
				<time>2025-10-26T13:08:12Z</time>
				<ele>-20000.000000</ele>
				<extensions>
					<ns3:TrackPointExtension>
						<ns3:hr>178</ns3:hr>
						<ns3:speed>3.533570</ns3:speed>
						<ns3:cad>83</ns3:cad>
					</ns3:TrackPointExtension>
				</extensions>
			</trkpt>
			<trkpt lat="-6.448470" lon="-35.674022">
				<time>2025-10-26T13:08:13Z</time>
				<ele>-20000.000000</ele>
				<extensions>
					<ns3:TrackPointExtension>
						<ns3:hr>179</ns3:hr>
						<ns3:speed>3.521130</ns3:speed>
						<ns3:cad>83</ns3:cad>
					</ns3:TrackPointExtension>
				</extensions>
			</trkpt>
			<trkpt lat="-6.448462" lon="-35.674046">
				<time>2025-10-26T13:08:14Z</time>
				<ele>-20000.000000</ele>
				<extensions>
					<ns3:TrackPointExtension>
						<ns3:hr>179</ns3:hr>
						<ns3:speed>3.472220</ns3:speed>
						<ns3:cad>84</ns3:cad>
					</ns3:TrackPointExtension>
				</extensions>
			</trkpt>
			<trkpt lat="-6.448454" lon="-35.674068">
				<time>2025-10-26T13:08:15Z</time>
				<ele>-20000.000000</ele>
				<extensions>
					<ns3:TrackPointExtension>
						<ns3:hr>178</ns3:hr>
						<ns3:speed>3.378380</ns3:speed>
						<ns3:cad>84</ns3:cad>
					</ns3:TrackPointExtension>
				</extensions>
			</trkpt>
			<trkpt lat="-6.448446" lon="-35.674089">
				<time>2025-10-26T13:08:16Z</time>
				<ele>-20000.000000</ele>
				<extensions>
					<ns3:TrackPointExtension>
						<ns3:hr>179</ns3:hr>
						<ns3:speed>3.246750</ns3:speed>
						<ns3:cad>84</ns3:cad>
					</ns3:TrackPointExtension>
				</extensions>
			</trkpt>
			<trkpt lat="-6.448432" lon="-35.674111">
				<time>2025-10-26T13:08:17Z</time>
				<ele>-20000.000000</ele>
				<extensions>
					<ns3:TrackPointExtension>
						<ns3:hr>179</ns3:hr>
						<ns3:speed>3.134800</ns3:speed>
						<ns3:cad>84</ns3:cad>
					</ns3:TrackPointExtension>
				</extensions>
			</trkpt>
			<trkpt lat="-6.448421" lon="-35.674134">
				<time>2025-10-26T13:08:18Z</time>
				<ele>-20000.000000</ele>
				<extensions>
					<ns3:TrackPointExtension>
						<ns3:hr>180</ns3:hr>
						<ns3:speed>3.021150</ns3:speed>
						<ns3:cad>82</ns3:cad>
					</ns3:TrackPointExtension>
				</extensions>
			</trkpt>
			<trkpt lat="-6.448413" lon="-35.674157">
				<time>2025-10-26T13:08:19Z</time>
				<ele>-20000.000000</ele>
				<extensions>
					<ns3:TrackPointExtension>
						<ns3:hr>180</ns3:hr>
						<ns3:speed>2.890170</ns3:speed>
						<ns3:cad>79</ns3:cad>
					</ns3:TrackPointExtension>
				</extensions>
			</trkpt>
			<trkpt lat="-6.448409" lon="-35.674180">
				<time>2025-10-26T13:08:20Z</time>
				<ele>-20000.000000</ele>
				<extensions>
					<ns3:TrackPointExtension>
						<ns3:hr>180</ns3:hr>
						<ns3:speed>2.824860</ns3:speed>
						<ns3:cad>79</ns3:cad>
					</ns3:TrackPointExtension>
				</extensions>
			</trkpt>
			<trkpt lat="-6.448406" lon="-35.674203">
				<time>2025-10-26T13:08:21Z</time>
				<ele>-20000.000000</ele>
				<extensions>
					<ns3:TrackPointExtension>
						<ns3:hr>180</ns3:hr>
						<ns3:speed>2.724800</ns3:speed>
						<ns3:cad>79</ns3:cad>
					</ns3:TrackPointExtension>
				</extensions>
			</trkpt>
			<trkpt lat="-6.448405" lon="-35.674227">
				<time>2025-10-26T13:08:22Z</time>
				<ele>-20000.000000</ele>
				<extensions>
					<ns3:TrackPointExtension>
						<ns3:hr>180</ns3:hr>
						<ns3:speed>2.666670</ns3:speed>
						<ns3:cad>79</ns3:cad>
					</ns3:TrackPointExtension>
				</extensions>
			</trkpt>
			<trkpt lat="-6.448406" lon="-35.674251">
				<time>2025-10-26T13:08:23Z</time>
				<ele>-20000.000000</ele>
				<extensions>
					<ns3:TrackPointExtension>
						<ns3:hr>181</ns3:hr>
						<ns3:speed>2.638520</ns3:speed>
						<ns3:cad>79</ns3:cad>
					</ns3:TrackPointExtension>
				</extensions>
			</trkpt>
			<trkpt lat="-6.448410" lon="-35.674274">
				<time>2025-10-26T13:08:24Z</time>
				<ele>-20000.000000</ele>
				<extensions>
					<ns3:TrackPointExtension>
						<ns3:hr>180</ns3:hr>
						<ns3:speed>2.583980</ns3:speed>
						<ns3:cad>79</ns3:cad>
					</ns3:TrackPointExtension>
				</extensions>
			</trkpt>
			<trkpt lat="-6.448414" lon="-35.674298">
				<time>2025-10-26T13:08:25Z</time>
				<ele>-20000.000000</ele>
				<extensions>
					<ns3:TrackPointExtension>
						<ns3:hr>180</ns3:hr>
						<ns3:speed>2.544530</ns3:speed>
						<ns3:cad>79</ns3:cad>
					</ns3:TrackPointExtension>
				</extensions>
			</trkpt>
			<trkpt lat="-6.448416" lon="-35.674322">
				<time>2025-10-26T13:08:26Z</time>
				<ele>-20000.000000</ele>
				<extensions>
					<ns3:TrackPointExtension>
						<ns3:hr>179</ns3:hr>
						<ns3:speed>2.544530</ns3:speed>
						<ns3:cad>79</ns3:cad>
					</ns3:TrackPointExtension>
				</extensions>
			</trkpt>
			<trkpt lat="-6.448416" lon="-35.674346">
				<time>2025-10-26T13:08:27Z</time>
				<ele>-20000.000000</ele>
				<extensions>
					<ns3:TrackPointExtension>
						<ns3:hr>178</ns3:hr>
						<ns3:speed>2.551020</ns3:speed>
						<ns3:cad>79</ns3:cad>
					</ns3:TrackPointExtension>
				</extensions>
			</trkpt>
			<trkpt lat="-6.448412" lon="-35.674371">
				<time>2025-10-26T13:08:28Z</time>
				<ele>-20000.000000</ele>
				<extensions>
					<ns3:TrackPointExtension>
						<ns3:hr>179</ns3:hr>
						<ns3:speed>2.551020</ns3:speed>
						<ns3:cad>78</ns3:cad>
					</ns3:TrackPointExtension>
				</extensions>
			</trkpt>
			<trkpt lat="-6.448403" lon="-35.674394">
				<time>2025-10-26T13:08:29Z</time>
				<ele>-20000.000000</ele>
				<extensions>
					<ns3:TrackPointExtension>
						<ns3:hr>179</ns3:hr>
						<ns3:speed>2.551020</ns3:speed>
						<ns3:cad>78</ns3:cad>
					</ns3:TrackPointExtension>
				</extensions>
			</trkpt>
			<trkpt lat="-6.448398" lon="-35.674414">
				<time>2025-10-26T13:08:30Z</time>
				<ele>-20000.000000</ele>
				<extensions>
					<ns3:TrackPointExtension>
						<ns3:hr>180</ns3:hr>
						<ns3:speed>2.557540</ns3:speed>
						<ns3:cad>78</ns3:cad>
					</ns3:TrackPointExtension>
				</extensions>
			</trkpt>
			<trkpt lat="-6.448396" lon="-35.674430">
				<time>2025-10-26T13:08:31Z</time>
				<ele>-20000.000000</ele>
				<extensions>
					<ns3:TrackPointExtension>
						<ns3:hr>179</ns3:hr>
						<ns3:speed>2.577320</ns3:speed>
						<ns3:cad>77</ns3:cad>
					</ns3:TrackPointExtension>
				</extensions>
			</trkpt>
			<trkpt lat="-6.448394" lon="-35.674445">
				<time>2025-10-26T13:08:32Z</time>
				<ele>-20000.000000</ele>
				<extensions>
					<ns3:TrackPointExtension>
						<ns3:hr>178</ns3:hr>
						<ns3:speed>2.577320</ns3:speed>
						<ns3:cad>77</ns3:cad>
					</ns3:TrackPointExtension>
				</extensions>
			</trkpt>
			<trkpt lat="-6.448394" lon="-35.674456">
				<time>2025-10-26T13:08:33Z</time>
				<ele>-20000.000000</ele>
				<extensions>
					<ns3:TrackPointExtension>
						<ns3:hr>178</ns3:hr>
						<ns3:speed>2.380950</ns3:speed>
						<ns3:cad>76</ns3:cad>
					</ns3:TrackPointExtension>
				</extensions>
			</trkpt>
			<trkpt lat="-6.448394" lon="-35.674465">
				<time>2025-10-26T13:08:34Z</time>
				<ele>-20000.000000</ele>
				<extensions>
					<ns3:TrackPointExtension>
						<ns3:hr>178</ns3:hr>
						<ns3:speed>2.028400</ns3:speed>
						<ns3:cad>76</ns3:cad>
					</ns3:TrackPointExtension>
				</extensions>
			</trkpt>
			<trkpt lat="-6.448394" lon="-35.674471">
				<time>2025-10-26T13:08:35Z</time>
				<ele>-20000.000000</ele>
				<extensions>
					<ns3:TrackPointExtension>
						<ns3:hr>178</ns3:hr>
						<ns3:speed>1.655630</ns3:speed>
						<ns3:cad>76</ns3:cad>
					</ns3:TrackPointExtension>
				</extensions>
			</trkpt>
			<trkpt lat="-6.448393" lon="-35.674476">
				<time>2025-10-26T13:08:36Z</time>
				<ele>-20000.000000</ele>
				<extensions>
					<ns3:TrackPointExtension>
						<ns3:hr>178</ns3:hr>
						<ns3:speed>1.369860</ns3:speed>
						<ns3:cad>73</ns3:cad>
					</ns3:TrackPointExtension>
				</extensions>
			</trkpt>
			<trkpt lat="-6.448393" lon="-35.674481">
				<time>2025-10-26T13:08:37Z</time>
				<ele>-20000.000000</ele>
				<extensions>
					<ns3:TrackPointExtension>
						<ns3:hr>177</ns3:hr>
						<ns3:speed>1.164140</ns3:speed>
						<ns3:cad>52</ns3:cad>
					</ns3:TrackPointExtension>
				</extensions>
			</trkpt>
			<trkpt lat="-6.448392" lon="-35.674487">
				<time>2025-10-26T13:08:38Z</time>
				<ele>-20000.000000</ele>
				<extensions>
					<ns3:TrackPointExtension>
						<ns3:hr>177</ns3:hr>
						<ns3:speed>1.164140</ns3:speed>
						<ns3:cad>52</ns3:cad>
					</ns3:TrackPointExtension>
				</extensions>
			</trkpt>
			<trkpt lat="-6.448395" lon="-35.674498">
				<time>2025-10-26T13:08:39Z</time>
				<ele>-20000.000000</ele>
				<extensions>
					<ns3:TrackPointExtension>
						<ns3:hr>178</ns3:hr>
						<ns3:speed>1.088140</ns3:speed>
						<ns3:cad>52</ns3:cad>
					</ns3:TrackPointExtension>
				</extensions>
			</trkpt>
			<trkpt lat="-6.448402" lon="-35.674516">
				<time>2025-10-26T13:08:40Z</time>
				<ele>-20000.000000</ele>
				<extensions>
					<ns3:TrackPointExtension>
						<ns3:hr>178</ns3:hr>
						<ns3:speed>1.118570</ns3:speed>
						<ns3:cad>52</ns3:cad>
					</ns3:TrackPointExtension>
				</extensions>
			</trkpt>
			<trkpt lat="-6.448410" lon="-35.674536">
				<time>2025-10-26T13:08:41Z</time>
				<ele>-20000.000000</ele>
				<extensions>
					<ns3:TrackPointExtension>
						<ns3:hr>177</ns3:hr>
						<ns3:speed>1.118570</ns3:speed>
						<ns3:cad>52</ns3:cad>
					</ns3:TrackPointExtension>
				</extensions>
			</trkpt>
			<trkpt lat="-6.448418" lon="-35.674559">
				<time>2025-10-26T13:08:42Z</time>
				<ele>-20000.000000</ele>
				<extensions>
					<ns3:TrackPointExtension>
						<ns3:hr>177</ns3:hr>
						<ns3:speed>1.307190</ns3:speed>
						<ns3:cad>53</ns3:cad>
					</ns3:TrackPointExtension>
				</extensions>
			</trkpt>
			<trkpt lat="-6.448429" lon="-35.674583">
				<time>2025-10-26T13:08:43Z</time>
				<ele>-20000.000000</ele>
				<extensions>
					<ns3:TrackPointExtension>
						<ns3:hr>178</ns3:hr>
						<ns3:speed>2.427180</ns3:speed>
						<ns3:cad>79</ns3:cad>
					</ns3:TrackPointExtension>
				</extensions>
			</trkpt>
			<trkpt lat="-6.448440" lon="-35.674609">
				<time>2025-10-26T13:08:44Z</time>
				<ele>-20000.000000</ele>
				<extensions>
					<ns3:TrackPointExtension>
						<ns3:hr>178</ns3:hr>
						<ns3:speed>2.427180</ns3:speed>
						<ns3:cad>79</ns3:cad>
					</ns3:TrackPointExtension>
				</extensions>
			</trkpt>
			<trkpt lat="-6.448453" lon="-35.674636">
				<time>2025-10-26T13:08:45Z</time>
				<ele>-20000.000000</ele>
				<extensions>
					<ns3:TrackPointExtension>
						<ns3:hr>178</ns3:hr>
						<ns3:speed>2.717390</ns3:speed>
						<ns3:cad>79</ns3:cad>
					</ns3:TrackPointExtension>
				</extensions>
			</trkpt>
			<trkpt lat="-6.448467" lon="-35.674663">
				<time>2025-10-26T13:08:46Z</time>
				<ele>-20000.000000</ele>
				<extensions>
					<ns3:TrackPointExtension>
						<ns3:hr>178</ns3:hr>
						<ns3:speed>2.816900</ns3:speed>
						<ns3:cad>79</ns3:cad>
					</ns3:TrackPointExtension>
				</extensions>
			</trkpt>
			<trkpt lat="-6.448481" lon="-35.674690">
				<time>2025-10-26T13:08:47Z</time>
				<ele>-20000.000000</ele>
				<extensions>
					<ns3:TrackPointExtension>
						<ns3:hr>178</ns3:hr>
						<ns3:speed>3.021150</ns3:speed>
						<ns3:cad>79</ns3:cad>
					</ns3:TrackPointExtension>
				</extensions>
			</trkpt>
			<trkpt lat="-6.448497" lon="-35.674718">
				<time>2025-10-26T13:08:48Z</time>
				<ele>-20000.000000</ele>
				<extensions>
					<ns3:TrackPointExtension>
						<ns3:hr>178</ns3:hr>
						<ns3:speed>3.184710</ns3:speed>
						<ns3:cad>79</ns3:cad>
					</ns3:TrackPointExtension>
				</extensions>
			</trkpt>
			<trkpt lat="-6.448512" lon="-35.674747">
				<time>2025-10-26T13:08:49Z</time>
				<ele>-20000.000000</ele>
				<extensions>
					<ns3:TrackPointExtension>
						<ns3:hr>177</ns3:hr>
						<ns3:speed>3.300330</ns3:speed>
						<ns3:cad>79</ns3:cad>
					</ns3:TrackPointExtension>
				</extensions>
			</trkpt>
			<trkpt lat="-6.448527" lon="-35.674779">
				<time>2025-10-26T13:08:50Z</time>
				<ele>-20000.000000</ele>
				<extensions>
					<ns3:TrackPointExtension>
						<ns3:hr>177</ns3:hr>
						<ns3:speed>3.367000</ns3:speed>
						<ns3:cad>79</ns3:cad>
					</ns3:TrackPointExtension>
				</extensions>
			</trkpt>
			<trkpt lat="-6.448542" lon="-35.674811">
				<time>2025-10-26T13:08:51Z</time>
				<ele>-20000.000000</ele>
				<extensions>
					<ns3:TrackPointExtension>
						<ns3:hr>178</ns3:hr>
						<ns3:speed>3.424660</ns3:speed>
						<ns3:cad>79</ns3:cad>
					</ns3:TrackPointExtension>
				</extensions>
			</trkpt>
			<trkpt lat="-6.448558" lon="-35.674844">
				<time>2025-10-26T13:08:52Z</time>
				<ele>-20000.000000</ele>
				<extensions>
					<ns3:TrackPointExtension>
						<ns3:hr>178</ns3:hr>
						<ns3:speed>3.484320</ns3:speed>
						<ns3:cad>79</ns3:cad>
					</ns3:TrackPointExtension>
				</extensions>
			</trkpt>
			<trkpt lat="-6.448573" lon="-35.674877">
				<time>2025-10-26T13:08:53Z</time>
				<ele>-20000.000000</ele>
				<extensions>
					<ns3:TrackPointExtension>
						<ns3:hr>178</ns3:hr>
						<ns3:speed>3.571430</ns3:speed>
						<ns3:cad>79</ns3:cad>
					</ns3:TrackPointExtension>
				</extensions>
			</trkpt>
			<trkpt lat="-6.448590" lon="-35.674910">
				<time>2025-10-26T13:08:54Z</time>
				<ele>-20000.000000</ele>
				<extensions>
					<ns3:TrackPointExtension>
						<ns3:hr>178</ns3:hr>
						<ns3:speed>3.703700</ns3:speed>
						<ns3:cad>78</ns3:cad>
					</ns3:TrackPointExtension>
				</extensions>
			</trkpt>
			<trkpt lat="-6.448606" lon="-35.674944">
				<time>2025-10-26T13:08:55Z</time>
				<ele>-20000.000000</ele>
				<extensions>
					<ns3:TrackPointExtension>
						<ns3:hr>178</ns3:hr>
						<ns3:speed>3.816790</ns3:speed>
						<ns3:cad>78</ns3:cad>
					</ns3:TrackPointExtension>
				</extensions>
			</trkpt>
			<trkpt lat="-6.448621" lon="-35.674976">
				<time>2025-10-26T13:08:56Z</time>
				<ele>-20000.000000</ele>
				<extensions>
					<ns3:TrackPointExtension>
						<ns3:hr>178</ns3:hr>
						<ns3:speed>3.891050</ns3:speed>
						<ns3:cad>78</ns3:cad>
					</ns3:TrackPointExtension>
				</extensions>
			</trkpt>
			<trkpt lat="-6.448637" lon="-35.675005">
				<time>2025-10-26T13:08:57Z</time>
				<ele>-20000.000000</ele>
				<extensions>
					<ns3:TrackPointExtension>
						<ns3:hr>178</ns3:hr>
						<ns3:speed>3.891050</ns3:speed>
						<ns3:cad>79</ns3:cad>
					</ns3:TrackPointExtension>
				</extensions>
			</trkpt>
			<trkpt lat="-6.448649" lon="-35.675035">
				<time>2025-10-26T13:08:58Z</time>
				<ele>-20000.000000</ele>
				<extensions>
					<ns3:TrackPointExtension>
						<ns3:hr>178</ns3:hr>
						<ns3:speed>3.906250</ns3:speed>
						<ns3:cad>80</ns3:cad>
					</ns3:TrackPointExtension>
				</extensions>
			</trkpt>
			<trkpt lat="-6.448657" lon="-35.675061">
				<time>2025-10-26T13:08:59Z</time>
				<ele>-20000.000000</ele>
				<extensions>
					<ns3:TrackPointExtension>
						<ns3:hr>180</ns3:hr>
						<ns3:speed>3.921570</ns3:speed>
						<ns3:cad>81</ns3:cad>
					</ns3:TrackPointExtension>
				</extensions>
			</trkpt>
			<trkpt lat="-6.448662" lon="-35.675080">
				<time>2025-10-26T13:09:00Z</time>
				<ele>-20000.000000</ele>
				<extensions>
					<ns3:TrackPointExtension>
						<ns3:hr>180</ns3:hr>
						<ns3:speed>3.937010</ns3:speed>
						<ns3:cad>82</ns3:cad>
					</ns3:TrackPointExtension>
				</extensions>
			</trkpt>
			<trkpt lat="-6.448667" lon="-35.675086">
				<time>2025-10-26T13:09:01Z</time>
				<ele>-20000.000000</ele>
				<extensions>
					<ns3:TrackPointExtension>
						<ns3:hr>180</ns3:hr>
						<ns3:speed>3.875970</ns3:speed>
						<ns3:cad>82</ns3:cad>
					</ns3:TrackPointExtension>
				</extensions>
			</trkpt>
			<trkpt lat="-6.448671" lon="-35.675090">
				<time>2025-10-26T13:09:02Z</time>
				<ele>-20000.000000</ele>
				<extensions>
					<ns3:TrackPointExtension>
						<ns3:hr>181</ns3:hr>
						<ns3:speed>0.000000</ns3:speed>
						<ns3:cad>0</ns3:cad>
					</ns3:TrackPointExtension>
				</extensions>
			</trkpt>
			<trkpt lat="-6.448675" lon="-35.675091">
				<time>2025-10-26T13:09:03Z</time>
				<ele>-20000.000000</ele>
				<extensions>
					<ns3:TrackPointExtension>
						<ns3:hr>180</ns3:hr>
						<ns3:speed>0.000000</ns3:speed>
						<ns3:cad>0</ns3:cad>
					</ns3:TrackPointExtension>
				</extensions>
			</trkpt>
			<trkpt lat="-6.448683" lon="-35.675090">
				<time>2025-10-26T13:09:04Z</time>
				<ele>-20000.000000</ele>
				<extensions>
					<ns3:TrackPointExtension>
						<ns3:hr>178</ns3:hr>
						<ns3:speed>0.000000</ns3:speed>
						<ns3:cad>79</ns3:cad>
					</ns3:TrackPointExtension>
				</extensions>
			</trkpt>
			<trkpt lat="-6.448691" lon="-35.675091">
				<time>2025-10-26T13:09:05Z</time>
				<ele>-20000.000000</ele>
				<extensions>
					<ns3:TrackPointExtension>
						<ns3:hr>177</ns3:hr>
						<ns3:speed>0.520020</ns3:speed>
						<ns3:cad>78</ns3:cad>
					</ns3:TrackPointExtension>
				</extensions>
			</trkpt>
			<trkpt lat="-6.448698" lon="-35.675093">
				<time>2025-10-26T13:09:06Z</time>
				<ele>-20000.000000</ele>
				<extensions>
					<ns3:TrackPointExtension>
						<ns3:hr>176</ns3:hr>
						<ns3:speed>0.690130</ns3:speed>
						<ns3:cad>74</ns3:cad>
					</ns3:TrackPointExtension>
				</extensions>
			</trkpt>
			<trkpt lat="-6.448706" lon="-35.675097">
				<time>2025-10-26T13:09:07Z</time>
				<ele>-20000.000000</ele>
				<extensions>
					<ns3:TrackPointExtension>
						<ns3:hr>176</ns3:hr>
						<ns3:speed>0.834720</ns3:speed>
						<ns3:cad>73</ns3:cad>
					</ns3:TrackPointExtension>
				</extensions>
			</trkpt>
			<trkpt lat="-6.448716" lon="-35.675101">
				<time>2025-10-26T13:09:08Z</time>
				<ele>-20000.000000</ele>
				<extensions>
					<ns3:TrackPointExtension>
						<ns3:hr>175</ns3:hr>
						<ns3:speed>0.828500</ns3:speed>
						<ns3:cad>68</ns3:cad>
					</ns3:TrackPointExtension>
				</extensions>
			</trkpt>
			<trkpt lat="-6.448726" lon="-35.675104">
				<time>2025-10-26T13:09:09Z</time>
				<ele>-20000.000000</ele>
				<extensions>
					<ns3:TrackPointExtension>
						<ns3:hr>174</ns3:hr>
						<ns3:speed>0.693960</ns3:speed>
						<ns3:cad>65</ns3:cad>
					</ns3:TrackPointExtension>
				</extensions>
			</trkpt>
			<trkpt lat="-6.448736" lon="-35.675107">
				<time>2025-10-26T13:09:10Z</time>
				<ele>-20000.000000</ele>
				<extensions>
					<ns3:TrackPointExtension>
						<ns3:hr>174</ns3:hr>
						<ns3:speed>0.679810</ns3:speed>
						<ns3:cad>64</ns3:cad>
					</ns3:TrackPointExtension>
				</extensions>
			</trkpt>
			<trkpt lat="-6.448746" lon="-35.675110">
				<time>2025-10-26T13:09:11Z</time>
				<ele>-20000.000000</ele>
				<extensions>
					<ns3:TrackPointExtension>
						<ns3:hr>173</ns3:hr>
						<ns3:speed>0.705220</ns3:speed>
						<ns3:cad>63</ns3:cad>
					</ns3:TrackPointExtension>
				</extensions>
			</trkpt>
			<trkpt lat="-6.448751" lon="-35.675112">
				<time>2025-10-26T13:09:12Z</time>
				<ele>-20000.000000</ele>
				<extensions>
					<ns3:TrackPointExtension>
						<ns3:hr>174</ns3:hr>
						<ns3:speed>0.726740</ns3:speed>
						<ns3:cad>63</ns3:cad>
					</ns3:TrackPointExtension>
				</extensions>
			</trkpt>
			<trkpt lat="-6.448755" lon="-35.675112">
				<time>2025-10-26T13:09:13Z</time>
				<ele>-20000.000000</ele>
				<extensions>
					<ns3:TrackPointExtension>
						<ns3:hr>173</ns3:hr>
						<ns3:speed>0.747940</ns3:speed>
						<ns3:cad>62</ns3:cad>
					</ns3:TrackPointExtension>
				</extensions>
			</trkpt>
			<trkpt lat="-6.448758" lon="-35.675113">
				<time>2025-10-26T13:09:14Z</time>
				<ele>-20000.000000</ele>
				<extensions>
					<ns3:TrackPointExtension>
						<ns3:hr>172</ns3:hr>
						<ns3:speed>0.747940</ns3:speed>
						<ns3:cad>58</ns3:cad>
					</ns3:TrackPointExtension>
				</extensions>
			</trkpt>
			<trkpt lat="-6.448761" lon="-35.675112">
				<time>2025-10-26T13:09:15Z</time>
				<ele>-20000.000000</ele>
				<extensions>
					<ns3:TrackPointExtension>
						<ns3:hr>175</ns3:hr>
						<ns3:speed>0.812350</ns3:speed>
						<ns3:cad>59</ns3:cad>
					</ns3:TrackPointExtension>
				</extensions>
			</trkpt>
			<trkpt lat="-6.448764" lon="-35.675111">
				<time>2025-10-26T13:09:16Z</time>
				<ele>-20000.000000</ele>
				<extensions>
					<ns3:TrackPointExtension>
						<ns3:hr>177</ns3:hr>
						<ns3:speed>0.816990</ns3:speed>
						<ns3:cad>56</ns3:cad>
					</ns3:TrackPointExtension>
				</extensions>
			</trkpt>
			<trkpt lat="-6.448767" lon="-35.675110">
				<time>2025-10-26T13:09:17Z</time>
				<ele>-20000.000000</ele>
				<extensions>
					<ns3:TrackPointExtension>
						<ns3:hr>180</ns3:hr>
						<ns3:speed>0.664450</ns3:speed>
						<ns3:cad>55</ns3:cad>
					</ns3:TrackPointExtension>
				</extensions>
			</trkpt>
			<trkpt lat="-6.448770" lon="-35.675110">
				<time>2025-10-26T13:09:18Z</time>
				<ele>-20000.000000</ele>
				<extensions>
					<ns3:TrackPointExtension>
						<ns3:hr>181</ns3:hr>
						<ns3:speed>0.000000</ns3:speed>
						<ns3:cad>0</ns3:cad>
					</ns3:TrackPointExtension>
				</extensions>
			</trkpt>
			<trkpt lat="-6.448773" lon="-35.675108">
				<time>2025-10-26T13:09:19Z</time>
				<ele>-20000.000000</ele>
				<extensions>
					<ns3:TrackPointExtension>
						<ns3:hr>183</ns3:hr>
						<ns3:speed>0.000000</ns3:speed>
						<ns3:cad>0</ns3:cad>
					</ns3:TrackPointExtension>
				</extensions>
			</trkpt>
			<trkpt lat="-6.448775" lon="-35.675106">
				<time>2025-10-26T13:09:20Z</time>
				<ele>-20000.000000</ele>
				<extensions>
					<ns3:TrackPointExtension>
						<ns3:hr>182</ns3:hr>
						<ns3:speed>0.000000</ns3:speed>
						<ns3:cad>0</ns3:cad>
					</ns3:TrackPointExtension>
				</extensions>
			</trkpt>
			<trkpt lat="-6.448776" lon="-35.675104">
				<time>2025-10-26T13:09:21Z</time>
				<ele>-20000.000000</ele>
				<extensions>
					<ns3:TrackPointExtension>
						<ns3:hr>180</ns3:hr>
						<ns3:speed>0.000000</ns3:speed>
						<ns3:cad>0</ns3:cad>
					</ns3:TrackPointExtension>
				</extensions>
			</trkpt>
			<trkpt lat="-6.448780" lon="-35.675102">
				<time>2025-10-26T13:09:22Z</time>
				<ele>-20000.000000</ele>
				<extensions>
					<ns3:TrackPointExtension>
						<ns3:hr>180</ns3:hr>
						<ns3:speed>0.000000</ns3:speed>
						<ns3:cad>0</ns3:cad>
					</ns3:TrackPointExtension>
				</extensions>
			</trkpt>
			<trkpt lat="-6.448784" lon="-35.675101">
				<time>2025-10-26T13:09:23Z</time>
				<ele>-20000.000000</ele>
				<extensions>
					<ns3:TrackPointExtension>
						<ns3:hr>180</ns3:hr>
						<ns3:speed>0.000000</ns3:speed>
						<ns3:cad>48</ns3:cad>
					</ns3:TrackPointExtension>
				</extensions>
			</trkpt>
			<trkpt lat="-6.448789" lon="-35.675100">
				<time>2025-10-26T13:09:24Z</time>
				<ele>-20000.000000</ele>
				<extensions>
					<ns3:TrackPointExtension>
						<ns3:hr>179</ns3:hr>
						<ns3:speed>0.386100</ns3:speed>
						<ns3:cad>48</ns3:cad>
					</ns3:TrackPointExtension>
				</extensions>
			</trkpt>
			<trkpt lat="-6.448792" lon="-35.675098">
				<time>2025-10-26T13:09:25Z</time>
				<ele>-20000.000000</ele>
				<extensions>
					<ns3:TrackPointExtension>
						<ns3:hr>179</ns3:hr>
						<ns3:speed>0.420880</ns3:speed>
						<ns3:cad>48</ns3:cad>
					</ns3:TrackPointExtension>
				</extensions>
			</trkpt>
			<trkpt lat="-6.448794" lon="-35.675097">
				<time>2025-10-26T13:09:26Z</time>
				<ele>-20000.000000</ele>
				<extensions>
					<ns3:TrackPointExtension>
						<ns3:hr>180</ns3:hr>
						<ns3:speed>0.429180</ns3:speed>
						<ns3:cad>48</ns3:cad>
					</ns3:TrackPointExtension>
				</extensions>
			</trkpt>
			<trkpt lat="-6.448796" lon="-35.675097">
				<time>2025-10-26T13:09:27Z</time>
				<ele>-20000.000000</ele>
				<extensions>
					<ns3:TrackPointExtension>
						<ns3:hr>182</ns3:hr>
						<ns3:speed>0.418060</ns3:speed>
						<ns3:cad>48</ns3:cad>
					</ns3:TrackPointExtension>
				</extensions>
			</trkpt>
			<trkpt lat="-6.448797" lon="-35.675097">
				<time>2025-10-26T13:09:28Z</time>
				<ele>-20000.000000</ele>
				<extensions>
					<ns3:TrackPointExtension>
						<ns3:hr>182</ns3:hr>
						<ns3:speed>0.000000</ns3:speed>
						<ns3:cad>0</ns3:cad>
					</ns3:TrackPointExtension>
				</extensions>
			</trkpt>
			<trkpt lat="-6.448798" lon="-35.675096">
				<time>2025-10-26T13:09:29Z</time>
				<ele>-20000.000000</ele>
				<extensions>
					<ns3:TrackPointExtension>
						<ns3:hr>182</ns3:hr>
						<ns3:speed>0.000000</ns3:speed>
						<ns3:cad>0</ns3:cad>
					</ns3:TrackPointExtension>
				</extensions>
			</trkpt>
			<trkpt lat="-6.448799" lon="-35.675096">
				<time>2025-10-26T13:09:30Z</time>
				<ele>-20000.000000</ele>
				<extensions>
					<ns3:TrackPointExtension>
						<ns3:hr>180</ns3:hr>
						<ns3:speed>0.000000</ns3:speed>
						<ns3:cad>0</ns3:cad>
					</ns3:TrackPointExtension>
				</extensions>
			</trkpt>
			<trkpt lat="-6.448798" lon="-35.675096">
				<time>2025-10-26T13:09:31Z</time>
				<ele>-20000.000000</ele>
				<extensions>
					<ns3:TrackPointExtension>
						<ns3:hr>178</ns3:hr>
						<ns3:speed>0.000000</ns3:speed>
						<ns3:cad>0</ns3:cad>
					</ns3:TrackPointExtension>
				</extensions>
			</trkpt>
			<trkpt lat="-6.448799" lon="-35.675096">
				<time>2025-10-26T13:09:32Z</time>
				<ele>-20000.000000</ele>
				<extensions>
					<ns3:TrackPointExtension>
						<ns3:hr>177</ns3:hr>
						<ns3:speed>0.000000</ns3:speed>
						<ns3:cad>0</ns3:cad>
					</ns3:TrackPointExtension>
				</extensions>
			</trkpt>
			<trkpt lat="-6.448799" lon="-35.675095">
				<time>2025-10-26T13:09:33Z</time>
				<ele>-20000.000000</ele>
				<extensions>
					<ns3:TrackPointExtension>
						<ns3:hr>177</ns3:hr>
						<ns3:speed>0.000000</ns3:speed>
						<ns3:cad>0</ns3:cad>
					</ns3:TrackPointExtension>
				</extensions>
			</trkpt>
			<trkpt lat="-6.448800" lon="-35.675095">
				<time>2025-10-26T13:09:34Z</time>
				<ele>-20000.000000</ele>
				<extensions>
					<ns3:TrackPointExtension>
						<ns3:hr>176</ns3:hr>
						<ns3:speed>0.000000</ns3:speed>
						<ns3:cad>0</ns3:cad>
					</ns3:TrackPointExtension>
				</extensions>
			</trkpt>
			<trkpt lat="-6.448802" lon="-35.675093">
				<time>2025-10-26T13:09:35Z</time>
				<ele>-20000.000000</ele>
				<extensions>
					<ns3:TrackPointExtension>
						<ns3:hr>175</ns3:hr>
						<ns3:speed>0.000000</ns3:speed>
						<ns3:cad>0</ns3:cad>
					</ns3:TrackPointExtension>
				</extensions>
			</trkpt>
			<trkpt lat="-6.448808" lon="-35.675089">
				<time>2025-10-26T13:09:36Z</time>
				<ele>-20000.000000</ele>
				<extensions>
					<ns3:TrackPointExtension>
						<ns3:hr>174</ns3:hr>
						<ns3:speed>0.000000</ns3:speed>
						<ns3:cad>0</ns3:cad>
					</ns3:TrackPointExtension>
				</extensions>
			</trkpt>
			<trkpt lat="-6.448816" lon="-35.675082">
				<time>2025-10-26T13:09:37Z</time>
				<ele>-20000.000000</ele>
				<extensions>
					<ns3:TrackPointExtension>
						<ns3:hr>174</ns3:hr>
						<ns3:speed>0.000000</ns3:speed>
						<ns3:cad>0</ns3:cad>
					</ns3:TrackPointExtension>
				</extensions>
			</trkpt>
			<trkpt lat="-6.448828" lon="-35.675074">
				<time>2025-10-26T13:09:38Z</time>
				<ele>-20000.000000</ele>
				<extensions>
					<ns3:TrackPointExtension>
						<ns3:hr>172</ns3:hr>
						<ns3:speed>0.739640</ns3:speed>
						<ns3:cad>0</ns3:cad>
					</ns3:TrackPointExtension>
				</extensions>
			</trkpt>
			<trkpt lat="-6.448842" lon="-35.675063">
				<time>2025-10-26T13:09:39Z</time>
				<ele>-20000.000000</ele>
				<extensions>
					<ns3:TrackPointExtension>
						<ns3:hr>171</ns3:hr>
						<ns3:speed>1.345900</ns3:speed>
						<ns3:cad>0</ns3:cad>
					</ns3:TrackPointExtension>
				</extensions>
			</trkpt>
			<trkpt lat="-6.448860" lon="-35.675051">
				<time>2025-10-26T13:09:40Z</time>
				<ele>-20000.000000</ele>
				<extensions>
					<ns3:TrackPointExtension>
						<ns3:hr>171</ns3:hr>
						<ns3:speed>1.751310</ns3:speed>
						<ns3:cad>0</ns3:cad>
					</ns3:TrackPointExtension>
				</extensions>
			</trkpt>
			<trkpt lat="-6.448885" lon="-35.675035">
				<time>2025-10-26T13:09:41Z</time>
				<ele>-20000.000000</ele>
				<extensions>
					<ns3:TrackPointExtension>
						<ns3:hr>170</ns3:hr>
						<ns3:speed>2.293580</ns3:speed>
						<ns3:cad>81</ns3:cad>
					</ns3:TrackPointExtension>
				</extensions>
			</trkpt>
			<trkpt lat="-6.448912" lon="-35.675017">
				<time>2025-10-26T13:09:42Z</time>
				<ele>-20000.000000</ele>
				<extensions>
					<ns3:TrackPointExtension>
						<ns3:hr>171</ns3:hr>
						<ns3:speed>2.808990</ns3:speed>
						<ns3:cad>81</ns3:cad>
					</ns3:TrackPointExtension>
				</extensions>
			</trkpt>
			<trkpt lat="-6.448941" lon="-35.674998">
				<time>2025-10-26T13:09:43Z</time>
				<ele>-20000.000000</ele>
				<extensions>
					<ns3:TrackPointExtension>
						<ns3:hr>170</ns3:hr>
						<ns3:speed>2.463050</ns3:speed>
						<ns3:cad>81</ns3:cad>
					</ns3:TrackPointExtension>
				</extensions>
			</trkpt>
			<trkpt lat="-6.448971" lon="-35.674977">
				<time>2025-10-26T13:09:44Z</time>
				<ele>-20000.000000</ele>
				<extensions>
					<ns3:TrackPointExtension>
						<ns3:hr>169</ns3:hr>
						<ns3:speed>2.227170</ns3:speed>
						<ns3:cad>80</ns3:cad>
					</ns3:TrackPointExtension>
				</extensions>
			</trkpt>
			<trkpt lat="-6.449001" lon="-35.674957">
				<time>2025-10-26T13:09:45Z</time>
				<ele>-20000.000000</ele>
				<extensions>
					<ns3:TrackPointExtension>
						<ns3:hr>169</ns3:hr>
						<ns3:speed>2.816900</ns3:speed>
						<ns3:cad>80</ns3:cad>
					</ns3:TrackPointExtension>
				</extensions>
			</trkpt>
			<trkpt lat="-6.449031" lon="-35.674938">
				<time>2025-10-26T13:09:46Z</time>
				<ele>-20000.000000</ele>
				<extensions>
					<ns3:TrackPointExtension>
						<ns3:hr>169</ns3:hr>
						<ns3:speed>3.246750</ns3:speed>
						<ns3:cad>80</ns3:cad>
					</ns3:TrackPointExtension>
				</extensions>
			</trkpt>
			<trkpt lat="-6.449061" lon="-35.674916">
				<time>2025-10-26T13:09:47Z</time>
				<ele>-20000.000000</ele>
				<extensions>
					<ns3:TrackPointExtension>
						<ns3:hr>170</ns3:hr>
						<ns3:speed>3.472220</ns3:speed>
						<ns3:cad>80</ns3:cad>
					</ns3:TrackPointExtension>
				</extensions>
			</trkpt>
			<trkpt lat="-6.449090" lon="-35.674894">
				<time>2025-10-26T13:09:48Z</time>
				<ele>-20000.000000</ele>
				<extensions>
					<ns3:TrackPointExtension>
						<ns3:hr>170</ns3:hr>
						<ns3:speed>3.533570</ns3:speed>
						<ns3:cad>80</ns3:cad>
					</ns3:TrackPointExtension>
				</extensions>
			</trkpt>
			<trkpt lat="-6.449118" lon="-35.674871">
				<time>2025-10-26T13:09:49Z</time>
				<ele>-20000.000000</ele>
				<extensions>
					<ns3:TrackPointExtension>
						<ns3:hr>169</ns3:hr>
						<ns3:speed>3.571430</ns3:speed>
						<ns3:cad>81</ns3:cad>
					</ns3:TrackPointExtension>
				</extensions>
			</trkpt>
			<trkpt lat="-6.449148" lon="-35.674848">
				<time>2025-10-26T13:09:50Z</time>
				<ele>-20000.000000</ele>
				<extensions>
					<ns3:TrackPointExtension>
						<ns3:hr>168</ns3:hr>
						<ns3:speed>3.649640</ns3:speed>
						<ns3:cad>81</ns3:cad>
					</ns3:TrackPointExtension>
				</extensions>
			</trkpt>
			<trkpt lat="-6.449178" lon="-35.674828">
				<time>2025-10-26T13:09:51Z</time>
				<ele>-20000.000000</ele>
				<extensions>
					<ns3:TrackPointExtension>
						<ns3:hr>168</ns3:hr>
						<ns3:speed>3.759400</ns3:speed>
						<ns3:cad>81</ns3:cad>
					</ns3:TrackPointExtension>
				</extensions>
			</trkpt>
			<trkpt lat="-6.449209" lon="-35.674808">
				<time>2025-10-26T13:09:52Z</time>
				<ele>-20000.000000</ele>
				<extensions>
					<ns3:TrackPointExtension>
						<ns3:hr>169</ns3:hr>
						<ns3:speed>3.802280</ns3:speed>
						<ns3:cad>81</ns3:cad>
					</ns3:TrackPointExtension>
				</extensions>
			</trkpt>
			<trkpt lat="-6.449240" lon="-35.674791">
				<time>2025-10-26T13:09:53Z</time>
				<ele>-20000.000000</ele>
				<extensions>
					<ns3:TrackPointExtension>
						<ns3:hr>170</ns3:hr>
						<ns3:speed>3.831420</ns3:speed>
						<ns3:cad>81</ns3:cad>
					</ns3:TrackPointExtension>
				</extensions>
			</trkpt>
			<trkpt lat="-6.449271" lon="-35.674775">
				<time>2025-10-26T13:09:54Z</time>
				<ele>-20000.000000</ele>
				<extensions>
					<ns3:TrackPointExtension>
						<ns3:hr>170</ns3:hr>
						<ns3:speed>3.831420</ns3:speed>
						<ns3:cad>81</ns3:cad>
					</ns3:TrackPointExtension>
				</extensions>
			</trkpt>
			<trkpt lat="-6.449303" lon="-35.674760">
				<time>2025-10-26T13:09:55Z</time>
				<ele>-20000.000000</ele>
				<extensions>
					<ns3:TrackPointExtension>
						<ns3:hr>170</ns3:hr>
						<ns3:speed>3.831420</ns3:speed>
						<ns3:cad>81</ns3:cad>
					</ns3:TrackPointExtension>
				</extensions>
			</trkpt>
			<trkpt lat="-6.449333" lon="-35.674745">
				<time>2025-10-26T13:09:56Z</time>
				<ele>-20000.000000</ele>
				<extensions>
					<ns3:TrackPointExtension>
						<ns3:hr>171</ns3:hr>
						<ns3:speed>3.831420</ns3:speed>
						<ns3:cad>81</ns3:cad>
					</ns3:TrackPointExtension>
				</extensions>
			</trkpt>
			<trkpt lat="-6.449364" lon="-35.674732">
				<time>2025-10-26T13:09:57Z</time>
				<ele>-20000.000000</ele>
				<extensions>
					<ns3:TrackPointExtension>
						<ns3:hr>170</ns3:hr>
						<ns3:speed>3.831420</ns3:speed>
						<ns3:cad>80</ns3:cad>
					</ns3:TrackPointExtension>
				</extensions>
			</trkpt>
			<trkpt lat="-6.449394" lon="-35.674721">
				<time>2025-10-26T13:09:58Z</time>
				<ele>-20000.000000</ele>
				<extensions>
					<ns3:TrackPointExtension>
						<ns3:hr>170</ns3:hr>
						<ns3:speed>3.816790</ns3:speed>
						<ns3:cad>80</ns3:cad>
					</ns3:TrackPointExtension>
				</extensions>
			</trkpt>
			<trkpt lat="-6.449423" lon="-35.674711">
				<time>2025-10-26T13:09:59Z</time>
				<ele>-20000.000000</ele>
				<extensions>
					<ns3:TrackPointExtension>
						<ns3:hr>170</ns3:hr>
						<ns3:speed>3.787880</ns3:speed>
						<ns3:cad>79</ns3:cad>
					</ns3:TrackPointExtension>
				</extensions>
			</trkpt>
			<trkpt lat="-6.449451" lon="-35.674701">
				<time>2025-10-26T13:10:00Z</time>
				<ele>-20000.000000</ele>
				<extensions>
					<ns3:TrackPointExtension>
						<ns3:hr>171</ns3:hr>
						<ns3:speed>3.731340</ns3:speed>
						<ns3:cad>79</ns3:cad>
					</ns3:TrackPointExtension>
				</extensions>
			</trkpt>
			<trkpt lat="-6.449477" lon="-35.674692">
				<time>2025-10-26T13:10:01Z</time>
				<ele>-20000.000000</ele>
				<extensions>
					<ns3:TrackPointExtension>
						<ns3:hr>170</ns3:hr>
						<ns3:speed>3.649640</ns3:speed>
						<ns3:cad>79</ns3:cad>
					</ns3:TrackPointExtension>
				</extensions>
			</trkpt>
			<trkpt lat="-6.449502" lon="-35.674682">
				<time>2025-10-26T13:10:02Z</time>
				<ele>-20000.000000</ele>
				<extensions>
					<ns3:TrackPointExtension>
						<ns3:hr>171</ns3:hr>
						<ns3:speed>3.571430</ns3:speed>
						<ns3:cad>79</ns3:cad>
					</ns3:TrackPointExtension>
				</extensions>
			</trkpt>
			<trkpt lat="-6.449519" lon="-35.674676">
				<time>2025-10-26T13:10:03Z</time>
				<ele>-20000.000000</ele>
				<extensions>
					<ns3:TrackPointExtension>
						<ns3:hr>171</ns3:hr>
						<ns3:speed>3.484320</ns3:speed>
						<ns3:cad>78</ns3:cad>
					</ns3:TrackPointExtension>
				</extensions>
			</trkpt>
			<trkpt lat="-6.449533" lon="-35.674674">
				<time>2025-10-26T13:10:04Z</time>
				<ele>-20000.000000</ele>
				<extensions>
					<ns3:TrackPointExtension>
						<ns3:hr>170</ns3:hr>
						<ns3:speed>3.378380</ns3:speed>
						<ns3:cad>77</ns3:cad>
					</ns3:TrackPointExtension>
				</extensions>
			</trkpt>
			<trkpt lat="-6.449545" lon="-35.674677">
				<time>2025-10-26T13:10:05Z</time>
				<ele>-20000.000000</ele>
				<extensions>
					<ns3:TrackPointExtension>
						<ns3:hr>171</ns3:hr>
						<ns3:speed>3.257330</ns3:speed>
						<ns3:cad>77</ns3:cad>
					</ns3:TrackPointExtension>
				</extensions>
			</trkpt>
			<trkpt lat="-6.449558" lon="-35.674683">
				<time>2025-10-26T13:10:06Z</time>
				<ele>-20000.000000</ele>
				<extensions>
					<ns3:TrackPointExtension>
						<ns3:hr>171</ns3:hr>
						<ns3:speed>2.949850</ns3:speed>
						<ns3:cad>76</ns3:cad>
					</ns3:TrackPointExtension>
				</extensions>
			</trkpt>
			<trkpt lat="-6.449569" lon="-35.674690">
				<time>2025-10-26T13:10:07Z</time>
				<ele>-20000.000000</ele>
				<extensions>
					<ns3:TrackPointExtension>
						<ns3:hr>171</ns3:hr>
						<ns3:speed>2.500000</ns3:speed>
						<ns3:cad>75</ns3:cad>
					</ns3:TrackPointExtension>
				</extensions>
			</trkpt>
			<trkpt lat="-6.449579" lon="-35.674695">
				<time>2025-10-26T13:10:08Z</time>
				<ele>-20000.000000</ele>
				<extensions>
					<ns3:TrackPointExtension>
						<ns3:hr>172</ns3:hr>
						<ns3:speed>2.028400</ns3:speed>
						<ns3:cad>75</ns3:cad>
					</ns3:TrackPointExtension>
				</extensions>
			</trkpt>
			<trkpt lat="-6.449589" lon="-35.674698">
				<time>2025-10-26T13:10:09Z</time>
				<ele>-20000.000000</ele>
				<extensions>
					<ns3:TrackPointExtension>
						<ns3:hr>173</ns3:hr>
						<ns3:speed>1.709400</ns3:speed>
						<ns3:cad>80</ns3:cad>
					</ns3:TrackPointExtension>
				</extensions>
			</trkpt>
			<trkpt lat="-6.449601" lon="-35.674701">
				<time>2025-10-26T13:10:10Z</time>
				<ele>-20000.000000</ele>
				<extensions>
					<ns3:TrackPointExtension>
						<ns3:hr>174</ns3:hr>
						<ns3:speed>1.594900</ns3:speed>
						<ns3:cad>82</ns3:cad>
					</ns3:TrackPointExtension>
				</extensions>
			</trkpt>
			<trkpt lat="-6.449613" lon="-35.674699">
				<time>2025-10-26T13:10:11Z</time>
				<ele>-20000.000000</ele>
				<extensions>
					<ns3:TrackPointExtension>
						<ns3:hr>174</ns3:hr>
						<ns3:speed>1.515150</ns3:speed>
						<ns3:cad>81</ns3:cad>
					</ns3:TrackPointExtension>
				</extensions>
			</trkpt>
			<trkpt lat="-6.449625" lon="-35.674693">
				<time>2025-10-26T13:10:12Z</time>
				<ele>-20000.000000</ele>
				<extensions>
					<ns3:TrackPointExtension>
						<ns3:hr>173</ns3:hr>
						<ns3:speed>1.474930</ns3:speed>
						<ns3:cad>86</ns3:cad>
					</ns3:TrackPointExtension>
				</extensions>
			</trkpt>
			<trkpt lat="-6.449637" lon="-35.674686">
				<time>2025-10-26T13:10:13Z</time>
				<ele>-20000.000000</ele>
				<extensions>
					<ns3:TrackPointExtension>
						<ns3:hr>173</ns3:hr>
						<ns3:speed>1.453490</ns3:speed>
						<ns3:cad>87</ns3:cad>
					</ns3:TrackPointExtension>
				</extensions>
			</trkpt>
			<trkpt lat="-6.449648" lon="-35.674676">
				<time>2025-10-26T13:10:14Z</time>
				<ele>-20000.000000</ele>
				<extensions>
					<ns3:TrackPointExtension>
						<ns3:hr>173</ns3:hr>
						<ns3:speed>1.440920</ns3:speed>
						<ns3:cad>87</ns3:cad>
					</ns3:TrackPointExtension>
				</extensions>
			</trkpt>
			<trkpt lat="-6.449660" lon="-35.674669">
				<time>2025-10-26T13:10:15Z</time>
				<ele>-20000.000000</ele>
				<extensions>
					<ns3:TrackPointExtension>
						<ns3:hr>172</ns3:hr>
						<ns3:speed>1.455600</ns3:speed>
						<ns3:cad>88</ns3:cad>
					</ns3:TrackPointExtension>
				</extensions>
			</trkpt>
			<trkpt lat="-6.449675" lon="-35.674667">
				<time>2025-10-26T13:10:16Z</time>
				<ele>-20000.000000</ele>
				<extensions>
					<ns3:TrackPointExtension>
						<ns3:hr>171</ns3:hr>
						<ns3:speed>1.503760</ns3:speed>
						<ns3:cad>88</ns3:cad>
					</ns3:TrackPointExtension>
				</extensions>
			</trkpt>
			<trkpt lat="-6.449692" lon="-35.674670">
				<time>2025-10-26T13:10:17Z</time>
				<ele>-20000.000000</ele>
				<extensions>
					<ns3:TrackPointExtension>
						<ns3:hr>172</ns3:hr>
						<ns3:speed>1.569860</ns3:speed>
						<ns3:cad>88</ns3:cad>
					</ns3:TrackPointExtension>
				</extensions>
			</trkpt>
			<trkpt lat="-6.449711" lon="-35.674677">
				<time>2025-10-26T13:10:18Z</time>
				<ele>-20000.000000</ele>
				<extensions>
					<ns3:TrackPointExtension>
						<ns3:hr>172</ns3:hr>
						<ns3:speed>1.607720</ns3:speed>
						<ns3:cad>78</ns3:cad>
					</ns3:TrackPointExtension>
				</extensions>
			</trkpt>
			<trkpt lat="-6.449731" lon="-35.674686">
				<time>2025-10-26T13:10:19Z</time>
				<ele>-20000.000000</ele>
				<extensions>
					<ns3:TrackPointExtension>
						<ns3:hr>172</ns3:hr>
						<ns3:speed>1.644740</ns3:speed>
						<ns3:cad>77</ns3:cad>
					</ns3:TrackPointExtension>
				</extensions>
			</trkpt>
			<trkpt lat="-6.449749" lon="-35.674696">
				<time>2025-10-26T13:10:20Z</time>
				<ele>-20000.000000</ele>
				<extensions>
					<ns3:TrackPointExtension>
						<ns3:hr>172</ns3:hr>
						<ns3:speed>1.730100</ns3:speed>
						<ns3:cad>78</ns3:cad>
					</ns3:TrackPointExtension>
				</extensions>
			</trkpt>
			<trkpt lat="-6.449762" lon="-35.674707">
				<time>2025-10-26T13:10:21Z</time>
				<ele>-20000.000000</ele>
				<extensions>
					<ns3:TrackPointExtension>
						<ns3:hr>172</ns3:hr>
						<ns3:speed>1.897530</ns3:speed>
						<ns3:cad>78</ns3:cad>
					</ns3:TrackPointExtension>
				</extensions>
			</trkpt>
			<trkpt lat="-6.449770" lon="-35.674713">
				<time>2025-10-26T13:10:22Z</time>
				<ele>-20000.000000</ele>
				<extensions>
					<ns3:TrackPointExtension>
						<ns3:hr>173</ns3:hr>
						<ns3:speed>1.996010</ns3:speed>
						<ns3:cad>78</ns3:cad>
					</ns3:TrackPointExtension>
				</extensions>
			</trkpt>
			<trkpt lat="-6.449769" lon="-35.674713">
				<time>2025-10-26T13:10:23Z</time>
				<ele>-20000.000000</ele>
				<extensions>
					<ns3:TrackPointExtension>
						<ns3:hr>175</ns3:hr>
						<ns3:speed>1.980200</ns3:speed>
						<ns3:cad>79</ns3:cad>
					</ns3:TrackPointExtension>
				</extensions>
			</trkpt>
			<trkpt lat="-6.449759" lon="-35.674706">
				<time>2025-10-26T13:10:24Z</time>
				<ele>-20000.000000</ele>
				<extensions>
					<ns3:TrackPointExtension>
						<ns3:hr>177</ns3:hr>
						<ns3:speed>1.980200</ns3:speed>
						<ns3:cad>79</ns3:cad>
					</ns3:TrackPointExtension>
				</extensions>
			</trkpt>
			<trkpt lat="-6.449746" lon="-35.674695">
				<time>2025-10-26T13:10:25Z</time>
				<ele>-20000.000000</ele>
				<extensions>
					<ns3:TrackPointExtension>
						<ns3:hr>178</ns3:hr>
						<ns3:speed>1.937980</ns3:speed>
						<ns3:cad>80</ns3:cad>
					</ns3:TrackPointExtension>
				</extensions>
			</trkpt>
			<trkpt lat="-6.449734" lon="-35.674680">
				<time>2025-10-26T13:10:26Z</time>
				<ele>-20000.000000</ele>
				<extensions>
					<ns3:TrackPointExtension>
						<ns3:hr>177</ns3:hr>
						<ns3:speed>1.851850</ns3:speed>
						<ns3:cad>80</ns3:cad>
					</ns3:TrackPointExtension>
				</extensions>
			</trkpt>
			<trkpt lat="-6.449723" lon="-35.674663">
				<time>2025-10-26T13:10:27Z</time>
				<ele>-20000.000000</ele>
				<extensions>
					<ns3:TrackPointExtension>
						<ns3:hr>176</ns3:hr>
						<ns3:speed>1.805050</ns3:speed>
						<ns3:cad>80</ns3:cad>
					</ns3:TrackPointExtension>
				</extensions>
			</trkpt>
			<trkpt lat="-6.449715" lon="-35.674645">
				<time>2025-10-26T13:10:28Z</time>
				<ele>-20000.000000</ele>
				<extensions>
					<ns3:TrackPointExtension>
						<ns3:hr>177</ns3:hr>
						<ns3:speed>1.805050</ns3:speed>
						<ns3:cad>79</ns3:cad>
					</ns3:TrackPointExtension>
				</extensions>
			</trkpt>
			<trkpt lat="-6.449711" lon="-35.674627">
				<time>2025-10-26T13:10:29Z</time>
				<ele>-20000.000000</ele>
				<extensions>
					<ns3:TrackPointExtension>
						<ns3:hr>176</ns3:hr>
						<ns3:speed>1.862200</ns3:speed>
						<ns3:cad>78</ns3:cad>
					</ns3:TrackPointExtension>
				</extensions>
			</trkpt>
			<trkpt lat="-6.449708" lon="-35.674610">
				<time>2025-10-26T13:10:30Z</time>
				<ele>-20000.000000</ele>
				<extensions>
					<ns3:TrackPointExtension>
						<ns3:hr>176</ns3:hr>
						<ns3:speed>1.941750</ns3:speed>
						<ns3:cad>77</ns3:cad>
					</ns3:TrackPointExtension>
				</extensions>
			</trkpt>
			<trkpt lat="-6.449707" lon="-35.674597">
				<time>2025-10-26T13:10:31Z</time>
				<ele>-20000.000000</ele>
				<extensions>
					<ns3:TrackPointExtension>
						<ns3:hr>178</ns3:hr>
						<ns3:speed>1.968500</ns3:speed>
						<ns3:cad>77</ns3:cad>
					</ns3:TrackPointExtension>
				</extensions>
			</trkpt>
			<trkpt lat="-6.449706" lon="-35.674587">
				<time>2025-10-26T13:10:32Z</time>
				<ele>-20000.000000</ele>
				<extensions>
					<ns3:TrackPointExtension>
						<ns3:hr>179</ns3:hr>
						<ns3:speed>1.968500</ns3:speed>
						<ns3:cad>77</ns3:cad>
					</ns3:TrackPointExtension>
				</extensions>
			</trkpt>
			<trkpt lat="-6.449706" lon="-35.674579">
				<time>2025-10-26T13:10:33Z</time>
				<ele>-20000.000000</ele>
				<extensions>
					<ns3:TrackPointExtension>
						<ns3:hr>179</ns3:hr>
						<ns3:speed>1.930500</ns3:speed>
						<ns3:cad>76</ns3:cad>
					</ns3:TrackPointExtension>
				</extensions>
			</trkpt>
			<trkpt lat="-6.449705" lon="-35.674572">
				<time>2025-10-26T13:10:34Z</time>
				<ele>-20000.000000</ele>
				<extensions>
					<ns3:TrackPointExtension>
						<ns3:hr>179</ns3:hr>
						<ns3:speed>1.626020</ns3:speed>
						<ns3:cad>75</ns3:cad>
					</ns3:TrackPointExtension>
				</extensions>
			</trkpt>
			<trkpt lat="-6.449706" lon="-35.674565">
				<time>2025-10-26T13:10:35Z</time>
				<ele>-20000.000000</ele>
				<extensions>
					<ns3:TrackPointExtension>
						<ns3:hr>180</ns3:hr>
						<ns3:speed>1.129940</ns3:speed>
						<ns3:cad>73</ns3:cad>
					</ns3:TrackPointExtension>
				</extensions>
			</trkpt>
			<trkpt lat="-6.449706" lon="-35.674558">
				<time>2025-10-26T13:10:36Z</time>
				<ele>-20000.000000</ele>
				<extensions>
					<ns3:TrackPointExtension>
						<ns3:hr>179</ns3:hr>
						<ns3:speed>0.704230</ns3:speed>
						<ns3:cad>72</ns3:cad>
					</ns3:TrackPointExtension>
				</extensions>
			</trkpt>
			<trkpt lat="-6.449706" lon="-35.674550">
				<time>2025-10-26T13:10:37Z</time>
				<ele>-20000.000000</ele>
				<extensions>
					<ns3:TrackPointExtension>
						<ns3:hr>179</ns3:hr>
						<ns3:speed>0.496520</ns3:speed>
						<ns3:cad>71</ns3:cad>
					</ns3:TrackPointExtension>
				</extensions>
			</trkpt>
			<trkpt lat="-6.449705" lon="-35.674541">
				<time>2025-10-26T13:10:38Z</time>
				<ele>-20000.000000</ele>
				<extensions>
					<ns3:TrackPointExtension>
						<ns3:hr>178</ns3:hr>
						<ns3:speed>0.547950</ns3:speed>
						<ns3:cad>70</ns3:cad>
					</ns3:TrackPointExtension>
				</extensions>
			</trkpt>
			<trkpt lat="-6.449703" lon="-35.674532">
				<time>2025-10-26T13:10:39Z</time>
				<ele>-20000.000000</ele>
				<extensions>
					<ns3:TrackPointExtension>
						<ns3:hr>179</ns3:hr>
						<ns3:speed>0.609010</ns3:speed>
						<ns3:cad>71</ns3:cad>
					</ns3:TrackPointExtension>
				</extensions>
			</trkpt>
			<trkpt lat="-6.449704" lon="-35.674523">
				<time>2025-10-26T13:10:40Z</time>
				<ele>-20000.000000</ele>
				<extensions>
					<ns3:TrackPointExtension>
						<ns3:hr>178</ns3:hr>
						<ns3:speed>0.609010</ns3:speed>
						<ns3:cad>71</ns3:cad>
					</ns3:TrackPointExtension>
				</extensions>
			</trkpt>
			<trkpt lat="-6.449706" lon="-35.674517">
				<time>2025-10-26T13:10:41Z</time>
				<ele>-20000.000000</ele>
				<extensions>
					<ns3:TrackPointExtension>
						<ns3:hr>179</ns3:hr>
						<ns3:speed>0.630520</ns3:speed>
						<ns3:cad>71</ns3:cad>
					</ns3:TrackPointExtension>
				</extensions>
			</trkpt>
			<trkpt lat="-6.449710" lon="-35.674512">
				<time>2025-10-26T13:10:42Z</time>
				<ele>-20000.000000</ele>
				<extensions>
					<ns3:TrackPointExtension>
						<ns3:hr>178</ns3:hr>
						<ns3:speed>0.651890</ns3:speed>
						<ns3:cad>71</ns3:cad>
					</ns3:TrackPointExtension>
				</extensions>
			</trkpt>
			<trkpt lat="-6.449716" lon="-35.674510">
				<time>2025-10-26T13:10:43Z</time>
				<ele>-20000.000000</ele>
				<extensions>
					<ns3:TrackPointExtension>
						<ns3:hr>178</ns3:hr>
						<ns3:speed>0.721500</ns3:speed>
						<ns3:cad>66</ns3:cad>
					</ns3:TrackPointExtension>
				</extensions>
			</trkpt>
			<trkpt lat="-6.449723" lon="-35.674510">
				<time>2025-10-26T13:10:44Z</time>
				<ele>-20000.000000</ele>
				<extensions>
					<ns3:TrackPointExtension>
						<ns3:hr>177</ns3:hr>
						<ns3:speed>0.791770</ns3:speed>
						<ns3:cad>67</ns3:cad>
					</ns3:TrackPointExtension>
				</extensions>
			</trkpt>
			<trkpt lat="-6.449732" lon="-35.674510">
				<time>2025-10-26T13:10:45Z</time>
				<ele>-20000.000000</ele>
				<extensions>
					<ns3:TrackPointExtension>
						<ns3:hr>176</ns3:hr>
						<ns3:speed>0.800640</ns3:speed>
						<ns3:cad>67</ns3:cad>
					</ns3:TrackPointExtension>
				</extensions>
			</trkpt>
			<trkpt lat="-6.449741" lon="-35.674511">
				<time>2025-10-26T13:10:46Z</time>
				<ele>-20000.000000</ele>
				<extensions>
					<ns3:TrackPointExtension>
						<ns3:hr>176</ns3:hr>
						<ns3:speed>0.810370</ns3:speed>
						<ns3:cad>69</ns3:cad>
					</ns3:TrackPointExtension>
				</extensions>
			</trkpt>
			<trkpt lat="-6.449751" lon="-35.674511">
				<time>2025-10-26T13:10:47Z</time>
				<ele>-20000.000000</ele>
				<extensions>
					<ns3:TrackPointExtension>
						<ns3:hr>176</ns3:hr>
						<ns3:speed>0.810370</ns3:speed>
						<ns3:cad>70</ns3:cad>
					</ns3:TrackPointExtension>
				</extensions>
			</trkpt>
			<trkpt lat="-6.449761" lon="-35.674512">
				<time>2025-10-26T13:10:48Z</time>
				<ele>-20000.000000</ele>
				<extensions>
					<ns3:TrackPointExtension>
						<ns3:hr>176</ns3:hr>
						<ns3:speed>0.827130</ns3:speed>
						<ns3:cad>71</ns3:cad>
					</ns3:TrackPointExtension>
				</extensions>
			</trkpt>
			<trkpt lat="-6.449770" lon="-35.674514">
				<time>2025-10-26T13:10:49Z</time>
				<ele>-20000.000000</ele>
				<extensions>
					<ns3:TrackPointExtension>
						<ns3:hr>176</ns3:hr>
						<ns3:speed>0.880280</ns3:speed>
						<ns3:cad>72</ns3:cad>
					</ns3:TrackPointExtension>
				</extensions>
			</trkpt>
			<trkpt lat="-6.449782" lon="-35.674517">
				<time>2025-10-26T13:10:50Z</time>
				<ele>-20000.000000</ele>
				<extensions>
					<ns3:TrackPointExtension>
						<ns3:hr>176</ns3:hr>
						<ns3:speed>0.940730</ns3:speed>
						<ns3:cad>71</ns3:cad>
					</ns3:TrackPointExtension>
				</extensions>
			</trkpt>
			<trkpt lat="-6.449797" lon="-35.674526">
				<time>2025-10-26T13:10:51Z</time>
				<ele>-20000.000000</ele>
				<extensions>
					<ns3:TrackPointExtension>
						<ns3:hr>175</ns3:hr>
						<ns3:speed>0.980390</ns3:speed>
						<ns3:cad>68</ns3:cad>
					</ns3:TrackPointExtension>
				</extensions>
			</trkpt>
			<trkpt lat="-6.449813" lon="-35.674540">
				<time>2025-10-26T13:10:52Z</time>
				<ele>-20000.000000</ele>
				<extensions>
					<ns3:TrackPointExtension>
						<ns3:hr>176</ns3:hr>
						<ns3:speed>0.998000</ns3:speed>
						<ns3:cad>58</ns3:cad>
					</ns3:TrackPointExtension>
				</extensions>
			</trkpt>
			<trkpt lat="-6.449831" lon="-35.674560">
				<time>2025-10-26T13:10:53Z</time>
				<ele>-20000.000000</ele>
				<extensions>
					<ns3:TrackPointExtension>
						<ns3:hr>175</ns3:hr>
						<ns3:speed>1.034130</ns3:speed>
						<ns3:cad>55</ns3:cad>
					</ns3:TrackPointExtension>
				</extensions>
			</trkpt>
			<trkpt lat="-6.449847" lon="-35.674589">
				<time>2025-10-26T13:10:54Z</time>
				<ele>-20000.000000</ele>
				<extensions>
					<ns3:TrackPointExtension>
						<ns3:hr>174</ns3:hr>
						<ns3:speed>1.040580</ns3:speed>
						<ns3:cad>58</ns3:cad>
					</ns3:TrackPointExtension>
				</extensions>
			</trkpt>
			<trkpt lat="-6.449864" lon="-35.674618">
				<time>2025-10-26T13:10:55Z</time>
				<ele>-20000.000000</ele>
				<extensions>
					<ns3:TrackPointExtension>
						<ns3:hr>174</ns3:hr>
						<ns3:speed>1.356850</ns3:speed>
						<ns3:cad>59</ns3:cad>
					</ns3:TrackPointExtension>
				</extensions>
			</trkpt>
			<trkpt lat="-6.449880" lon="-35.674647">
				<time>2025-10-26T13:10:56Z</time>
				<ele>-20000.000000</ele>
				<extensions>
					<ns3:TrackPointExtension>
						<ns3:hr>173</ns3:hr>
						<ns3:speed>2.008030</ns3:speed>
						<ns3:cad>81</ns3:cad>
					</ns3:TrackPointExtension>
				</extensions>
			</trkpt>
			<trkpt lat="-6.449895" lon="-35.674675">
				<time>2025-10-26T13:10:57Z</time>
				<ele>-20000.000000</ele>
				<extensions>
					<ns3:TrackPointExtension>
						<ns3:hr>174</ns3:hr>
						<ns3:speed>2.638520</ns3:speed>
						<ns3:cad>81</ns3:cad>
					</ns3:TrackPointExtension>
				</extensions>
			</trkpt>
			<trkpt lat="-6.449910" lon="-35.674702">
				<time>2025-10-26T13:10:58Z</time>
				<ele>-20000.000000</ele>
				<extensions>
					<ns3:TrackPointExtension>
						<ns3:hr>175</ns3:hr>
						<ns3:speed>3.095980</ns3:speed>
						<ns3:cad>81</ns3:cad>
					</ns3:TrackPointExtension>
				</extensions>
			</trkpt>
			<trkpt lat="-6.449924" lon="-35.674731">
				<time>2025-10-26T13:10:59Z</time>
				<ele>-20000.000000</ele>
				<extensions>
					<ns3:TrackPointExtension>
						<ns3:hr>175</ns3:hr>
						<ns3:speed>3.267970</ns3:speed>
						<ns3:cad>80</ns3:cad>
					</ns3:TrackPointExtension>
				</extensions>
			</trkpt>
			<trkpt lat="-6.449937" lon="-35.674758">
				<time>2025-10-26T13:11:00Z</time>
				<ele>-20000.000000</ele>
				<extensions>
					<ns3:TrackPointExtension>
						<ns3:hr>176</ns3:hr>
						<ns3:speed>3.311260</ns3:speed>
						<ns3:cad>81</ns3:cad>
					</ns3:TrackPointExtension>
				</extensions>
			</trkpt>
			<trkpt lat="-6.449950" lon="-35.674784">
				<time>2025-10-26T13:11:01Z</time>
				<ele>-20000.000000</ele>
				<extensions>
					<ns3:TrackPointExtension>
						<ns3:hr>176</ns3:hr>
						<ns3:speed>3.311260</ns3:speed>
						<ns3:cad>81</ns3:cad>
					</ns3:TrackPointExtension>
				</extensions>
			</trkpt>
			<trkpt lat="-6.449961" lon="-35.674809">
				<time>2025-10-26T13:11:02Z</time>
				<ele>-20000.000000</ele>
				<extensions>
					<ns3:TrackPointExtension>
						<ns3:hr>176</ns3:hr>
						<ns3:speed>3.278690</ns3:speed>
						<ns3:cad>81</ns3:cad>
					</ns3:TrackPointExtension>
				</extensions>
			</trkpt>
			<trkpt lat="-6.449975" lon="-35.674832">
				<time>2025-10-26T13:11:03Z</time>
				<ele>-20000.000000</ele>
				<extensions>
					<ns3:TrackPointExtension>
						<ns3:hr>176</ns3:hr>
						<ns3:speed>3.257330</ns3:speed>
						<ns3:cad>82</ns3:cad>
					</ns3:TrackPointExtension>
				</extensions>
			</trkpt>
			<trkpt lat="-6.449990" lon="-35.674856">
				<time>2025-10-26T13:11:04Z</time>
				<ele>-20000.000000</ele>
				<extensions>
					<ns3:TrackPointExtension>
						<ns3:hr>177</ns3:hr>
						<ns3:speed>3.257330</ns3:speed>
						<ns3:cad>82</ns3:cad>
					</ns3:TrackPointExtension>
				</extensions>
			</trkpt>
			<trkpt lat="-6.450005" lon="-35.674878">
				<time>2025-10-26T13:11:05Z</time>
				<ele>-20000.000000</ele>
				<extensions>
					<ns3:TrackPointExtension>
						<ns3:hr>176</ns3:hr>
						<ns3:speed>3.215430</ns3:speed>
						<ns3:cad>83</ns3:cad>
					</ns3:TrackPointExtension>
				</extensions>
			</trkpt>
			<trkpt lat="-6.450019" lon="-35.674899">
				<time>2025-10-26T13:11:06Z</time>
				<ele>-20000.000000</ele>
				<extensions>
					<ns3:TrackPointExtension>
						<ns3:hr>177</ns3:hr>
						<ns3:speed>3.144650</ns3:speed>
						<ns3:cad>83</ns3:cad>
					</ns3:TrackPointExtension>
				</extensions>
			</trkpt>
			<trkpt lat="-6.450033" lon="-35.674922">
				<time>2025-10-26T13:11:07Z</time>
				<ele>-20000.000000</ele>
				<extensions>
					<ns3:TrackPointExtension>
						<ns3:hr>178</ns3:hr>
						<ns3:speed>3.076920</ns3:speed>
						<ns3:cad>83</ns3:cad>
					</ns3:TrackPointExtension>
				</extensions>
			</trkpt>
			<trkpt lat="-6.450047" lon="-35.674946">
				<time>2025-10-26T13:11:08Z</time>
				<ele>-20000.000000</ele>
				<extensions>
					<ns3:TrackPointExtension>
						<ns3:hr>178</ns3:hr>
						<ns3:speed>3.048780</ns3:speed>
						<ns3:cad>83</ns3:cad>
					</ns3:TrackPointExtension>
				</extensions>
			</trkpt>
			<trkpt lat="-6.450062" lon="-35.674969">
				<time>2025-10-26T13:11:09Z</time>
				<ele>-20000.000000</ele>
				<extensions>
					<ns3:TrackPointExtension>
						<ns3:hr>178</ns3:hr>
						<ns3:speed>3.058100</ns3:speed>
						<ns3:cad>83</ns3:cad>
					</ns3:TrackPointExtension>
				</extensions>
			</trkpt>
			<trkpt lat="-6.450075" lon="-35.674993">
				<time>2025-10-26T13:11:10Z</time>
				<ele>-20000.000000</ele>
				<extensions>
					<ns3:TrackPointExtension>
						<ns3:hr>177</ns3:hr>
						<ns3:speed>3.067480</ns3:speed>
						<ns3:cad>83</ns3:cad>
					</ns3:TrackPointExtension>
				</extensions>
			</trkpt>
			<trkpt lat="-6.450085" lon="-35.675017">
				<time>2025-10-26T13:11:11Z</time>
				<ele>-20000.000000</ele>
				<extensions>
					<ns3:TrackPointExtension>
						<ns3:hr>176</ns3:hr>
						<ns3:speed>3.067480</ns3:speed>
						<ns3:cad>83</ns3:cad>
					</ns3:TrackPointExtension>
				</extensions>
			</trkpt>
			<trkpt lat="-6.450094" lon="-35.675043">
				<time>2025-10-26T13:11:12Z</time>
				<ele>-20000.000000</ele>
				<extensions>
					<ns3:TrackPointExtension>
						<ns3:hr>175</ns3:hr>
						<ns3:speed>3.067480</ns3:speed>
						<ns3:cad>83</ns3:cad>
					</ns3:TrackPointExtension>
				</extensions>
			</trkpt>
			<trkpt lat="-6.450099" lon="-35.675072">
				<time>2025-10-26T13:11:13Z</time>
				<ele>-20000.000000</ele>
				<extensions>
					<ns3:TrackPointExtension>
						<ns3:hr>175</ns3:hr>
						<ns3:speed>3.076920</ns3:speed>
						<ns3:cad>82</ns3:cad>
					</ns3:TrackPointExtension>
				</extensions>
			</trkpt>
			<trkpt lat="-6.450107" lon="-35.675102">
				<time>2025-10-26T13:11:14Z</time>
				<ele>-20000.000000</ele>
				<extensions>
					<ns3:TrackPointExtension>
						<ns3:hr>175</ns3:hr>
						<ns3:speed>3.076920</ns3:speed>
						<ns3:cad>82</ns3:cad>
					</ns3:TrackPointExtension>
				</extensions>
			</trkpt>
			<trkpt lat="-6.450115" lon="-35.675130">
				<time>2025-10-26T13:11:15Z</time>
				<ele>-20000.000000</ele>
				<extensions>
					<ns3:TrackPointExtension>
						<ns3:hr>176</ns3:hr>
						<ns3:speed>3.086420</ns3:speed>
						<ns3:cad>80</ns3:cad>
					</ns3:TrackPointExtension>
				</extensions>
			</trkpt>
			<trkpt lat="-6.450122" lon="-35.675155">
				<time>2025-10-26T13:11:16Z</time>
				<ele>-20000.000000</ele>
				<extensions>
					<ns3:TrackPointExtension>
						<ns3:hr>177</ns3:hr>
						<ns3:speed>3.105590</ns3:speed>
						<ns3:cad>80</ns3:cad>
					</ns3:TrackPointExtension>
				</extensions>
			</trkpt>
			<trkpt lat="-6.450130" lon="-35.675182">
				<time>2025-10-26T13:11:17Z</time>
				<ele>-20000.000000</ele>
				<extensions>
					<ns3:TrackPointExtension>
						<ns3:hr>180</ns3:hr>
						<ns3:speed>3.125000</ns3:speed>
						<ns3:cad>81</ns3:cad>
					</ns3:TrackPointExtension>
				</extensions>
			</trkpt>
			<trkpt lat="-6.450137" lon="-35.675206">
				<time>2025-10-26T13:11:18Z</time>
				<ele>-20000.000000</ele>
				<extensions>
					<ns3:TrackPointExtension>
						<ns3:hr>181</ns3:hr>
						<ns3:speed>3.125000</ns3:speed>
						<ns3:cad>82</ns3:cad>
					</ns3:TrackPointExtension>
				</extensions>
			</trkpt>
			<trkpt lat="-6.450145" lon="-35.675230">
				<time>2025-10-26T13:11:19Z</time>
				<ele>-20000.000000</ele>
				<extensions>
					<ns3:TrackPointExtension>
						<ns3:hr>182</ns3:hr>
						<ns3:speed>3.125000</ns3:speed>
						<ns3:cad>82</ns3:cad>
					</ns3:TrackPointExtension>
				</extensions>
			</trkpt>
			<trkpt lat="-6.450154" lon="-35.675252">
				<time>2025-10-26T13:11:20Z</time>
				<ele>-20000.000000</ele>
				<extensions>
					<ns3:TrackPointExtension>
						<ns3:hr>182</ns3:hr>
						<ns3:speed>3.095980</ns3:speed>
						<ns3:cad>82</ns3:cad>
					</ns3:TrackPointExtension>
				</extensions>
			</trkpt>
			<trkpt lat="-6.450162" lon="-35.675275">
				<time>2025-10-26T13:11:21Z</time>
				<ele>-20000.000000</ele>
				<extensions>
					<ns3:TrackPointExtension>
						<ns3:hr>183</ns3:hr>
						<ns3:speed>2.949850</ns3:speed>
						<ns3:cad>82</ns3:cad>
					</ns3:TrackPointExtension>
				</extensions>
			</trkpt>
			<trkpt lat="-6.450170" lon="-35.675296">
				<time>2025-10-26T13:11:22Z</time>
				<ele>-20000.000000</ele>
				<extensions>
					<ns3:TrackPointExtension>
						<ns3:hr>182</ns3:hr>
						<ns3:speed>2.949850</ns3:speed>
						<ns3:cad>82</ns3:cad>
					</ns3:TrackPointExtension>
				</extensions>
			</trkpt>
			<trkpt lat="-6.450175" lon="-35.675318">
				<time>2025-10-26T13:11:23Z</time>
				<ele>-20000.000000</ele>
				<extensions>
					<ns3:TrackPointExtension>
						<ns3:hr>182</ns3:hr>
						<ns3:speed>2.898550</ns3:speed>
						<ns3:cad>82</ns3:cad>
					</ns3:TrackPointExtension>
				</extensions>
			</trkpt>
			<trkpt lat="-6.450180" lon="-35.675340">
				<time>2025-10-26T13:11:24Z</time>
				<ele>-20000.000000</ele>
				<extensions>
					<ns3:TrackPointExtension>
						<ns3:hr>182</ns3:hr>
						<ns3:speed>2.816900</ns3:speed>
						<ns3:cad>82</ns3:cad>
					</ns3:TrackPointExtension>
				</extensions>
			</trkpt>
			<trkpt lat="-6.450184" lon="-35.675363">
				<time>2025-10-26T13:11:25Z</time>
				<ele>-20000.000000</ele>
				<extensions>
					<ns3:TrackPointExtension>
						<ns3:hr>183</ns3:hr>
						<ns3:speed>2.816900</ns3:speed>
						<ns3:cad>82</ns3:cad>
					</ns3:TrackPointExtension>
				</extensions>
			</trkpt>
			<trkpt lat="-6.450187" lon="-35.675385">
				<time>2025-10-26T13:11:26Z</time>
				<ele>-20000.000000</ele>
				<extensions>
					<ns3:TrackPointExtension>
						<ns3:hr>183</ns3:hr>
						<ns3:speed>2.777780</ns3:speed>
						<ns3:cad>82</ns3:cad>
					</ns3:TrackPointExtension>
				</extensions>
			</trkpt>
			<trkpt lat="-6.450188" lon="-35.675408">
				<time>2025-10-26T13:11:27Z</time>
				<ele>-20000.000000</ele>
				<extensions>
					<ns3:TrackPointExtension>
						<ns3:hr>183</ns3:hr>
						<ns3:speed>2.732240</ns3:speed>
						<ns3:cad>82</ns3:cad>
					</ns3:TrackPointExtension>
				</extensions>
			</trkpt>
			<trkpt lat="-6.450184" lon="-35.675435">
				<time>2025-10-26T13:11:28Z</time>
				<ele>-20000.000000</ele>
				<extensions>
					<ns3:TrackPointExtension>
						<ns3:hr>183</ns3:hr>
						<ns3:speed>2.695420</ns3:speed>
						<ns3:cad>82</ns3:cad>
					</ns3:TrackPointExtension>
				</extensions>
			</trkpt>
			<trkpt lat="-6.450178" lon="-35.675464">
				<time>2025-10-26T13:11:29Z</time>
				<ele>-20000.000000</ele>
				<extensions>
					<ns3:TrackPointExtension>
						<ns3:hr>182</ns3:hr>
						<ns3:speed>2.695420</ns3:speed>
						<ns3:cad>82</ns3:cad>
					</ns3:TrackPointExtension>
				</extensions>
			</trkpt>
			<trkpt lat="-6.450172" lon="-35.675493">
				<time>2025-10-26T13:11:30Z</time>
				<ele>-20000.000000</ele>
				<extensions>
					<ns3:TrackPointExtension>
						<ns3:hr>181</ns3:hr>
						<ns3:speed>2.680970</ns3:speed>
						<ns3:cad>82</ns3:cad>
					</ns3:TrackPointExtension>
				</extensions>
			</trkpt>
			<trkpt lat="-6.450166" lon="-35.675522">
				<time>2025-10-26T13:11:31Z</time>
				<ele>-20000.000000</ele>
				<extensions>
					<ns3:TrackPointExtension>
						<ns3:hr>181</ns3:hr>
						<ns3:speed>2.717390</ns3:speed>
						<ns3:cad>82</ns3:cad>
					</ns3:TrackPointExtension>
				</extensions>
			</trkpt>
			<trkpt lat="-6.450158" lon="-35.675551">
				<time>2025-10-26T13:11:32Z</time>
				<ele>-20000.000000</ele>
				<extensions>
					<ns3:TrackPointExtension>
						<ns3:hr>181</ns3:hr>
						<ns3:speed>2.808990</ns3:speed>
						<ns3:cad>82</ns3:cad>
					</ns3:TrackPointExtension>
				</extensions>
			</trkpt>
			<trkpt lat="-6.450150" lon="-35.675580">
				<time>2025-10-26T13:11:33Z</time>
				<ele>-20000.000000</ele>
				<extensions>
					<ns3:TrackPointExtension>
						<ns3:hr>181</ns3:hr>
						<ns3:speed>2.906980</ns3:speed>
						<ns3:cad>82</ns3:cad>
					</ns3:TrackPointExtension>
				</extensions>
			</trkpt>
			<trkpt lat="-6.450141" lon="-35.675609">
				<time>2025-10-26T13:11:34Z</time>
				<ele>-20000.000000</ele>
				<extensions>
					<ns3:TrackPointExtension>
						<ns3:hr>181</ns3:hr>
						<ns3:speed>3.021150</ns3:speed>
						<ns3:cad>82</ns3:cad>
					</ns3:TrackPointExtension>
				</extensions>
			</trkpt>
			<trkpt lat="-6.450130" lon="-35.675638">
				<time>2025-10-26T13:11:35Z</time>
				<ele>-20000.000000</ele>
				<extensions>
					<ns3:TrackPointExtension>
						<ns3:hr>182</ns3:hr>
						<ns3:speed>3.115260</ns3:speed>
						<ns3:cad>82</ns3:cad>
					</ns3:TrackPointExtension>
				</extensions>
			</trkpt>
			<trkpt lat="-6.450120" lon="-35.675666">
				<time>2025-10-26T13:11:36Z</time>
				<ele>-20000.000000</ele>
				<extensions>
					<ns3:TrackPointExtension>
						<ns3:hr>182</ns3:hr>
						<ns3:speed>3.194890</ns3:speed>
						<ns3:cad>82</ns3:cad>
					</ns3:TrackPointExtension>
				</extensions>
			</trkpt>
			<trkpt lat="-6.450110" lon="-35.675693">
				<time>2025-10-26T13:11:37Z</time>
				<ele>-20000.000000</ele>
				<extensions>
					<ns3:TrackPointExtension>
						<ns3:hr>182</ns3:hr>
						<ns3:speed>3.236250</ns3:speed>
						<ns3:cad>82</ns3:cad>
					</ns3:TrackPointExtension>
				</extensions>
			</trkpt>
			<trkpt lat="-6.450099" lon="-35.675720">
				<time>2025-10-26T13:11:38Z</time>
				<ele>-20000.000000</ele>
				<extensions>
					<ns3:TrackPointExtension>
						<ns3:hr>182</ns3:hr>
						<ns3:speed>3.236250</ns3:speed>
						<ns3:cad>82</ns3:cad>
					</ns3:TrackPointExtension>
				</extensions>
			</trkpt>
			<trkpt lat="-6.450087" lon="-35.675747">
				<time>2025-10-26T13:11:39Z</time>
				<ele>-20000.000000</ele>
				<extensions>
					<ns3:TrackPointExtension>
						<ns3:hr>183</ns3:hr>
						<ns3:speed>3.225810</ns3:speed>
						<ns3:cad>82</ns3:cad>
					</ns3:TrackPointExtension>
				</extensions>
			</trkpt>
			<trkpt lat="-6.450076" lon="-35.675771">
				<time>2025-10-26T13:11:40Z</time>
				<ele>-20000.000000</ele>
				<extensions>
					<ns3:TrackPointExtension>
						<ns3:hr>184</ns3:hr>
						<ns3:speed>3.205130</ns3:speed>
						<ns3:cad>81</ns3:cad>
					</ns3:TrackPointExtension>
				</extensions>
			</trkpt>
			<trkpt lat="-6.450067" lon="-35.675794">
				<time>2025-10-26T13:11:41Z</time>
				<ele>-20000.000000</ele>
				<extensions>
					<ns3:TrackPointExtension>
						<ns3:hr>184</ns3:hr>
						<ns3:speed>3.184710</ns3:speed>
						<ns3:cad>81</ns3:cad>
					</ns3:TrackPointExtension>
				</extensions>
			</trkpt>
			<trkpt lat="-6.450064" lon="-35.675816">
				<time>2025-10-26T13:11:42Z</time>
				<ele>-20000.000000</ele>
				<extensions>
					<ns3:TrackPointExtension>
						<ns3:hr>184</ns3:hr>
						<ns3:speed>3.174600</ns3:speed>
						<ns3:cad>81</ns3:cad>
					</ns3:TrackPointExtension>
				</extensions>
			</trkpt>
			<trkpt lat="-6.450067" lon="-35.675838">
				<time>2025-10-26T13:11:43Z</time>
				<ele>-20000.000000</ele>
				<extensions>
					<ns3:TrackPointExtension>
						<ns3:hr>184</ns3:hr>
						<ns3:speed>3.115260</ns3:speed>
						<ns3:cad>81</ns3:cad>
					</ns3:TrackPointExtension>
				</extensions>
			</trkpt>
			<trkpt lat="-6.450078" lon="-35.675856">
				<time>2025-10-26T13:11:44Z</time>
				<ele>-20000.000000</ele>
				<extensions>
					<ns3:TrackPointExtension>
						<ns3:hr>183</ns3:hr>
						<ns3:speed>3.021150</ns3:speed>
						<ns3:cad>81</ns3:cad>
					</ns3:TrackPointExtension>
				</extensions>
			</trkpt>
			<trkpt lat="-6.450093" lon="-35.675875">
				<time>2025-10-26T13:11:45Z</time>
				<ele>-20000.000000</ele>
				<extensions>
					<ns3:TrackPointExtension>
						<ns3:hr>182</ns3:hr>
						<ns3:speed>2.890170</ns3:speed>
						<ns3:cad>81</ns3:cad>
					</ns3:TrackPointExtension>
				</extensions>
			</trkpt>
			<trkpt lat="-6.450113" lon="-35.675894">
				<time>2025-10-26T13:11:46Z</time>
				<ele>-20000.000000</ele>
				<extensions>
					<ns3:TrackPointExtension>
						<ns3:hr>181</ns3:hr>
						<ns3:speed>2.777780</ns3:speed>
						<ns3:cad>81</ns3:cad>
					</ns3:TrackPointExtension>
				</extensions>
			</trkpt>
			<trkpt lat="-6.450135" lon="-35.675910">
				<time>2025-10-26T13:11:47Z</time>
				<ele>-20000.000000</ele>
				<extensions>
					<ns3:TrackPointExtension>
						<ns3:hr>181</ns3:hr>
						<ns3:speed>2.747250</ns3:speed>
						<ns3:cad>81</ns3:cad>
					</ns3:TrackPointExtension>
				</extensions>
			</trkpt>
			<trkpt lat="-6.450159" lon="-35.675924">
				<time>2025-10-26T13:11:48Z</time>
				<ele>-20000.000000</ele>
				<extensions>
					<ns3:TrackPointExtension>
						<ns3:hr>181</ns3:hr>
						<ns3:speed>2.747250</ns3:speed>
						<ns3:cad>81</ns3:cad>
					</ns3:TrackPointExtension>
				</extensions>
			</trkpt>
			<trkpt lat="-6.450185" lon="-35.675939">
				<time>2025-10-26T13:11:49Z</time>
				<ele>-20000.000000</ele>
				<extensions>
					<ns3:TrackPointExtension>
						<ns3:hr>182</ns3:hr>
						<ns3:speed>2.754820</ns3:speed>
						<ns3:cad>81</ns3:cad>
					</ns3:TrackPointExtension>
				</extensions>
			</trkpt>
			<trkpt lat="-6.450214" lon="-35.675954">
				<time>2025-10-26T13:11:50Z</time>
				<ele>-20000.000000</ele>
				<extensions>
					<ns3:TrackPointExtension>
						<ns3:hr>181</ns3:hr>
						<ns3:speed>2.808990</ns3:speed>
						<ns3:cad>82</ns3:cad>
					</ns3:TrackPointExtension>
				</extensions>
			</trkpt>
			<trkpt lat="-6.450244" lon="-35.675968">
				<time>2025-10-26T13:11:51Z</time>
				<ele>-20000.000000</ele>
				<extensions>
					<ns3:TrackPointExtension>
						<ns3:hr>182</ns3:hr>
						<ns3:speed>2.890170</ns3:speed>
						<ns3:cad>82</ns3:cad>
					</ns3:TrackPointExtension>
				</extensions>
			</trkpt>
			<trkpt lat="-6.450270" lon="-35.675982">
				<time>2025-10-26T13:11:52Z</time>
				<ele>-20000.000000</ele>
				<extensions>
					<ns3:TrackPointExtension>
						<ns3:hr>181</ns3:hr>
						<ns3:speed>2.967360</ns3:speed>
						<ns3:cad>83</ns3:cad>
					</ns3:TrackPointExtension>
				</extensions>
			</trkpt>
			<trkpt lat="-6.450297" lon="-35.675996">
				<time>2025-10-26T13:11:53Z</time>
				<ele>-20000.000000</ele>
				<extensions>
					<ns3:TrackPointExtension>
						<ns3:hr>181</ns3:hr>
						<ns3:speed>3.076920</ns3:speed>
						<ns3:cad>83</ns3:cad>
					</ns3:TrackPointExtension>
				</extensions>
			</trkpt>
			<trkpt lat="-6.450323" lon="-35.676009">
				<time>2025-10-26T13:11:54Z</time>
				<ele>-20000.000000</ele>
				<extensions>
					<ns3:TrackPointExtension>
						<ns3:hr>181</ns3:hr>
						<ns3:speed>3.184710</ns3:speed>
						<ns3:cad>83</ns3:cad>
					</ns3:TrackPointExtension>
				</extensions>
			</trkpt>
			<trkpt lat="-6.450348" lon="-35.676022">
				<time>2025-10-26T13:11:55Z</time>
				<ele>-20000.000000</ele>
				<extensions>
					<ns3:TrackPointExtension>
						<ns3:hr>182</ns3:hr>
						<ns3:speed>3.246750</ns3:speed>
						<ns3:cad>83</ns3:cad>
					</ns3:TrackPointExtension>
				</extensions>
			</trkpt>
			<trkpt lat="-6.450375" lon="-35.676032">
				<time>2025-10-26T13:11:56Z</time>
				<ele>-20000.000000</ele>
				<extensions>
					<ns3:TrackPointExtension>
						<ns3:hr>185</ns3:hr>
						<ns3:speed>3.246750</ns3:speed>
						<ns3:cad>83</ns3:cad>
					</ns3:TrackPointExtension>
				</extensions>
			</trkpt>
			<trkpt lat="-6.450404" lon="-35.676043">
				<time>2025-10-26T13:11:57Z</time>
				<ele>-20000.000000</ele>
				<extensions>
					<ns3:TrackPointExtension>
						<ns3:hr>184</ns3:hr>
						<ns3:speed>3.267970</ns3:speed>
						<ns3:cad>83</ns3:cad>
					</ns3:TrackPointExtension>
				</extensions>
			</trkpt>
			<trkpt lat="-6.450433" lon="-35.676051">
				<time>2025-10-26T13:11:58Z</time>
				<ele>-20000.000000</ele>
				<extensions>
					<ns3:TrackPointExtension>
						<ns3:hr>184</ns3:hr>
						<ns3:speed>3.278690</ns3:speed>
						<ns3:cad>83</ns3:cad>
					</ns3:TrackPointExtension>
				</extensions>
			</trkpt>
			<trkpt lat="-6.450461" lon="-35.676059">
				<time>2025-10-26T13:11:59Z</time>
				<ele>-20000.000000</ele>
				<extensions>
					<ns3:TrackPointExtension>
						<ns3:hr>183</ns3:hr>
						<ns3:speed>3.278690</ns3:speed>
						<ns3:cad>83</ns3:cad>
					</ns3:TrackPointExtension>
				</extensions>
			</trkpt>
			<trkpt lat="-6.450488" lon="-35.676068">
				<time>2025-10-26T13:12:00Z</time>
				<ele>-20000.000000</ele>
				<extensions>
					<ns3:TrackPointExtension>
						<ns3:hr>182</ns3:hr>
						<ns3:speed>3.257330</ns3:speed>
						<ns3:cad>83</ns3:cad>
					</ns3:TrackPointExtension>
				</extensions>
			</trkpt>
			<trkpt lat="-6.450513" lon="-35.676078">
				<time>2025-10-26T13:12:01Z</time>
				<ele>-20000.000000</ele>
				<extensions>
					<ns3:TrackPointExtension>
						<ns3:hr>183</ns3:hr>
						<ns3:speed>3.225810</ns3:speed>
						<ns3:cad>82</ns3:cad>
					</ns3:TrackPointExtension>
				</extensions>
			</trkpt>
			<trkpt lat="-6.450538" lon="-35.676087">
				<time>2025-10-26T13:12:02Z</time>
				<ele>-20000.000000</ele>
				<extensions>
					<ns3:TrackPointExtension>
						<ns3:hr>183</ns3:hr>
						<ns3:speed>3.215430</ns3:speed>
						<ns3:cad>82</ns3:cad>
					</ns3:TrackPointExtension>
				</extensions>
			</trkpt>
			<trkpt lat="-6.450562" lon="-35.676097">
				<time>2025-10-26T13:12:03Z</time>
				<ele>-20000.000000</ele>
				<extensions>
					<ns3:TrackPointExtension>
						<ns3:hr>184</ns3:hr>
						<ns3:speed>3.184710</ns3:speed>
						<ns3:cad>82</ns3:cad>
					</ns3:TrackPointExtension>
				</extensions>
			</trkpt>
			<trkpt lat="-6.450586" lon="-35.676107">
				<time>2025-10-26T13:12:04Z</time>
				<ele>-20000.000000</ele>
				<extensions>
					<ns3:TrackPointExtension>
						<ns3:hr>184</ns3:hr>
						<ns3:speed>3.125000</ns3:speed>
						<ns3:cad>82</ns3:cad>
					</ns3:TrackPointExtension>
				</extensions>
			</trkpt>
			<trkpt lat="-6.450611" lon="-35.676118">
				<time>2025-10-26T13:12:05Z</time>
				<ele>-20000.000000</ele>
				<extensions>
					<ns3:TrackPointExtension>
						<ns3:hr>186</ns3:hr>
						<ns3:speed>3.039510</ns3:speed>
						<ns3:cad>81</ns3:cad>
					</ns3:TrackPointExtension>
				</extensions>
			</trkpt>
			<trkpt lat="-6.450636" lon="-35.676132">
				<time>2025-10-26T13:12:06Z</time>
				<ele>-20000.000000</ele>
				<extensions>
					<ns3:TrackPointExtension>
						<ns3:hr>187</ns3:hr>
						<ns3:speed>2.976190</ns3:speed>
						<ns3:cad>81</ns3:cad>
					</ns3:TrackPointExtension>
				</extensions>
			</trkpt>
			<trkpt lat="-6.450657" lon="-35.676147">
				<time>2025-10-26T13:12:07Z</time>
				<ele>-20000.000000</ele>
				<extensions>
					<ns3:TrackPointExtension>
						<ns3:hr>187</ns3:hr>
						<ns3:speed>2.958580</ns3:speed>
						<ns3:cad>82</ns3:cad>
					</ns3:TrackPointExtension>
				</extensions>
			</trkpt>
			<trkpt lat="-6.450674" lon="-35.676164">
				<time>2025-10-26T13:12:08Z</time>
				<ele>-20000.000000</ele>
				<extensions>
					<ns3:TrackPointExtension>
						<ns3:hr>188</ns3:hr>
						<ns3:speed>2.958580</ns3:speed>
						<ns3:cad>82</ns3:cad>
					</ns3:TrackPointExtension>
				</extensions>
			</trkpt>
			<trkpt lat="-6.450684" lon="-35.676183">
				<time>2025-10-26T13:12:09Z</time>
				<ele>-20000.000000</ele>
				<extensions>
					<ns3:TrackPointExtension>
						<ns3:hr>188</ns3:hr>
						<ns3:speed>2.958580</ns3:speed>
						<ns3:cad>82</ns3:cad>
					</ns3:TrackPointExtension>
				</extensions>
			</trkpt>
			<trkpt lat="-6.450689" lon="-35.676206">
				<time>2025-10-26T13:12:10Z</time>
				<ele>-20000.000000</ele>
				<extensions>
					<ns3:TrackPointExtension>
						<ns3:hr>189</ns3:hr>
						<ns3:speed>2.949850</ns3:speed>
						<ns3:cad>82</ns3:cad>
					</ns3:TrackPointExtension>
				</extensions>
			</trkpt>
			<trkpt lat="-6.450689" lon="-35.676231">
				<time>2025-10-26T13:12:11Z</time>
				<ele>-20000.000000</ele>
				<extensions>
					<ns3:TrackPointExtension>
						<ns3:hr>190</ns3:hr>
						<ns3:speed>2.949850</ns3:speed>
						<ns3:cad>83</ns3:cad>
					</ns3:TrackPointExtension>
				</extensions>
			</trkpt>
			<trkpt lat="-6.450687" lon="-35.676259">
				<time>2025-10-26T13:12:12Z</time>
				<ele>-20000.000000</ele>
				<extensions>
					<ns3:TrackPointExtension>
						<ns3:hr>188</ns3:hr>
						<ns3:speed>2.941180</ns3:speed>
						<ns3:cad>83</ns3:cad>
					</ns3:TrackPointExtension>
				</extensions>
			</trkpt>
			<trkpt lat="-6.450683" lon="-35.676288">
				<time>2025-10-26T13:12:13Z</time>
				<ele>-20000.000000</ele>
				<extensions>
					<ns3:TrackPointExtension>
						<ns3:hr>186</ns3:hr>
						<ns3:speed>2.932550</ns3:speed>
						<ns3:cad>83</ns3:cad>
					</ns3:TrackPointExtension>
				</extensions>
			</trkpt>
			<trkpt lat="-6.450678" lon="-35.676316">
				<time>2025-10-26T13:12:14Z</time>
				<ele>-20000.000000</ele>
				<extensions>
					<ns3:TrackPointExtension>
						<ns3:hr>185</ns3:hr>
						<ns3:speed>2.932550</ns3:speed>
						<ns3:cad>83</ns3:cad>
					</ns3:TrackPointExtension>
				</extensions>
			</trkpt>
			<trkpt lat="-6.450675" lon="-35.676342">
				<time>2025-10-26T13:12:15Z</time>
				<ele>-20000.000000</ele>
				<extensions>
					<ns3:TrackPointExtension>
						<ns3:hr>185</ns3:hr>
						<ns3:speed>2.923980</ns3:speed>
						<ns3:cad>82</ns3:cad>
					</ns3:TrackPointExtension>
				</extensions>
			</trkpt>
			<trkpt lat="-6.450677" lon="-35.676365">
				<time>2025-10-26T13:12:16Z</time>
				<ele>-20000.000000</ele>
				<extensions>
					<ns3:TrackPointExtension>
						<ns3:hr>184</ns3:hr>
						<ns3:speed>2.923980</ns3:speed>
						<ns3:cad>82</ns3:cad>
					</ns3:TrackPointExtension>
				</extensions>
			</trkpt>
			<trkpt lat="-6.450682" lon="-35.676384">
				<time>2025-10-26T13:12:17Z</time>
				<ele>-20000.000000</ele>
				<extensions>
					<ns3:TrackPointExtension>
						<ns3:hr>184</ns3:hr>
						<ns3:speed>2.923980</ns3:speed>
						<ns3:cad>82</ns3:cad>
					</ns3:TrackPointExtension>
				</extensions>
			</trkpt>
			<trkpt lat="-6.450690" lon="-35.676395">
				<time>2025-10-26T13:12:18Z</time>
				<ele>-20000.000000</ele>
				<extensions>
					<ns3:TrackPointExtension>
						<ns3:hr>184</ns3:hr>
						<ns3:speed>2.923980</ns3:speed>
						<ns3:cad>82</ns3:cad>
					</ns3:TrackPointExtension>
				</extensions>
			</trkpt>
			<trkpt lat="-6.450696" lon="-35.676402">
				<time>2025-10-26T13:12:19Z</time>
				<ele>-20000.000000</ele>
				<extensions>
					<ns3:TrackPointExtension>
						<ns3:hr>185</ns3:hr>
						<ns3:speed>2.890170</ns3:speed>
						<ns3:cad>82</ns3:cad>
					</ns3:TrackPointExtension>
				</extensions>
			</trkpt>
			<trkpt lat="-6.450704" lon="-35.676408">
				<time>2025-10-26T13:12:20Z</time>
				<ele>-20000.000000</ele>
				<extensions>
					<ns3:TrackPointExtension>
						<ns3:hr>185</ns3:hr>
						<ns3:speed>2.666670</ns3:speed>
						<ns3:cad>82</ns3:cad>
					</ns3:TrackPointExtension>
				</extensions>
			</trkpt>
			<trkpt lat="-6.450713" lon="-35.676415">
				<time>2025-10-26T13:12:21Z</time>
				<ele>-20000.000000</ele>
				<extensions>
					<ns3:TrackPointExtension>
						<ns3:hr>183</ns3:hr>
						<ns3:speed>2.232140</ns3:speed>
						<ns3:cad>82</ns3:cad>
					</ns3:TrackPointExtension>
				</extensions>
			</trkpt>
			<trkpt lat="-6.450721" lon="-35.676421">
				<time>2025-10-26T13:12:22Z</time>
				<ele>-20000.000000</ele>
				<extensions>
					<ns3:TrackPointExtension>
						<ns3:hr>184</ns3:hr>
						<ns3:speed>1.742160</ns3:speed>
						<ns3:cad>82</ns3:cad>
					</ns3:TrackPointExtension>
				</extensions>
			</trkpt>
			<trkpt lat="-6.450731" lon="-35.676425">
				<time>2025-10-26T13:12:23Z</time>
				<ele>-20000.000000</ele>
				<extensions>
					<ns3:TrackPointExtension>
						<ns3:hr>185</ns3:hr>
						<ns3:speed>1.338690</ns3:speed>
						<ns3:cad>82</ns3:cad>
					</ns3:TrackPointExtension>
				</extensions>
			</trkpt>
			<trkpt lat="-6.450741" lon="-35.676431">
				<time>2025-10-26T13:12:24Z</time>
				<ele>-20000.000000</ele>
				<extensions>
					<ns3:TrackPointExtension>
						<ns3:hr>185</ns3:hr>
						<ns3:speed>1.126130</ns3:speed>
						<ns3:cad>77</ns3:cad>
					</ns3:TrackPointExtension>
				</extensions>
			</trkpt>
			<trkpt lat="-6.450752" lon="-35.676437">
				<time>2025-10-26T13:12:25Z</time>
				<ele>-20000.000000</ele>
				<extensions>
					<ns3:TrackPointExtension>
						<ns3:hr>186</ns3:hr>
						<ns3:speed>1.074110</ns3:speed>
						<ns3:cad>54</ns3:cad>
					</ns3:TrackPointExtension>
				</extensions>
			</trkpt>
			<trkpt lat="-6.450760" lon="-35.676443">
				<time>2025-10-26T13:12:26Z</time>
				<ele>-20000.000000</ele>
				<extensions>
					<ns3:TrackPointExtension>
						<ns3:hr>186</ns3:hr>
						<ns3:speed>1.086960</ns3:speed>
						<ns3:cad>54</ns3:cad>
					</ns3:TrackPointExtension>
				</extensions>
			</trkpt>
			<trkpt lat="-6.450771" lon="-35.676452">
				<time>2025-10-26T13:12:27Z</time>
				<ele>-20000.000000</ele>
				<extensions>
					<ns3:TrackPointExtension>
						<ns3:hr>185</ns3:hr>
						<ns3:speed>1.086960</ns3:speed>
						<ns3:cad>54</ns3:cad>
					</ns3:TrackPointExtension>
				</extensions>
			</trkpt>
			<trkpt lat="-6.450783" lon="-35.676462">
				<time>2025-10-26T13:12:28Z</time>
				<ele>-20000.000000</ele>
				<extensions>
					<ns3:TrackPointExtension>
						<ns3:hr>186</ns3:hr>
						<ns3:speed>1.118570</ns3:speed>
						<ns3:cad>54</ns3:cad>
					</ns3:TrackPointExtension>
				</extensions>
			</trkpt>
			<trkpt lat="-6.450798" lon="-35.676478">
				<time>2025-10-26T13:12:29Z</time>
				<ele>-20000.000000</ele>
				<extensions>
					<ns3:TrackPointExtension>
						<ns3:hr>186</ns3:hr>
						<ns3:speed>1.058200</ns3:speed>
						<ns3:cad>59</ns3:cad>
					</ns3:TrackPointExtension>
				</extensions>
			</trkpt>
			<trkpt lat="-6.450816" lon="-35.676489">
				<time>2025-10-26T13:12:30Z</time>
				<ele>-20000.000000</ele>
				<extensions>
					<ns3:TrackPointExtension>
						<ns3:hr>185</ns3:hr>
						<ns3:speed>1.295340</ns3:speed>
						<ns3:cad>60</ns3:cad>
					</ns3:TrackPointExtension>
				</extensions>
			</trkpt>
			<trkpt lat="-6.450832" lon="-35.676500">
				<time>2025-10-26T13:12:31Z</time>
				<ele>-20000.000000</ele>
				<extensions>
					<ns3:TrackPointExtension>
						<ns3:hr>186</ns3:hr>
						<ns3:speed>1.655630</ns3:speed>
						<ns3:cad>60</ns3:cad>
					</ns3:TrackPointExtension>
				</extensions>
			</trkpt>
			<trkpt lat="-6.450850" lon="-35.676512">
				<time>2025-10-26T13:12:32Z</time>
				<ele>-20000.000000</ele>
				<extensions>
					<ns3:TrackPointExtension>
						<ns3:hr>187</ns3:hr>
						<ns3:speed>1.941750</ns3:speed>
						<ns3:cad>59</ns3:cad>
					</ns3:TrackPointExtension>
				</extensions>
			</trkpt>
			<trkpt lat="-6.450866" lon="-35.676525">
				<time>2025-10-26T13:12:33Z</time>
				<ele>-20000.000000</ele>
				<extensions>
					<ns3:TrackPointExtension>
						<ns3:hr>187</ns3:hr>
						<ns3:speed>1.941750</ns3:speed>
						<ns3:cad>59</ns3:cad>
					</ns3:TrackPointExtension>
				</extensions>
			</trkpt>
			<trkpt lat="-6.450883" lon="-35.676540">
				<time>2025-10-26T13:12:34Z</time>
				<ele>-20000.000000</ele>
				<extensions>
					<ns3:TrackPointExtension>
						<ns3:hr>187</ns3:hr>
						<ns3:speed>2.114160</ns3:speed>
						<ns3:cad>59</ns3:cad>
					</ns3:TrackPointExtension>
				</extensions>
			</trkpt>
			<trkpt lat="-6.450900" lon="-35.676553">
				<time>2025-10-26T13:12:35Z</time>
				<ele>-20000.000000</ele>
				<extensions>
					<ns3:TrackPointExtension>
						<ns3:hr>186</ns3:hr>
						<ns3:speed>2.150540</ns3:speed>
						<ns3:cad>69</ns3:cad>
					</ns3:TrackPointExtension>
				</extensions>
			</trkpt>
			<trkpt lat="-6.450916" lon="-35.676569">
				<time>2025-10-26T13:12:36Z</time>
				<ele>-20000.000000</ele>
				<extensions>
					<ns3:TrackPointExtension>
						<ns3:hr>186</ns3:hr>
						<ns3:speed>2.173910</ns3:speed>
						<ns3:cad>71</ns3:cad>
					</ns3:TrackPointExtension>
				</extensions>
			</trkpt>
			<trkpt lat="-6.450932" lon="-35.676584">
				<time>2025-10-26T13:12:37Z</time>
				<ele>-20000.000000</ele>
				<extensions>
					<ns3:TrackPointExtension>
						<ns3:hr>185</ns3:hr>
						<ns3:speed>2.188180</ns3:speed>
						<ns3:cad>71</ns3:cad>
					</ns3:TrackPointExtension>
				</extensions>
			</trkpt>
			<trkpt lat="-6.450949" lon="-35.676597">
				<time>2025-10-26T13:12:38Z</time>
				<ele>-20000.000000</ele>
				<extensions>
					<ns3:TrackPointExtension>
						<ns3:hr>183</ns3:hr>
						<ns3:speed>2.222220</ns3:speed>
						<ns3:cad>76</ns3:cad>
					</ns3:TrackPointExtension>
				</extensions>
			</trkpt>
			<trkpt lat="-6.450963" lon="-35.676609">
				<time>2025-10-26T13:12:39Z</time>
				<ele>-20000.000000</ele>
				<extensions>
					<ns3:TrackPointExtension>
						<ns3:hr>184</ns3:hr>
						<ns3:speed>2.283110</ns3:speed>
						<ns3:cad>78</ns3:cad>
					</ns3:TrackPointExtension>
				</extensions>
			</trkpt>
			<trkpt lat="-6.450976" lon="-35.676623">
				<time>2025-10-26T13:12:40Z</time>
				<ele>-20000.000000</ele>
				<extensions>
					<ns3:TrackPointExtension>
						<ns3:hr>187</ns3:hr>
						<ns3:speed>2.314810</ns3:speed>
						<ns3:cad>78</ns3:cad>
					</ns3:TrackPointExtension>
				</extensions>
			</trkpt>
			<trkpt lat="-6.450985" lon="-35.676636">
				<time>2025-10-26T13:12:41Z</time>
				<ele>-20000.000000</ele>
				<extensions>
					<ns3:TrackPointExtension>
						<ns3:hr>188</ns3:hr>
						<ns3:speed>2.314810</ns3:speed>
						<ns3:cad>79</ns3:cad>
					</ns3:TrackPointExtension>
				</extensions>
			</trkpt>
			<trkpt lat="-6.450996" lon="-35.676650">
				<time>2025-10-26T13:12:42Z</time>
				<ele>-20000.000000</ele>
				<extensions>
					<ns3:TrackPointExtension>
						<ns3:hr>189</ns3:hr>
						<ns3:speed>2.232140</ns3:speed>
						<ns3:cad>79</ns3:cad>
					</ns3:TrackPointExtension>
				</extensions>
			</trkpt>
			<trkpt lat="-6.451009" lon="-35.676664">
				<time>2025-10-26T13:12:43Z</time>
				<ele>-20000.000000</ele>
				<extensions>
					<ns3:TrackPointExtension>
						<ns3:hr>187</ns3:hr>
						<ns3:speed>2.053390</ns3:speed>
						<ns3:cad>79</ns3:cad>
					</ns3:TrackPointExtension>
				</extensions>
			</trkpt>
			<trkpt lat="-6.451024" lon="-35.676677">
				<time>2025-10-26T13:12:44Z</time>
				<ele>-20000.000000</ele>
				<extensions>
					<ns3:TrackPointExtension>
						<ns3:hr>189</ns3:hr>
						<ns3:speed>1.912050</ns3:speed>
						<ns3:cad>80</ns3:cad>
					</ns3:TrackPointExtension>
				</extensions>
			</trkpt>
			<trkpt lat="-6.451041" lon="-35.676690">
				<time>2025-10-26T13:12:45Z</time>
				<ele>-20000.000000</ele>
				<extensions>
					<ns3:TrackPointExtension>
						<ns3:hr>188</ns3:hr>
						<ns3:speed>1.862200</ns3:speed>
						<ns3:cad>76</ns3:cad>
					</ns3:TrackPointExtension>
				</extensions>
			</trkpt>
			<trkpt lat="-6.451059" lon="-35.676702">
				<time>2025-10-26T13:12:46Z</time>
				<ele>-20000.000000</ele>
				<extensions>
					<ns3:TrackPointExtension>
						<ns3:hr>189</ns3:hr>
						<ns3:speed>1.862200</ns3:speed>
						<ns3:cad>76</ns3:cad>
					</ns3:TrackPointExtension>
				</extensions>
			</trkpt>
			<trkpt lat="-6.451076" lon="-35.676714">
				<time>2025-10-26T13:12:47Z</time>
				<ele>-20000.000000</ele>
				<extensions>
					<ns3:TrackPointExtension>
						<ns3:hr>189</ns3:hr>
						<ns3:speed>1.937980</ns3:speed>
						<ns3:cad>77</ns3:cad>
					</ns3:TrackPointExtension>
				</extensions>
			</trkpt>
			<trkpt lat="-6.451093" lon="-35.676724">
				<time>2025-10-26T13:12:48Z</time>
				<ele>-20000.000000</ele>
				<extensions>
					<ns3:TrackPointExtension>
						<ns3:hr>191</ns3:hr>
						<ns3:speed>2.070390</ns3:speed>
						<ns3:cad>78</ns3:cad>
					</ns3:TrackPointExtension>
				</extensions>
			</trkpt>
			<trkpt lat="-6.451106" lon="-35.676731">
				<time>2025-10-26T13:12:49Z</time>
				<ele>-20000.000000</ele>
				<extensions>
					<ns3:TrackPointExtension>
						<ns3:hr>191</ns3:hr>
						<ns3:speed>2.136750</ns3:speed>
						<ns3:cad>78</ns3:cad>
					</ns3:TrackPointExtension>
				</extensions>
			</trkpt>
			<trkpt lat="-6.451115" lon="-35.676735">
				<time>2025-10-26T13:12:50Z</time>
				<ele>-20000.000000</ele>
				<extensions>
					<ns3:TrackPointExtension>
						<ns3:hr>189</ns3:hr>
						<ns3:speed>2.141330</ns3:speed>
						<ns3:cad>77</ns3:cad>
					</ns3:TrackPointExtension>
				</extensions>
			</trkpt>
			<trkpt lat="-6.451117" lon="-35.676739">
				<time>2025-10-26T13:12:51Z</time>
				<ele>-20000.000000</ele>
				<extensions>
					<ns3:TrackPointExtension>
						<ns3:hr>187</ns3:hr>
						<ns3:speed>1.992030</ns3:speed>
						<ns3:cad>77</ns3:cad>
					</ns3:TrackPointExtension>
				</extensions>
			</trkpt>
			<trkpt lat="-6.451117" lon="-35.676744">
				<time>2025-10-26T13:12:52Z</time>
				<ele>-20000.000000</ele>
				<extensions>
					<ns3:TrackPointExtension>
						<ns3:hr>185</ns3:hr>
						<ns3:speed>1.992030</ns3:speed>
						<ns3:cad>77</ns3:cad>
					</ns3:TrackPointExtension>
				</extensions>
			</trkpt>
			<trkpt lat="-6.451116" lon="-35.676750">
				<time>2025-10-26T13:12:53Z</time>
				<ele>-20000.000000</ele>
				<extensions>
					<ns3:TrackPointExtension>
						<ns3:hr>183</ns3:hr>
						<ns3:speed>1.540830</ns3:speed>
						<ns3:cad>76</ns3:cad>
					</ns3:TrackPointExtension>
				</extensions>
			</trkpt>
			<trkpt lat="-6.451113" lon="-35.676758">
				<time>2025-10-26T13:12:54Z</time>
				<ele>-20000.000000</ele>
				<extensions>
					<ns3:TrackPointExtension>
						<ns3:hr>184</ns3:hr>
						<ns3:speed>1.136360</ns3:speed>
						<ns3:cad>76</ns3:cad>
					</ns3:TrackPointExtension>
				</extensions>
			</trkpt>
			<trkpt lat="-6.451107" lon="-35.676769">
				<time>2025-10-26T13:12:55Z</time>
				<ele>-20000.000000</ele>
				<extensions>
					<ns3:TrackPointExtension>
						<ns3:hr>185</ns3:hr>
						<ns3:speed>0.999000</ns3:speed>
						<ns3:cad>76</ns3:cad>
					</ns3:TrackPointExtension>
				</extensions>
			</trkpt>
			<trkpt lat="-6.451101" lon="-35.676784">
				<time>2025-10-26T13:12:56Z</time>
				<ele>-20000.000000</ele>
				<extensions>
					<ns3:TrackPointExtension>
						<ns3:hr>186</ns3:hr>
						<ns3:speed>0.965250</ns3:speed>
						<ns3:cad>77</ns3:cad>
					</ns3:TrackPointExtension>
				</extensions>
			</trkpt>
			<trkpt lat="-6.451094" lon="-35.676799">
				<time>2025-10-26T13:12:57Z</time>
				<ele>-20000.000000</ele>
				<extensions>
					<ns3:TrackPointExtension>
						<ns3:hr>187</ns3:hr>
						<ns3:speed>0.965250</ns3:speed>
						<ns3:cad>77</ns3:cad>
					</ns3:TrackPointExtension>
				</extensions>
			</trkpt>
			<trkpt lat="-6.451087" lon="-35.676812">
				<time>2025-10-26T13:12:58Z</time>
				<ele>-20000.000000</ele>
				<extensions>
					<ns3:TrackPointExtension>
						<ns3:hr>187</ns3:hr>
						<ns3:speed>1.069520</ns3:speed>
						<ns3:cad>78</ns3:cad>
					</ns3:TrackPointExtension>
				</extensions>
			</trkpt>
			<trkpt lat="-6.451082" lon="-35.676826">
				<time>2025-10-26T13:12:59Z</time>
				<ele>-20000.000000</ele>
				<extensions>
					<ns3:TrackPointExtension>
						<ns3:hr>187</ns3:hr>
						<ns3:speed>1.209190</ns3:speed>
						<ns3:cad>79</ns3:cad>
					</ns3:TrackPointExtension>
				</extensions>
			</trkpt>
			<trkpt lat="-6.451075" lon="-35.676843">
				<time>2025-10-26T13:13:00Z</time>
				<ele>-20000.000000</ele>
				<extensions>
					<ns3:TrackPointExtension>
						<ns3:hr>187</ns3:hr>
						<ns3:speed>1.315790</ns3:speed>
						<ns3:cad>80</ns3:cad>
					</ns3:TrackPointExtension>
				</extensions>
			</trkpt>
			<trkpt lat="-6.451068" lon="-35.676860">
				<time>2025-10-26T13:13:01Z</time>
				<ele>-20000.000000</ele>
				<extensions>
					<ns3:TrackPointExtension>
						<ns3:hr>188</ns3:hr>
						<ns3:speed>1.344090</ns3:speed>
						<ns3:cad>80</ns3:cad>
					</ns3:TrackPointExtension>
				</extensions>
			</trkpt>
			<trkpt lat="-6.451059" lon="-35.676879">
				<time>2025-10-26T13:13:02Z</time>
				<ele>-20000.000000</ele>
				<extensions>
					<ns3:TrackPointExtension>
						<ns3:hr>190</ns3:hr>
						<ns3:speed>1.481480</ns3:speed>
						<ns3:cad>80</ns3:cad>
					</ns3:TrackPointExtension>
				</extensions>
			</trkpt>
			<trkpt lat="-6.451048" lon="-35.676897">
				<time>2025-10-26T13:13:03Z</time>
				<ele>-20000.000000</ele>
				<extensions>
					<ns3:TrackPointExtension>
						<ns3:hr>190</ns3:hr>
						<ns3:speed>1.697790</ns3:speed>
						<ns3:cad>80</ns3:cad>
					</ns3:TrackPointExtension>
				</extensions>
			</trkpt>
			<trkpt lat="-6.451038" lon="-35.676912">
				<time>2025-10-26T13:13:04Z</time>
				<ele>-20000.000000</ele>
				<extensions>
					<ns3:TrackPointExtension>
						<ns3:hr>190</ns3:hr>
						<ns3:speed>1.597440</ns3:speed>
						<ns3:cad>80</ns3:cad>
					</ns3:TrackPointExtension>
				</extensions>
			</trkpt>
			<trkpt lat="-6.451028" lon="-35.676928">
				<time>2025-10-26T13:13:05Z</time>
				<ele>-20000.000000</ele>
				<extensions>
					<ns3:TrackPointExtension>
						<ns3:hr>192</ns3:hr>
						<ns3:speed>1.506020</ns3:speed>
						<ns3:cad>79</ns3:cad>
					</ns3:TrackPointExtension>
				</extensions>
			</trkpt>
			<trkpt lat="-6.451018" lon="-35.676944">
				<time>2025-10-26T13:13:06Z</time>
				<ele>-20000.000000</ele>
				<extensions>
					<ns3:TrackPointExtension>
						<ns3:hr>191</ns3:hr>
						<ns3:speed>1.519760</ns3:speed>
						<ns3:cad>79</ns3:cad>
					</ns3:TrackPointExtension>
				</extensions>
			</trkpt>
			<trkpt lat="-6.451006" lon="-35.676959">
				<time>2025-10-26T13:13:07Z</time>
				<ele>-20000.000000</ele>
				<extensions>
					<ns3:TrackPointExtension>
						<ns3:hr>190</ns3:hr>
						<ns3:speed>1.490310</ns3:speed>
						<ns3:cad>78</ns3:cad>
					</ns3:TrackPointExtension>
				</extensions>
			</trkpt>
			<trkpt lat="-6.450995" lon="-35.676975">
				<time>2025-10-26T13:13:08Z</time>
				<ele>-20000.000000</ele>
				<extensions>
					<ns3:TrackPointExtension>
						<ns3:hr>190</ns3:hr>
						<ns3:speed>1.499250</ns3:speed>
						<ns3:cad>78</ns3:cad>
					</ns3:TrackPointExtension>
				</extensions>
			</trkpt>
			<trkpt lat="-6.450986" lon="-35.676989">
				<time>2025-10-26T13:13:09Z</time>
				<ele>-20000.000000</ele>
				<extensions>
					<ns3:TrackPointExtension>
						<ns3:hr>188</ns3:hr>
						<ns3:speed>1.488100</ns3:speed>
						<ns3:cad>73</ns3:cad>
					</ns3:TrackPointExtension>
				</extensions>
			</trkpt>
			<trkpt lat="-6.450979" lon="-35.677001">
				<time>2025-10-26T13:13:10Z</time>
				<ele>-20000.000000</ele>
				<extensions>
					<ns3:TrackPointExtension>
						<ns3:hr>185</ns3:hr>
						<ns3:speed>1.457730</ns3:speed>
						<ns3:cad>71</ns3:cad>
					</ns3:TrackPointExtension>
				</extensions>
			</trkpt>
			<trkpt lat="-6.450972" lon="-35.677013">
				<time>2025-10-26T13:13:11Z</time>
				<ele>-20000.000000</ele>
				<extensions>
					<ns3:TrackPointExtension>
						<ns3:hr>186</ns3:hr>
						<ns3:speed>1.455600</ns3:speed>
						<ns3:cad>67</ns3:cad>
					</ns3:TrackPointExtension>
				</extensions>
			</trkpt>
			<trkpt lat="-6.450964" lon="-35.677027">
				<time>2025-10-26T13:13:12Z</time>
				<ele>-20000.000000</ele>
				<extensions>
					<ns3:TrackPointExtension>
						<ns3:hr>187</ns3:hr>
						<ns3:speed>1.466280</ns3:speed>
						<ns3:cad>72</ns3:cad>
					</ns3:TrackPointExtension>
				</extensions>
			</trkpt>
			<trkpt lat="-6.450958" lon="-35.677044">
				<time>2025-10-26T13:13:13Z</time>
				<ele>-20000.000000</ele>
				<extensions>
					<ns3:TrackPointExtension>
						<ns3:hr>187</ns3:hr>
						<ns3:speed>1.457730</ns3:speed>
						<ns3:cad>77</ns3:cad>
					</ns3:TrackPointExtension>
				</extensions>
			</trkpt>
			<trkpt lat="-6.450955" lon="-35.677058">
				<time>2025-10-26T13:13:14Z</time>
				<ele>-20000.000000</ele>
				<extensions>
					<ns3:TrackPointExtension>
						<ns3:hr>186</ns3:hr>
						<ns3:speed>1.426530</ns3:speed>
						<ns3:cad>79</ns3:cad>
					</ns3:TrackPointExtension>
				</extensions>
			</trkpt>
			<trkpt lat="-6.450954" lon="-35.677072">
				<time>2025-10-26T13:13:15Z</time>
				<ele>-20000.000000</ele>
				<extensions>
					<ns3:TrackPointExtension>
						<ns3:hr>189</ns3:hr>
						<ns3:speed>1.488100</ns3:speed>
						<ns3:cad>80</ns3:cad>
					</ns3:TrackPointExtension>
				</extensions>
			</trkpt>
			<trkpt lat="-6.450953" lon="-35.677088">
				<time>2025-10-26T13:13:16Z</time>
				<ele>-20000.000000</ele>
				<extensions>
					<ns3:TrackPointExtension>
						<ns3:hr>189</ns3:hr>
						<ns3:speed>1.550390</ns3:speed>
						<ns3:cad>80</ns3:cad>
					</ns3:TrackPointExtension>
				</extensions>
			</trkpt>
			<trkpt lat="-6.450955" lon="-35.677104">
				<time>2025-10-26T13:13:17Z</time>
				<ele>-20000.000000</ele>
				<extensions>
					<ns3:TrackPointExtension>
						<ns3:hr>189</ns3:hr>
						<ns3:speed>1.519760</ns3:speed>
						<ns3:cad>60</ns3:cad>
					</ns3:TrackPointExtension>
				</extensions>
			</trkpt>
			<trkpt lat="-6.450958" lon="-35.677116">
				<time>2025-10-26T13:13:18Z</time>
				<ele>-20000.000000</ele>
				<extensions>
					<ns3:TrackPointExtension>
						<ns3:hr>189</ns3:hr>
						<ns3:speed>1.508300</ns3:speed>
						<ns3:cad>55</ns3:cad>
					</ns3:TrackPointExtension>
				</extensions>
			</trkpt>
			<trkpt lat="-6.450962" lon="-35.677127">
				<time>2025-10-26T13:13:19Z</time>
				<ele>-20000.000000</ele>
				<extensions>
					<ns3:TrackPointExtension>
						<ns3:hr>189</ns3:hr>
						<ns3:speed>1.510570</ns3:speed>
						<ns3:cad>52</ns3:cad>
					</ns3:TrackPointExtension>
				</extensions>
			</trkpt>
			<trkpt lat="-6.450966" lon="-35.677136">
				<time>2025-10-26T13:13:20Z</time>
				<ele>-20000.000000</ele>
				<extensions>
					<ns3:TrackPointExtension>
						<ns3:hr>187</ns3:hr>
						<ns3:speed>1.499250</ns3:speed>
						<ns3:cad>52</ns3:cad>
					</ns3:TrackPointExtension>
				</extensions>
			</trkpt>
			<trkpt lat="-6.450970" lon="-35.677143">
				<time>2025-10-26T13:13:21Z</time>
				<ele>-20000.000000</ele>
				<extensions>
					<ns3:TrackPointExtension>
						<ns3:hr>186</ns3:hr>
						<ns3:speed>1.466280</ns3:speed>
						<ns3:cad>50</ns3:cad>
					</ns3:TrackPointExtension>
				</extensions>
			</trkpt>
			<trkpt lat="-6.450974" lon="-35.677150">
				<time>2025-10-26T13:13:22Z</time>
				<ele>-20000.000000</ele>
				<extensions>
					<ns3:TrackPointExtension>
						<ns3:hr>186</ns3:hr>
						<ns3:speed>1.386960</ns3:speed>
						<ns3:cad>49</ns3:cad>
					</ns3:TrackPointExtension>
				</extensions>
			</trkpt>
			<trkpt lat="-6.450978" lon="-35.677158">
				<time>2025-10-26T13:13:23Z</time>
				<ele>-20000.000000</ele>
				<extensions>
					<ns3:TrackPointExtension>
						<ns3:hr>187</ns3:hr>
						<ns3:speed>1.278770</ns3:speed>
						<ns3:cad>48</ns3:cad>
					</ns3:TrackPointExtension>
				</extensions>
			</trkpt>
			<trkpt lat="-6.450981" lon="-35.677167">
				<time>2025-10-26T13:13:24Z</time>
				<ele>-20000.000000</ele>
				<extensions>
					<ns3:TrackPointExtension>
						<ns3:hr>185</ns3:hr>
						<ns3:speed>1.142860</ns3:speed>
						<ns3:cad>48</ns3:cad>
					</ns3:TrackPointExtension>
				</extensions>
			</trkpt>
			<trkpt lat="-6.450984" lon="-35.677175">
				<time>2025-10-26T13:13:25Z</time>
				<ele>-20000.000000</ele>
				<extensions>
					<ns3:TrackPointExtension>
						<ns3:hr>184</ns3:hr>
						<ns3:speed>1.024590</ns3:speed>
						<ns3:cad>48</ns3:cad>
					</ns3:TrackPointExtension>
				</extensions>
			</trkpt>
			<trkpt lat="-6.450986" lon="-35.677180">
				<time>2025-10-26T13:13:26Z</time>
				<ele>-20000.000000</ele>
				<extensions>
					<ns3:TrackPointExtension>
						<ns3:hr>183</ns3:hr>
						<ns3:speed>0.928510</ns3:speed>
						<ns3:cad>48</ns3:cad>
					</ns3:TrackPointExtension>
				</extensions>
			</trkpt>
			<trkpt lat="-6.450988" lon="-35.677183">
				<time>2025-10-26T13:13:27Z</time>
				<ele>-20000.000000</ele>
				<extensions>
					<ns3:TrackPointExtension>
						<ns3:hr>184</ns3:hr>
						<ns3:speed>0.867300</ns3:speed>
						<ns3:cad>47</ns3:cad>
					</ns3:TrackPointExtension>
				</extensions>
			</trkpt>
			<trkpt lat="-6.450989" lon="-35.677184">
				<time>2025-10-26T13:13:28Z</time>
				<ele>-20000.000000</ele>
				<extensions>
					<ns3:TrackPointExtension>
						<ns3:hr>182</ns3:hr>
						<ns3:speed>0.867300</ns3:speed>
						<ns3:cad>47</ns3:cad>
					</ns3:TrackPointExtension>
				</extensions>
			</trkpt>
			<trkpt lat="-6.450989" lon="-35.677182">
				<time>2025-10-26T13:13:29Z</time>
				<ele>-20000.000000</ele>
				<extensions>
					<ns3:TrackPointExtension>
						<ns3:hr>181</ns3:hr>
						<ns3:speed>0.816990</ns3:speed>
						<ns3:cad>47</ns3:cad>
					</ns3:TrackPointExtension>
				</extensions>
			</trkpt>
			<trkpt lat="-6.450989" lon="-35.677179">
				<time>2025-10-26T13:13:30Z</time>
				<ele>-20000.000000</ele>
				<extensions>
					<ns3:TrackPointExtension>
						<ns3:hr>181</ns3:hr>
						<ns3:speed>0.707210</ns3:speed>
						<ns3:cad>48</ns3:cad>
					</ns3:TrackPointExtension>
				</extensions>
			</trkpt>
			<trkpt lat="-6.450989" lon="-35.677175">
				<time>2025-10-26T13:13:31Z</time>
				<ele>-20000.000000</ele>
				<extensions>
					<ns3:TrackPointExtension>
						<ns3:hr>181</ns3:hr>
						<ns3:speed>0.576700</ns3:speed>
						<ns3:cad>53</ns3:cad>
					</ns3:TrackPointExtension>
				</extensions>
			</trkpt>
			<trkpt lat="-6.450986" lon="-35.677169">
				<time>2025-10-26T13:13:32Z</time>
				<ele>-20000.000000</ele>
				<extensions>
					<ns3:TrackPointExtension>
						<ns3:hr>181</ns3:hr>
						<ns3:speed>0.481930</ns3:speed>
						<ns3:cad>57</ns3:cad>
					</ns3:TrackPointExtension>
				</extensions>
			</trkpt>
			<trkpt lat="-6.450983" lon="-35.677162">
				<time>2025-10-26T13:13:33Z</time>
				<ele>-20000.000000</ele>
				<extensions>
					<ns3:TrackPointExtension>
						<ns3:hr>182</ns3:hr>
						<ns3:speed>0.458090</ns3:speed>
						<ns3:cad>58</ns3:cad>
					</ns3:TrackPointExtension>
				</extensions>
			</trkpt>
			<trkpt lat="-6.450981" lon="-35.677154">
				<time>2025-10-26T13:13:34Z</time>
				<ele>-20000.000000</ele>
				<extensions>
					<ns3:TrackPointExtension>
						<ns3:hr>183</ns3:hr>
						<ns3:speed>0.458090</ns3:speed>
						<ns3:cad>58</ns3:cad>
					</ns3:TrackPointExtension>
				</extensions>
			</trkpt>
			<trkpt lat="-6.450978" lon="-35.677148">
				<time>2025-10-26T13:13:35Z</time>
				<ele>-20000.000000</ele>
				<extensions>
					<ns3:TrackPointExtension>
						<ns3:hr>183</ns3:hr>
						<ns3:speed>0.475960</ns3:speed>
						<ns3:cad>58</ns3:cad>
					</ns3:TrackPointExtension>
				</extensions>
			</trkpt>
			<trkpt lat="-6.450979" lon="-35.677138">
				<time>2025-10-26T13:13:36Z</time>
				<ele>-20000.000000</ele>
				<extensions>
					<ns3:TrackPointExtension>
						<ns3:hr>183</ns3:hr>
						<ns3:speed>0.554320</ns3:speed>
						<ns3:cad>58</ns3:cad>
					</ns3:TrackPointExtension>
				</extensions>
			</trkpt>
			<trkpt lat="-6.450982" lon="-35.677126">
				<time>2025-10-26T13:13:37Z</time>
				<ele>-20000.000000</ele>
				<extensions>
					<ns3:TrackPointExtension>
						<ns3:hr>183</ns3:hr>
						<ns3:speed>0.668450</ns3:speed>
						<ns3:cad>58</ns3:cad>
					</ns3:TrackPointExtension>
				</extensions>
			</trkpt>
			<trkpt lat="-6.450990" lon="-35.677111">
				<time>2025-10-26T13:13:38Z</time>
				<ele>-20000.000000</ele>
				<extensions>
					<ns3:TrackPointExtension>
						<ns3:hr>183</ns3:hr>
						<ns3:speed>0.742390</ns3:speed>
						<ns3:cad>59</ns3:cad>
					</ns3:TrackPointExtension>
				</extensions>
			</trkpt>
			<trkpt lat="-6.451000" lon="-35.677094">
				<time>2025-10-26T13:13:39Z</time>
				<ele>-20000.000000</ele>
				<extensions>
					<ns3:TrackPointExtension>
						<ns3:hr>183</ns3:hr>
						<ns3:speed>0.803210</ns3:speed>
						<ns3:cad>59</ns3:cad>
					</ns3:TrackPointExtension>
				</extensions>
			</trkpt>
			<trkpt lat="-6.451013" lon="-35.677072">
				<time>2025-10-26T13:13:40Z</time>
				<ele>-20000.000000</ele>
				<extensions>
					<ns3:TrackPointExtension>
						<ns3:hr>183</ns3:hr>
						<ns3:speed>0.917430</ns3:speed>
						<ns3:cad>60</ns3:cad>
					</ns3:TrackPointExtension>
				</extensions>
			</trkpt>
			<trkpt lat="-6.451025" lon="-35.677049">
				<time>2025-10-26T13:13:41Z</time>
				<ele>-20000.000000</ele>
				<extensions>
					<ns3:TrackPointExtension>
						<ns3:hr>181</ns3:hr>
						<ns3:speed>1.221000</ns3:speed>
						<ns3:cad>61</ns3:cad>
					</ns3:TrackPointExtension>
				</extensions>
			</trkpt>
			<trkpt lat="-6.451036" lon="-35.677027">
				<time>2025-10-26T13:13:42Z</time>
				<ele>-20000.000000</ele>
				<extensions>
					<ns3:TrackPointExtension>
						<ns3:hr>182</ns3:hr>
						<ns3:speed>1.672240</ns3:speed>
						<ns3:cad>62</ns3:cad>
					</ns3:TrackPointExtension>
				</extensions>
			</trkpt>
			<trkpt lat="-6.451047" lon="-35.677006">
				<time>2025-10-26T13:13:43Z</time>
				<ele>-20000.000000</ele>
				<extensions>
					<ns3:TrackPointExtension>
						<ns3:hr>183</ns3:hr>
						<ns3:speed>2.114160</ns3:speed>
						<ns3:cad>83</ns3:cad>
					</ns3:TrackPointExtension>
				</extensions>
			</trkpt>
			<trkpt lat="-6.451057" lon="-35.676984">
				<time>2025-10-26T13:13:44Z</time>
				<ele>-20000.000000</ele>
				<extensions>
					<ns3:TrackPointExtension>
						<ns3:hr>183</ns3:hr>
						<ns3:speed>2.409640</ns3:speed>
						<ns3:cad>82</ns3:cad>
					</ns3:TrackPointExtension>
				</extensions>
			</trkpt>
			<trkpt lat="-6.451067" lon="-35.676962">
				<time>2025-10-26T13:13:45Z</time>
				<ele>-20000.000000</ele>
				<extensions>
					<ns3:TrackPointExtension>
						<ns3:hr>183</ns3:hr>
						<ns3:speed>2.531650</ns3:speed>
						<ns3:cad>82</ns3:cad>
					</ns3:TrackPointExtension>
				</extensions>
			</trkpt>
			<trkpt lat="-6.451077" lon="-35.676939">
				<time>2025-10-26T13:13:46Z</time>
				<ele>-20000.000000</ele>
				<extensions>
					<ns3:TrackPointExtension>
						<ns3:hr>183</ns3:hr>
						<ns3:speed>2.590670</ns3:speed>
						<ns3:cad>81</ns3:cad>
					</ns3:TrackPointExtension>
				</extensions>
			</trkpt>
			<trkpt lat="-6.451087" lon="-35.676914">
				<time>2025-10-26T13:13:47Z</time>
				<ele>-20000.000000</ele>
				<extensions>
					<ns3:TrackPointExtension>
						<ns3:hr>183</ns3:hr>
						<ns3:speed>2.624670</ns3:speed>
						<ns3:cad>81</ns3:cad>
					</ns3:TrackPointExtension>
				</extensions>
			</trkpt>
			<trkpt lat="-6.451096" lon="-35.676889">
				<time>2025-10-26T13:13:48Z</time>
				<ele>-20000.000000</ele>
				<extensions>
					<ns3:TrackPointExtension>
						<ns3:hr>182</ns3:hr>
						<ns3:speed>2.666670</ns3:speed>
						<ns3:cad>81</ns3:cad>
					</ns3:TrackPointExtension>
				</extensions>
			</trkpt>
			<trkpt lat="-6.451104" lon="-35.676861">
				<time>2025-10-26T13:13:49Z</time>
				<ele>-20000.000000</ele>
				<extensions>
					<ns3:TrackPointExtension>
						<ns3:hr>182</ns3:hr>
						<ns3:speed>2.673800</ns3:speed>
						<ns3:cad>81</ns3:cad>
					</ns3:TrackPointExtension>
				</extensions>
			</trkpt>
			<trkpt lat="-6.451112" lon="-35.676834">
				<time>2025-10-26T13:13:50Z</time>
				<ele>-20000.000000</ele>
				<extensions>
					<ns3:TrackPointExtension>
						<ns3:hr>181</ns3:hr>
						<ns3:speed>2.695420</ns3:speed>
						<ns3:cad>81</ns3:cad>
					</ns3:TrackPointExtension>
				</extensions>
			</trkpt>
			<trkpt lat="-6.451119" lon="-35.676807">
				<time>2025-10-26T13:13:51Z</time>
				<ele>-20000.000000</ele>
				<extensions>
					<ns3:TrackPointExtension>
						<ns3:hr>181</ns3:hr>
						<ns3:speed>2.732240</ns3:speed>
						<ns3:cad>81</ns3:cad>
					</ns3:TrackPointExtension>
				</extensions>
			</trkpt>
			<trkpt lat="-6.451129" lon="-35.676780">
				<time>2025-10-26T13:13:52Z</time>
				<ele>-20000.000000</ele>
				<extensions>
					<ns3:TrackPointExtension>
						<ns3:hr>182</ns3:hr>
						<ns3:speed>2.785520</ns3:speed>
						<ns3:cad>80</ns3:cad>
					</ns3:TrackPointExtension>
				</extensions>
			</trkpt>
			<trkpt lat="-6.451138" lon="-35.676758">
				<time>2025-10-26T13:13:53Z</time>
				<ele>-20000.000000</ele>
				<extensions>
					<ns3:TrackPointExtension>
						<ns3:hr>183</ns3:hr>
						<ns3:speed>2.840910</ns3:speed>
						<ns3:cad>80</ns3:cad>
					</ns3:TrackPointExtension>
				</extensions>
			</trkpt>
			<trkpt lat="-6.451145" lon="-35.676743">
				<time>2025-10-26T13:13:54Z</time>
				<ele>-20000.000000</ele>
				<extensions>
					<ns3:TrackPointExtension>
						<ns3:hr>183</ns3:hr>
						<ns3:speed>2.857140</ns3:speed>
						<ns3:cad>80</ns3:cad>
					</ns3:TrackPointExtension>
				</extensions>
			</trkpt>
			<trkpt lat="-6.451148" lon="-35.676739">
				<time>2025-10-26T13:13:55Z</time>
				<ele>-20000.000000</ele>
				<extensions>
					<ns3:TrackPointExtension>
						<ns3:hr>183</ns3:hr>
						<ns3:speed>2.857140</ns3:speed>
						<ns3:cad>79</ns3:cad>
					</ns3:TrackPointExtension>
				</extensions>
			</trkpt>
			<trkpt lat="-6.451152" lon="-35.676737">
				<time>2025-10-26T13:13:56Z</time>
				<ele>-20000.000000</ele>
				<extensions>
					<ns3:TrackPointExtension>
						<ns3:hr>183</ns3:hr>
						<ns3:speed>0.000000</ns3:speed>
						<ns3:cad>0</ns3:cad>
					</ns3:TrackPointExtension>
				</extensions>
			</trkpt>
			<trkpt lat="-6.451156" lon="-35.676735">
				<time>2025-10-26T13:13:57Z</time>
				<ele>-20000.000000</ele>
				<extensions>
					<ns3:TrackPointExtension>
						<ns3:hr>183</ns3:hr>
						<ns3:speed>0.000000</ns3:speed>
						<ns3:cad>78</ns3:cad>
					</ns3:TrackPointExtension>
				</extensions>
			</trkpt>
			<trkpt lat="-6.451159" lon="-35.676736">
				<time>2025-10-26T13:13:58Z</time>
				<ele>-20000.000000</ele>
				<extensions>
					<ns3:TrackPointExtension>
						<ns3:hr>182</ns3:hr>
						<ns3:speed>0.394940</ns3:speed>
						<ns3:cad>78</ns3:cad>
					</ns3:TrackPointExtension>
				</extensions>
			</trkpt>
			<trkpt lat="-6.451163" lon="-35.676738">
				<time>2025-10-26T13:13:59Z</time>
				<ele>-20000.000000</ele>
				<extensions>
					<ns3:TrackPointExtension>
						<ns3:hr>182</ns3:hr>
						<ns3:speed>0.484500</ns3:speed>
						<ns3:cad>78</ns3:cad>
					</ns3:TrackPointExtension>
				</extensions>
			</trkpt>
			<trkpt lat="-6.451167" lon="-35.676743">
				<time>2025-10-26T13:14:00Z</time>
				<ele>-20000.000000</ele>
				<extensions>
					<ns3:TrackPointExtension>
						<ns3:hr>182</ns3:hr>
						<ns3:speed>0.651470</ns3:speed>
						<ns3:cad>78</ns3:cad>
					</ns3:TrackPointExtension>
				</extensions>
			</trkpt>
			<trkpt lat="-6.451171" lon="-35.676748">
				<time>2025-10-26T13:14:01Z</time>
				<ele>-20000.000000</ele>
				<extensions>
					<ns3:TrackPointExtension>
						<ns3:hr>183</ns3:hr>
						<ns3:speed>0.775800</ns3:speed>
						<ns3:cad>78</ns3:cad>
					</ns3:TrackPointExtension>
				</extensions>
			</trkpt>
			<trkpt lat="-6.451178" lon="-35.676753">
				<time>2025-10-26T13:14:02Z</time>
				<ele>-20000.000000</ele>
				<extensions>
					<ns3:TrackPointExtension>
						<ns3:hr>183</ns3:hr>
						<ns3:speed>0.782470</ns3:speed>
						<ns3:cad>77</ns3:cad>
					</ns3:TrackPointExtension>
				</extensions>
			</trkpt>
			<trkpt lat="-6.451184" lon="-35.676759">
				<time>2025-10-26T13:14:03Z</time>
				<ele>-20000.000000</ele>
				<extensions>
					<ns3:TrackPointExtension>
						<ns3:hr>183</ns3:hr>
						<ns3:speed>0.742940</ns3:speed>
						<ns3:cad>77</ns3:cad>
					</ns3:TrackPointExtension>
				</extensions>
			</trkpt>
			<trkpt lat="-6.451191" lon="-35.676765">
				<time>2025-10-26T13:14:04Z</time>
				<ele>-20000.000000</ele>
				<extensions>
					<ns3:TrackPointExtension>
						<ns3:hr>183</ns3:hr>
						<ns3:speed>0.708220</ns3:speed>
						<ns3:cad>76</ns3:cad>
					</ns3:TrackPointExtension>
				</extensions>
			</trkpt>
			<trkpt lat="-6.451199" lon="-35.676773">
				<time>2025-10-26T13:14:05Z</time>
				<ele>-20000.000000</ele>
				<extensions>
					<ns3:TrackPointExtension>
						<ns3:hr>183</ns3:hr>
						<ns3:speed>0.723590</ns3:speed>
						<ns3:cad>75</ns3:cad>
					</ns3:TrackPointExtension>
				</extensions>
			</trkpt>
			<trkpt lat="-6.451208" lon="-35.676783">
				<time>2025-10-26T13:14:06Z</time>
				<ele>-20000.000000</ele>
				<extensions>
					<ns3:TrackPointExtension>
						<ns3:hr>183</ns3:hr>
						<ns3:speed>0.759880</ns3:speed>
						<ns3:cad>75</ns3:cad>
					</ns3:TrackPointExtension>
				</extensions>
			</trkpt>
			<trkpt lat="-6.451217" lon="-35.676793">
				<time>2025-10-26T13:14:07Z</time>
				<ele>-20000.000000</ele>
				<extensions>
					<ns3:TrackPointExtension>
						<ns3:hr>182</ns3:hr>
						<ns3:speed>0.731530</ns3:speed>
						<ns3:cad>75</ns3:cad>
					</ns3:TrackPointExtension>
				</extensions>
			</trkpt>
			<trkpt lat="-6.451225" lon="-35.676803">
				<time>2025-10-26T13:14:08Z</time>
				<ele>-20000.000000</ele>
				<extensions>
					<ns3:TrackPointExtension>
						<ns3:hr>180</ns3:hr>
						<ns3:speed>0.722020</ns3:speed>
						<ns3:cad>75</ns3:cad>
					</ns3:TrackPointExtension>
				</extensions>
			</trkpt>
			<trkpt lat="-6.451233" lon="-35.676814">
				<time>2025-10-26T13:14:09Z</time>
				<ele>-20000.000000</ele>
				<extensions>
					<ns3:TrackPointExtension>
						<ns3:hr>179</ns3:hr>
						<ns3:speed>0.827130</ns3:speed>
						<ns3:cad>60</ns3:cad>
					</ns3:TrackPointExtension>
				</extensions>
			</trkpt>
			<trkpt lat="-6.451241" lon="-35.676824">
				<time>2025-10-26T13:14:10Z</time>
				<ele>-20000.000000</ele>
				<extensions>
					<ns3:TrackPointExtension>
						<ns3:hr>181</ns3:hr>
						<ns3:speed>0.954200</ns3:speed>
						<ns3:cad>69</ns3:cad>
					</ns3:TrackPointExtension>
				</extensions>
			</trkpt>
			<trkpt lat="-6.451250" lon="-35.676832">
				<time>2025-10-26T13:14:11Z</time>
				<ele>-20000.000000</ele>
				<extensions>
					<ns3:TrackPointExtension>
						<ns3:hr>181</ns3:hr>
						<ns3:speed>1.030930</ns3:speed>
						<ns3:cad>73</ns3:cad>
					</ns3:TrackPointExtension>
				</extensions>
			</trkpt>
			<trkpt lat="-6.451259" lon="-35.676839">
				<time>2025-10-26T13:14:12Z</time>
				<ele>-20000.000000</ele>
				<extensions>
					<ns3:TrackPointExtension>
						<ns3:hr>182</ns3:hr>
						<ns3:speed>1.047120</ns3:speed>
						<ns3:cad>73</ns3:cad>
					</ns3:TrackPointExtension>
				</extensions>
			</trkpt>
			<trkpt lat="-6.451269" lon="-35.676846">
				<time>2025-10-26T13:14:13Z</time>
				<ele>-20000.000000</ele>
				<extensions>
					<ns3:TrackPointExtension>
						<ns3:hr>182</ns3:hr>
						<ns3:speed>1.047120</ns3:speed>
						<ns3:cad>73</ns3:cad>
					</ns3:TrackPointExtension>
				</extensions>
			</trkpt>
			<trkpt lat="-6.451281" lon="-35.676850">
				<time>2025-10-26T13:14:14Z</time>
				<ele>-20000.000000</ele>
				<extensions>
					<ns3:TrackPointExtension>
						<ns3:hr>183</ns3:hr>
						<ns3:speed>1.168220</ns3:speed>
						<ns3:cad>73</ns3:cad>
					</ns3:TrackPointExtension>
				</extensions>
			</trkpt>
			<trkpt lat="-6.451296" lon="-35.676847">
				<time>2025-10-26T13:14:15Z</time>
				<ele>-20000.000000</ele>
				<extensions>
					<ns3:TrackPointExtension>
						<ns3:hr>183</ns3:hr>
						<ns3:speed>1.300390</ns3:speed>
						<ns3:cad>73</ns3:cad>
					</ns3:TrackPointExtension>
				</extensions>
			</trkpt>
			<trkpt lat="-6.451312" lon="-35.676839">
				<time>2025-10-26T13:14:16Z</time>
				<ele>-20000.000000</ele>
				<extensions>
					<ns3:TrackPointExtension>
						<ns3:hr>182</ns3:hr>
						<ns3:speed>1.310620</ns3:speed>
						<ns3:cad>73</ns3:cad>
					</ns3:TrackPointExtension>
				</extensions>
			</trkpt>
			<trkpt lat="-6.451329" lon="-35.676824">
				<time>2025-10-26T13:14:17Z</time>
				<ele>-20000.000000</ele>
				<extensions>
					<ns3:TrackPointExtension>
						<ns3:hr>181</ns3:hr>
						<ns3:speed>1.317520</ns3:speed>
						<ns3:cad>73</ns3:cad>
					</ns3:TrackPointExtension>
				</extensions>
			</trkpt>
			<trkpt lat="-6.451347" lon="-35.676804">
				<time>2025-10-26T13:14:18Z</time>
				<ele>-20000.000000</ele>
				<extensions>
					<ns3:TrackPointExtension>
						<ns3:hr>182</ns3:hr>
						<ns3:speed>1.349530</ns3:speed>
						<ns3:cad>74</ns3:cad>
					</ns3:TrackPointExtension>
				</extensions>
			</trkpt>
			<trkpt lat="-6.451364" lon="-35.676780">
				<time>2025-10-26T13:14:19Z</time>
				<ele>-20000.000000</ele>
				<extensions>
					<ns3:TrackPointExtension>
						<ns3:hr>182</ns3:hr>
						<ns3:speed>1.432660</ns3:speed>
						<ns3:cad>76</ns3:cad>
					</ns3:TrackPointExtension>
				</extensions>
			</trkpt>
			<trkpt lat="-6.451381" lon="-35.676752">
				<time>2025-10-26T13:14:20Z</time>
				<ele>-20000.000000</ele>
				<extensions>
					<ns3:TrackPointExtension>
						<ns3:hr>183</ns3:hr>
						<ns3:speed>1.434720</ns3:speed>
						<ns3:cad>78</ns3:cad>
					</ns3:TrackPointExtension>
				</extensions>
			</trkpt>
			<trkpt lat="-6.451397" lon="-35.676723">
				<time>2025-10-26T13:14:21Z</time>
				<ele>-20000.000000</ele>
				<extensions>
					<ns3:TrackPointExtension>
						<ns3:hr>183</ns3:hr>
						<ns3:speed>1.430620</ns3:speed>
						<ns3:cad>79</ns3:cad>
					</ns3:TrackPointExtension>
				</extensions>
			</trkpt>
			<trkpt lat="-6.451412" lon="-35.676698">
				<time>2025-10-26T13:14:22Z</time>
				<ele>-20000.000000</ele>
				<extensions>
					<ns3:TrackPointExtension>
						<ns3:hr>183</ns3:hr>
						<ns3:speed>1.555210</ns3:speed>
						<ns3:cad>79</ns3:cad>
					</ns3:TrackPointExtension>
				</extensions>
			</trkpt>
			<trkpt lat="-6.451428" lon="-35.676671">
				<time>2025-10-26T13:14:23Z</time>
				<ele>-20000.000000</ele>
				<extensions>
					<ns3:TrackPointExtension>
						<ns3:hr>185</ns3:hr>
						<ns3:speed>1.715270</ns3:speed>
						<ns3:cad>79</ns3:cad>
					</ns3:TrackPointExtension>
				</extensions>
			</trkpt>
			<trkpt lat="-6.451441" lon="-35.676646">
				<time>2025-10-26T13:14:24Z</time>
				<ele>-20000.000000</ele>
				<extensions>
					<ns3:TrackPointExtension>
						<ns3:hr>184</ns3:hr>
						<ns3:speed>1.782530</ns3:speed>
						<ns3:cad>79</ns3:cad>
					</ns3:TrackPointExtension>
				</extensions>
			</trkpt>
			<trkpt lat="-6.451455" lon="-35.676621">
				<time>2025-10-26T13:14:25Z</time>
				<ele>-20000.000000</ele>
				<extensions>
					<ns3:TrackPointExtension>
						<ns3:hr>183</ns3:hr>
						<ns3:speed>1.760560</ns3:speed>
						<ns3:cad>79</ns3:cad>
					</ns3:TrackPointExtension>
				</extensions>
			</trkpt>
			<trkpt lat="-6.451468" lon="-35.676597">
				<time>2025-10-26T13:14:26Z</time>
				<ele>-20000.000000</ele>
				<extensions>
					<ns3:TrackPointExtension>
						<ns3:hr>183</ns3:hr>
						<ns3:speed>1.760560</ns3:speed>
						<ns3:cad>79</ns3:cad>
					</ns3:TrackPointExtension>
				</extensions>
			</trkpt>
			<trkpt lat="-6.451480" lon="-35.676572">
				<time>2025-10-26T13:14:27Z</time>
				<ele>-20000.000000</ele>
				<extensions>
					<ns3:TrackPointExtension>
						<ns3:hr>183</ns3:hr>
						<ns3:speed>1.919390</ns3:speed>
						<ns3:cad>79</ns3:cad>
					</ns3:TrackPointExtension>
				</extensions>
			</trkpt>
			<trkpt lat="-6.451495" lon="-35.676549">
				<time>2025-10-26T13:14:29Z</time>
				<ele>-20000.000000</ele>
				<extensions>
					<ns3:TrackPointExtension>
						<ns3:hr>184</ns3:hr>
						<ns3:speed>2.141330</ns3:speed>
						<ns3:cad>77</ns3:cad>
					</ns3:TrackPointExtension>
				</extensions>
			</trkpt>
			<trkpt lat="-6.451509" lon="-35.676527">
				<time>2025-10-26T13:14:30Z</time>
				<ele>-20000.000000</ele>
				<extensions>
					<ns3:TrackPointExtension>
						<ns3:hr>185</ns3:hr>
						<ns3:speed>2.577320</ns3:speed>
						<ns3:cad>76</ns3:cad>
					</ns3:TrackPointExtension>
				</extensions>
			</trkpt>
			<trkpt lat="-6.451524" lon="-35.676505">
				<time>2025-10-26T13:14:31Z</time>
				<ele>-20000.000000</ele>
				<extensions>
					<ns3:TrackPointExtension>
						<ns3:hr>185</ns3:hr>
						<ns3:speed>2.932550</ns3:speed>
						<ns3:cad>77</ns3:cad>
					</ns3:TrackPointExtension>
				</extensions>
			</trkpt>
			<trkpt lat="-6.451544" lon="-35.676483">
				<time>2025-10-26T13:14:32Z</time>
				<ele>-20000.000000</ele>
				<extensions>
					<ns3:TrackPointExtension>
						<ns3:hr>184</ns3:hr>
						<ns3:speed>2.985070</ns3:speed>
						<ns3:cad>78</ns3:cad>
					</ns3:TrackPointExtension>
				</extensions>
			</trkpt>
			<trkpt lat="-6.451562" lon="-35.676459">
				<time>2025-10-26T13:14:33Z</time>
				<ele>-20000.000000</ele>
				<extensions>
					<ns3:TrackPointExtension>
						<ns3:hr>184</ns3:hr>
						<ns3:speed>2.985070</ns3:speed>
						<ns3:cad>78</ns3:cad>
					</ns3:TrackPointExtension>
				</extensions>
			</trkpt>
			<trkpt lat="-6.451581" lon="-35.676432">
				<time>2025-10-26T13:14:34Z</time>
				<ele>-20000.000000</ele>
				<extensions>
					<ns3:TrackPointExtension>
						<ns3:hr>185</ns3:hr>
						<ns3:speed>2.985070</ns3:speed>
						<ns3:cad>83</ns3:cad>
					</ns3:TrackPointExtension>
				</extensions>
			</trkpt>
			<trkpt lat="-6.451594" lon="-35.676404">
				<time>2025-10-26T13:14:35Z</time>
				<ele>-20000.000000</ele>
				<extensions>
					<ns3:TrackPointExtension>
						<ns3:hr>185</ns3:hr>
						<ns3:speed>3.021150</ns3:speed>
						<ns3:cad>82</ns3:cad>
					</ns3:TrackPointExtension>
				</extensions>
			</trkpt>
			<trkpt lat="-6.451601" lon="-35.676378">
				<time>2025-10-26T13:14:36Z</time>
				<ele>-20000.000000</ele>
				<extensions>
					<ns3:TrackPointExtension>
						<ns3:hr>185</ns3:hr>
						<ns3:speed>3.003000</ns3:speed>
						<ns3:cad>82</ns3:cad>
					</ns3:TrackPointExtension>
				</extensions>
			</trkpt>
			<trkpt lat="-6.451606" lon="-35.676356">
				<time>2025-10-26T13:14:36Z</time>
				<ele>-20000.000000</ele>
				<extensions>
					<ns3:TrackPointExtension>
						<ns3:hr>185</ns3:hr>
						<ns3:speed>3.003000</ns3:speed>
						<ns3:cad>82</ns3:cad>
					</ns3:TrackPointExtension>
				</extensions>
			</trkpt>
			<trkpt lat="-6.451610" lon="-35.676340">
				<time>2025-10-26T13:14:38Z</time>
				<ele>-20000.000000</ele>
				<extensions>
					<ns3:TrackPointExtension>
						<ns3:hr>187</ns3:hr>
						<ns3:speed>3.003000</ns3:speed>
						<ns3:cad>81</ns3:cad>
					</ns3:TrackPointExtension>
				</extensions>
			</trkpt>
			<trkpt lat="-6.451609" lon="-35.676334">
				<time>2025-10-26T13:14:39Z</time>
				<ele>-20000.000000</ele>
				<extensions>
					<ns3:TrackPointExtension>
						<ns3:hr>186</ns3:hr>
						<ns3:speed>0.000000</ns3:speed>
						<ns3:cad>80</ns3:cad>
					</ns3:TrackPointExtension>
				</extensions>
			</trkpt>
			<trkpt lat="-6.451610" lon="-35.676329">
				<time>2025-10-26T13:14:39Z</time>
				<ele>-20000.000000</ele>
				<extensions>
					<ns3:TrackPointExtension>
						<ns3:hr>186</ns3:hr>
						<ns3:speed>0.000000</ns3:speed>
						<ns3:cad>80</ns3:cad>
					</ns3:TrackPointExtension>
				</extensions>
			</trkpt>
			<trkpt lat="-6.451610" lon="-35.676324">
				<time>2025-10-26T13:14:40Z</time>
				<ele>-20000.000000</ele>
				<extensions>
					<ns3:TrackPointExtension>
						<ns3:hr>185</ns3:hr>
						<ns3:speed>0.000000</ns3:speed>
						<ns3:cad>80</ns3:cad>
					</ns3:TrackPointExtension>
				</extensions>
			</trkpt>
			<trkpt lat="-6.451610" lon="-35.676321">
				<time>2025-10-26T13:14:42Z</time>
				<ele>-20000.000000</ele>
				<extensions>
					<ns3:TrackPointExtension>
						<ns3:hr>184</ns3:hr>
						<ns3:speed>0.000000</ns3:speed>
						<ns3:cad>0</ns3:cad>
					</ns3:TrackPointExtension>
				</extensions>
			</trkpt>
			<trkpt lat="-6.451612" lon="-35.676317">
				<time>2025-10-26T13:14:42Z</time>
				<ele>-20000.000000</ele>
				<extensions>
					<ns3:TrackPointExtension>
						<ns3:hr>184</ns3:hr>
						<ns3:speed>0.000000</ns3:speed>
						<ns3:cad>0</ns3:cad>
					</ns3:TrackPointExtension>
				</extensions>
			</trkpt>
			<trkpt lat="-6.451610" lon="-35.676315">
				<time>2025-10-26T13:14:43Z</time>
				<ele>-20000.000000</ele>
				<extensions>
					<ns3:TrackPointExtension>
						<ns3:hr>184</ns3:hr>
						<ns3:speed>0.000000</ns3:speed>
						<ns3:cad>0</ns3:cad>
					</ns3:TrackPointExtension>
				</extensions>
			</trkpt>
			<trkpt lat="-6.451606" lon="-35.676314">
				<time>2025-10-26T13:14:44Z</time>
				<ele>-20000.000000</ele>
				<extensions>
					<ns3:TrackPointExtension>
						<ns3:hr>186</ns3:hr>
						<ns3:speed>0.000000</ns3:speed>
						<ns3:cad>0</ns3:cad>
					</ns3:TrackPointExtension>
				</extensions>
			</trkpt>
			<trkpt lat="-6.451602" lon="-35.676313">
				<time>2025-10-26T13:14:45Z</time>
				<ele>-20000.000000</ele>
				<extensions>
					<ns3:TrackPointExtension>
						<ns3:hr>186</ns3:hr>
						<ns3:speed>0.477330</ns3:speed>
						<ns3:cad>57</ns3:cad>
					</ns3:TrackPointExtension>
				</extensions>
			</trkpt>
			<trkpt lat="-6.451598" lon="-35.676315">
				<time>2025-10-26T13:14:46Z</time>
				<ele>-20000.000000</ele>
				<extensions>
					<ns3:TrackPointExtension>
						<ns3:hr>186</ns3:hr>
						<ns3:speed>0.304040</ns3:speed>
						<ns3:cad>53</ns3:cad>
					</ns3:TrackPointExtension>
				</extensions>
			</trkpt>
			<trkpt lat="-6.451593" lon="-35.676319">
				<time>2025-10-26T13:14:48Z</time>
				<ele>-20000.000000</ele>
				<extensions>
					<ns3:TrackPointExtension>
						<ns3:hr>187</ns3:hr>
						<ns3:speed>0.304040</ns3:speed>
						<ns3:cad>55</ns3:cad>
					</ns3:TrackPointExtension>
				</extensions>
			</trkpt>
			<trkpt lat="-6.451588" lon="-35.676327">
				<time>2025-10-26T13:14:49Z</time>
				<ele>-20000.000000</ele>
				<extensions>
					<ns3:TrackPointExtension>
						<ns3:hr>187</ns3:hr>
						<ns3:speed>0.436870</ns3:speed>
						<ns3:cad>69</ns3:cad>
					</ns3:TrackPointExtension>
				</extensions>
			</trkpt>
			<trkpt lat="-6.451581" lon="-35.676337">
				<time>2025-10-26T13:14:50Z</time>
				<ele>-20000.000000</ele>
				<extensions>
					<ns3:TrackPointExtension>
						<ns3:hr>186</ns3:hr>
						<ns3:speed>0.436870</ns3:speed>
						<ns3:cad>69</ns3:cad>
					</ns3:TrackPointExtension>
				</extensions>
			</trkpt>
			<trkpt lat="-6.451575" lon="-35.676347">
				<time>2025-10-26T13:14:51Z</time>
				<ele>-20000.000000</ele>
				<extensions>
					<ns3:TrackPointExtension>
						<ns3:hr>188</ns3:hr>
						<ns3:speed>0.396200</ns3:speed>
						<ns3:cad>72</ns3:cad>
					</ns3:TrackPointExtension>
				</extensions>
			</trkpt>
			<trkpt lat="-6.451569" lon="-35.676356">
				<time>2025-10-26T13:14:52Z</time>
				<ele>-20000.000000</ele>
				<extensions>
					<ns3:TrackPointExtension>
						<ns3:hr>187</ns3:hr>
						<ns3:speed>0.396200</ns3:speed>
						<ns3:cad>72</ns3:cad>
					</ns3:TrackPointExtension>
				</extensions>
			</trkpt>
			<trkpt lat="-6.451561" lon="-35.676370">
				<time>2025-10-26T13:14:53Z</time>
				<ele>-20000.000000</ele>
				<extensions>
					<ns3:TrackPointExtension>
						<ns3:hr>186</ns3:hr>
						<ns3:speed>0.595240</ns3:speed>
						<ns3:cad>81</ns3:cad>
					</ns3:TrackPointExtension>
				</extensions>
			</trkpt>
			<trkpt lat="-6.451551" lon="-35.676383">
				<time>2025-10-26T13:14:54Z</time>
				<ele>-20000.000000</ele>
				<extensions>
					<ns3:TrackPointExtension>
						<ns3:hr>185</ns3:hr>
						<ns3:speed>0.671590</ns3:speed>
						<ns3:cad>81</ns3:cad>
					</ns3:TrackPointExtension>
				</extensions>
			</trkpt>
			<trkpt lat="-6.451544" lon="-35.676394">
				<time>2025-10-26T13:14:55Z</time>
				<ele>-20000.000000</ele>
				<extensions>
					<ns3:TrackPointExtension>
						<ns3:hr>185</ns3:hr>
						<ns3:speed>0.671590</ns3:speed>
						<ns3:cad>81</ns3:cad>
					</ns3:TrackPointExtension>
				</extensions>
			</trkpt>
			<trkpt lat="-6.451538" lon="-35.676407">
				<time>2025-10-26T13:14:56Z</time>
				<ele>-20000.000000</ele>
				<extensions>
					<ns3:TrackPointExtension>
						<ns3:hr>185</ns3:hr>
						<ns3:speed>0.822370</ns3:speed>
						<ns3:cad>80</ns3:cad>
					</ns3:TrackPointExtension>
				</extensions>
			</trkpt>
			<trkpt lat="-6.451536" lon="-35.676421">
				<time>2025-10-26T13:14:57Z</time>
				<ele>-20000.000000</ele>
				<extensions>
					<ns3:TrackPointExtension>
						<ns3:hr>185</ns3:hr>
						<ns3:speed>0.822370</ns3:speed>
						<ns3:cad>80</ns3:cad>
					</ns3:TrackPointExtension>
				</extensions>
			</trkpt>
			<trkpt lat="-6.451535" lon="-35.676435">
				<time>2025-10-26T13:14:58Z</time>
				<ele>-20000.000000</ele>
				<extensions>
					<ns3:TrackPointExtension>
						<ns3:hr>185</ns3:hr>
						<ns3:speed>0.959690</ns3:speed>
						<ns3:cad>80</ns3:cad>
					</ns3:TrackPointExtension>
				</extensions>
			</trkpt>
			<trkpt lat="-6.451535" lon="-35.676449">
				<time>2025-10-26T13:14:59Z</time>
				<ele>-20000.000000</ele>
				<extensions>
					<ns3:TrackPointExtension>
						<ns3:hr>185</ns3:hr>
						<ns3:speed>0.958770</ns3:speed>
						<ns3:cad>80</ns3:cad>
					</ns3:TrackPointExtension>
				</extensions>
			</trkpt>
			<trkpt lat="-6.451534" lon="-35.676463">
				<time>2025-10-26T13:14:59Z</time>
				<ele>-20000.000000</ele>
				<extensions>
					<ns3:TrackPointExtension>
						<ns3:hr>185</ns3:hr>
						<ns3:speed>0.958770</ns3:speed>
						<ns3:cad>80</ns3:cad>
					</ns3:TrackPointExtension>
				</extensions>
			</trkpt>
			<trkpt lat="-6.451532" lon="-35.676477">
				<time>2025-10-26T13:15:00Z</time>
				<ele>-20000.000000</ele>
				<extensions>
					<ns3:TrackPointExtension>
						<ns3:hr>186</ns3:hr>
						<ns3:speed>0.958770</ns3:speed>
						<ns3:cad>80</ns3:cad>
					</ns3:TrackPointExtension>
				</extensions>
			</trkpt>
			<trkpt lat="-6.451529" lon="-35.676491">
				<time>2025-10-26T13:15:01Z</time>
				<ele>-20000.000000</ele>
				<extensions>
					<ns3:TrackPointExtension>
						<ns3:hr>187</ns3:hr>
						<ns3:speed>0.992060</ns3:speed>
						<ns3:cad>77</ns3:cad>
					</ns3:TrackPointExtension>
				</extensions>
			</trkpt>
			<trkpt lat="-6.451527" lon="-35.676508">
				<time>2025-10-26T13:15:02Z</time>
				<ele>-20000.000000</ele>
				<extensions>
					<ns3:TrackPointExtension>
						<ns3:hr>186</ns3:hr>
						<ns3:speed>1.010100</ns3:speed>
						<ns3:cad>72</ns3:cad>
					</ns3:TrackPointExtension>
				</extensions>
			</trkpt>
			<trkpt lat="-6.451534" lon="-35.676524">
				<time>2025-10-26T13:15:03Z</time>
				<ele>-20000.000000</ele>
				<extensions>
					<ns3:TrackPointExtension>
						<ns3:hr>185</ns3:hr>
						<ns3:speed>1.024590</ns3:speed>
						<ns3:cad>71</ns3:cad>
					</ns3:TrackPointExtension>
				</extensions>
			</trkpt>
			<trkpt lat="-6.451545" lon="-35.676541">
				<time>2025-10-26T13:15:04Z</time>
				<ele>-20000.000000</ele>
				<extensions>
					<ns3:TrackPointExtension>
						<ns3:hr>186</ns3:hr>
						<ns3:speed>1.114830</ns3:speed>
						<ns3:cad>70</ns3:cad>
					</ns3:TrackPointExtension>
				</extensions>
			</trkpt>
			<trkpt lat="-6.451561" lon="-35.676559">
				<time>2025-10-26T13:15:05Z</time>
				<ele>-20000.000000</ele>
				<extensions>
					<ns3:TrackPointExtension>
						<ns3:hr>185</ns3:hr>
						<ns3:speed>1.197600</ns3:speed>
						<ns3:cad>69</ns3:cad>
					</ns3:TrackPointExtension>
				</extensions>
			</trkpt>
			<trkpt lat="-6.451578" lon="-35.676579">
				<time>2025-10-26T13:15:06Z</time>
				<ele>-20000.000000</ele>
				<extensions>
					<ns3:TrackPointExtension>
						<ns3:hr>184</ns3:hr>
						<ns3:speed>1.257860</ns3:speed>
						<ns3:cad>69</ns3:cad>
					</ns3:TrackPointExtension>
				</extensions>
			</trkpt>
			<trkpt lat="-6.451601" lon="-35.676590">
				<time>2025-10-26T13:15:07Z</time>
				<ele>-20000.000000</ele>
				<extensions>
					<ns3:TrackPointExtension>
						<ns3:hr>183</ns3:hr>
						<ns3:speed>1.315790</ns3:speed>
						<ns3:cad>74</ns3:cad>
					</ns3:TrackPointExtension>
				</extensions>
			</trkpt>
			<trkpt lat="-6.451618" lon="-35.676600">
				<time>2025-10-26T13:15:08Z</time>
				<ele>-20000.000000</ele>
				<extensions>
					<ns3:TrackPointExtension>
						<ns3:hr>184</ns3:hr>
						<ns3:speed>1.412430</ns3:speed>
						<ns3:cad>76</ns3:cad>
					</ns3:TrackPointExtension>
				</extensions>
			</trkpt>
			<trkpt lat="-6.451633" lon="-35.676611">
				<time>2025-10-26T13:15:09Z</time>
				<ele>-20000.000000</ele>
				<extensions>
					<ns3:TrackPointExtension>
						<ns3:hr>185</ns3:hr>
						<ns3:speed>1.485880</ns3:speed>
						<ns3:cad>76</ns3:cad>
					</ns3:TrackPointExtension>
				</extensions>
			</trkpt>
			<trkpt lat="-6.451647" lon="-35.676622">
				<time>2025-10-26T13:15:10Z</time>
				<ele>-20000.000000</ele>
				<extensions>
					<ns3:TrackPointExtension>
						<ns3:hr>185</ns3:hr>
						<ns3:speed>1.485880</ns3:speed>
						<ns3:cad>75</ns3:cad>
					</ns3:TrackPointExtension>
				</extensions>
			</trkpt>
			<trkpt lat="-6.451661" lon="-35.676633">
				<time>2025-10-26T13:15:11Z</time>
				<ele>-20000.000000</ele>
				<extensions>
					<ns3:TrackPointExtension>
						<ns3:hr>184</ns3:hr>
						<ns3:speed>1.538460</ns3:speed>
						<ns3:cad>74</ns3:cad>
					</ns3:TrackPointExtension>
				</extensions>
			</trkpt>
			<trkpt lat="-6.451676" lon="-35.676643">
				<time>2025-10-26T13:15:12Z</time>
				<ele>-20000.000000</ele>
				<extensions>
					<ns3:TrackPointExtension>
						<ns3:hr>182</ns3:hr>
						<ns3:speed>1.727120</ns3:speed>
						<ns3:cad>73</ns3:cad>
					</ns3:TrackPointExtension>
				</extensions>
			</trkpt>
			<trkpt lat="-6.451690" lon="-35.676653">
				<time>2025-10-26T13:15:13Z</time>
				<ele>-20000.000000</ele>
				<extensions>
					<ns3:TrackPointExtension>
						<ns3:hr>182</ns3:hr>
						<ns3:speed>1.848430</ns3:speed>
						<ns3:cad>72</ns3:cad>
					</ns3:TrackPointExtension>
				</extensions>
			</trkpt>
			<trkpt lat="-6.451705" lon="-35.676659">
				<time>2025-10-26T13:15:14Z</time>
				<ele>-20000.000000</ele>
				<extensions>
					<ns3:TrackPointExtension>
						<ns3:hr>183</ns3:hr>
						<ns3:speed>1.808320</ns3:speed>
						<ns3:cad>71</ns3:cad>
					</ns3:TrackPointExtension>
				</extensions>
			</trkpt>
			<trkpt lat="-6.451718" lon="-35.676666">
				<time>2025-10-26T13:15:15Z</time>
				<ele>-20000.000000</ele>
				<extensions>
					<ns3:TrackPointExtension>
						<ns3:hr>184</ns3:hr>
						<ns3:speed>1.782530</ns3:speed>
						<ns3:cad>66</ns3:cad>
					</ns3:TrackPointExtension>
				</extensions>
			</trkpt>
			<trkpt lat="-6.451731" lon="-35.676672">
				<time>2025-10-26T13:15:16Z</time>
				<ele>-20000.000000</ele>
				<extensions>
					<ns3:TrackPointExtension>
						<ns3:hr>184</ns3:hr>
						<ns3:speed>1.739130</ns3:speed>
						<ns3:cad>61</ns3:cad>
					</ns3:TrackPointExtension>
				</extensions>
			</trkpt>
			<trkpt lat="-6.451741" lon="-35.676676">
				<time>2025-10-26T13:15:17Z</time>
				<ele>-20000.000000</ele>
				<extensions>
					<ns3:TrackPointExtension>
						<ns3:hr>184</ns3:hr>
						<ns3:speed>1.412430</ns3:speed>
						<ns3:cad>61</ns3:cad>
					</ns3:TrackPointExtension>
				</extensions>
			</trkpt>
			<trkpt lat="-6.451752" lon="-35.676679">
				<time>2025-10-26T13:15:18Z</time>
				<ele>-20000.000000</ele>
				<extensions>
					<ns3:TrackPointExtension>
						<ns3:hr>183</ns3:hr>
						<ns3:speed>1.070660</ns3:speed>
						<ns3:cad>61</ns3:cad>
					</ns3:TrackPointExtension>
				</extensions>
			</trkpt>
			<trkpt lat="-6.451763" lon="-35.676682">
				<time>2025-10-26T13:15:19Z</time>
				<ele>-20000.000000</ele>
				<extensions>
					<ns3:TrackPointExtension>
						<ns3:hr>183</ns3:hr>
						<ns3:speed>0.990100</ns3:speed>
						<ns3:cad>60</ns3:cad>
					</ns3:TrackPointExtension>
				</extensions>
			</trkpt>
			<trkpt lat="-6.451773" lon="-35.676684">
				<time>2025-10-26T13:15:20Z</time>
				<ele>-20000.000000</ele>
				<extensions>
					<ns3:TrackPointExtension>
						<ns3:hr>182</ns3:hr>
						<ns3:speed>1.142860</ns3:speed>
						<ns3:cad>60</ns3:cad>
					</ns3:TrackPointExtension>
				</extensions>
			</trkpt>
			<trkpt lat="-6.451783" lon="-35.676686">
				<time>2025-10-26T13:15:21Z</time>
				<ele>-20000.000000</ele>
				<extensions>
					<ns3:TrackPointExtension>
						<ns3:hr>183</ns3:hr>
						<ns3:speed>1.245330</ns3:speed>
						<ns3:cad>60</ns3:cad>
					</ns3:TrackPointExtension>
				</extensions>
			</trkpt>
			<trkpt lat="-6.451791" lon="-35.676688">
				<time>2025-10-26T13:15:22Z</time>
				<ele>-20000.000000</ele>
				<extensions>
					<ns3:TrackPointExtension>
						<ns3:hr>184</ns3:hr>
						<ns3:speed>1.152070</ns3:speed>
						<ns3:cad>60</ns3:cad>
					</ns3:TrackPointExtension>
				</extensions>
			</trkpt>
			<trkpt lat="-6.451799" lon="-35.676690">
				<time>2025-10-26T13:15:23Z</time>
				<ele>-20000.000000</ele>
				<extensions>
					<ns3:TrackPointExtension>
						<ns3:hr>183</ns3:hr>
						<ns3:speed>1.103750</ns3:speed>
						<ns3:cad>61</ns3:cad>
					</ns3:TrackPointExtension>
				</extensions>
			</trkpt>
			<trkpt lat="-6.451806" lon="-35.676693">
				<time>2025-10-26T13:15:24Z</time>
				<ele>-20000.000000</ele>
				<extensions>
					<ns3:TrackPointExtension>
						<ns3:hr>184</ns3:hr>
						<ns3:speed>1.041670</ns3:speed>
						<ns3:cad>62</ns3:cad>
					</ns3:TrackPointExtension>
				</extensions>
			</trkpt>
			<trkpt lat="-6.451814" lon="-35.676697">
				<time>2025-10-26T13:15:25Z</time>
				<ele>-20000.000000</ele>
				<extensions>
					<ns3:TrackPointExtension>
						<ns3:hr>184</ns3:hr>
						<ns3:speed>0.964320</ns3:speed>
						<ns3:cad>62</ns3:cad>
					</ns3:TrackPointExtension>
				</extensions>
			</trkpt>
			<trkpt lat="-6.451820" lon="-35.676701">
				<time>2025-10-26T13:15:26Z</time>
				<ele>-20000.000000</ele>
				<extensions>
					<ns3:TrackPointExtension>
						<ns3:hr>185</ns3:hr>
						<ns3:speed>0.894450</ns3:speed>
						<ns3:cad>67</ns3:cad>
					</ns3:TrackPointExtension>
				</extensions>
			</trkpt>
			<trkpt lat="-6.451828" lon="-35.676705">
				<time>2025-10-26T13:15:27Z</time>
				<ele>-20000.000000</ele>
				<extensions>
					<ns3:TrackPointExtension>
						<ns3:hr>184</ns3:hr>
						<ns3:speed>0.877190</ns3:speed>
						<ns3:cad>69</ns3:cad>
					</ns3:TrackPointExtension>
				</extensions>
			</trkpt>
			<trkpt lat="-6.451835" lon="-35.676711">
				<time>2025-10-26T13:15:28Z</time>
				<ele>-20000.000000</ele>
				<extensions>
					<ns3:TrackPointExtension>
						<ns3:hr>183</ns3:hr>
						<ns3:speed>0.877190</ns3:speed>
						<ns3:cad>73</ns3:cad>
					</ns3:TrackPointExtension>
				</extensions>
			</trkpt>
			<trkpt lat="-6.451842" lon="-35.676715">
				<time>2025-10-26T13:15:29Z</time>
				<ele>-20000.000000</ele>
				<extensions>
					<ns3:TrackPointExtension>
						<ns3:hr>182</ns3:hr>
						<ns3:speed>0.884170</ns3:speed>
						<ns3:cad>72</ns3:cad>
					</ns3:TrackPointExtension>
				</extensions>
			</trkpt>
			<trkpt lat="-6.451848" lon="-35.676718">
				<time>2025-10-26T13:15:30Z</time>
				<ele>-20000.000000</ele>
				<extensions>
					<ns3:TrackPointExtension>
						<ns3:hr>182</ns3:hr>
						<ns3:speed>0.897670</ns3:speed>
						<ns3:cad>72</ns3:cad>
					</ns3:TrackPointExtension>
				</extensions>
			</trkpt>
			<trkpt lat="-6.451854" lon="-35.676719">
				<time>2025-10-26T13:15:31Z</time>
				<ele>-20000.000000</ele>
				<extensions>
					<ns3:TrackPointExtension>
						<ns3:hr>182</ns3:hr>
						<ns3:speed>0.904160</ns3:speed>
						<ns3:cad>71</ns3:cad>
					</ns3:TrackPointExtension>
				</extensions>
			</trkpt>
			<trkpt lat="-6.451860" lon="-35.676722">
				<time>2025-10-26T13:15:32Z</time>
				<ele>-20000.000000</ele>
				<extensions>
					<ns3:TrackPointExtension>
						<ns3:hr>181</ns3:hr>
						<ns3:speed>0.872600</ns3:speed>
						<ns3:cad>43</ns3:cad>
					</ns3:TrackPointExtension>
				</extensions>
			</trkpt>
			<trkpt lat="-6.451866" lon="-35.676725">
				<time>2025-10-26T13:15:33Z</time>
				<ele>-20000.000000</ele>
				<extensions>
					<ns3:TrackPointExtension>
						<ns3:hr>182</ns3:hr>
						<ns3:speed>0.823720</ns3:speed>
						<ns3:cad>44</ns3:cad>
					</ns3:TrackPointExtension>
				</extensions>
			</trkpt>
			<trkpt lat="-6.451873" lon="-35.676728">
				<time>2025-10-26T13:15:34Z</time>
				<ele>-20000.000000</ele>
				<extensions>
					<ns3:TrackPointExtension>
						<ns3:hr>183</ns3:hr>
						<ns3:speed>0.788640</ns3:speed>
						<ns3:cad>44</ns3:cad>
					</ns3:TrackPointExtension>
				</extensions>
			</trkpt>
			<trkpt lat="-6.451880" lon="-35.676731">
				<time>2025-10-26T13:15:35Z</time>
				<ele>-20000.000000</ele>
				<extensions>
					<ns3:TrackPointExtension>
						<ns3:hr>182</ns3:hr>
						<ns3:speed>0.772800</ns3:speed>
						<ns3:cad>44</ns3:cad>
					</ns3:TrackPointExtension>
				</extensions>
			</trkpt>
			<trkpt lat="-6.451883" lon="-35.676733">
				<time>2025-10-26T13:15:36Z</time>
				<ele>-20000.000000</ele>
				<extensions>
					<ns3:TrackPointExtension>
						<ns3:hr>180</ns3:hr>
						<ns3:speed>0.769230</ns3:speed>
						<ns3:cad>45</ns3:cad>
					</ns3:TrackPointExtension>
				</extensions>
			</trkpt>
			<trkpt lat="-6.451887" lon="-35.676734">
				<time>2025-10-26T13:15:37Z</time>
				<ele>-20000.000000</ele>
				<extensions>
					<ns3:TrackPointExtension>
						<ns3:hr>181</ns3:hr>
						<ns3:speed>0.763360</ns3:speed>
						<ns3:cad>46</ns3:cad>
					</ns3:TrackPointExtension>
				</extensions>
			</trkpt>
			<trkpt lat="-6.451889" lon="-35.676735">
				<time>2025-10-26T13:15:38Z</time>
				<ele>-20000.000000</ele>
				<extensions>
					<ns3:TrackPointExtension>
						<ns3:hr>181</ns3:hr>
						<ns3:speed>0.733680</ns3:speed>
						<ns3:cad>47</ns3:cad>
					</ns3:TrackPointExtension>
				</extensions>
			</trkpt>
			<trkpt lat="-6.451893" lon="-35.676736">
				<time>2025-10-26T13:15:39Z</time>
				<ele>-20000.000000</ele>
				<extensions>
					<ns3:TrackPointExtension>
						<ns3:hr>179</ns3:hr>
						<ns3:speed>0.672040</ns3:speed>
						<ns3:cad>47</ns3:cad>
					</ns3:TrackPointExtension>
				</extensions>
			</trkpt>
			<trkpt lat="-6.451898" lon="-35.676736">
				<time>2025-10-26T13:15:40Z</time>
				<ele>-20000.000000</ele>
				<extensions>
					<ns3:TrackPointExtension>
						<ns3:hr>179</ns3:hr>
						<ns3:speed>0.596300</ns3:speed>
						<ns3:cad>47</ns3:cad>
					</ns3:TrackPointExtension>
				</extensions>
			</trkpt>
			<trkpt lat="-6.451901" lon="-35.676737">
				<time>2025-10-26T13:15:41Z</time>
				<ele>-20000.000000</ele>
				<extensions>
					<ns3:TrackPointExtension>
						<ns3:hr>179</ns3:hr>
						<ns3:speed>0.594180</ns3:speed>
						<ns3:cad>47</ns3:cad>
					</ns3:TrackPointExtension>
				</extensions>
			</trkpt>
			<trkpt lat="-6.451901" lon="-35.676740">
				<time>2025-10-26T13:15:42Z</time>
				<ele>-20000.000000</ele>
				<extensions>
					<ns3:TrackPointExtension>
						<ns3:hr>179</ns3:hr>
						<ns3:speed>0.593470</ns3:speed>
						<ns3:cad>48</ns3:cad>
					</ns3:TrackPointExtension>
				</extensions>
			</trkpt>
			<trkpt lat="-6.451898" lon="-35.676742">
				<time>2025-10-26T13:15:43Z</time>
				<ele>-20000.000000</ele>
				<extensions>
					<ns3:TrackPointExtension>
						<ns3:hr>179</ns3:hr>
						<ns3:speed>0.479850</ns3:speed>
						<ns3:cad>53</ns3:cad>
					</ns3:TrackPointExtension>
				</extensions>
			</trkpt>
			<trkpt lat="-6.451893" lon="-35.676743">
				<time>2025-10-26T13:15:44Z</time>
				<ele>-20000.000000</ele>
				<extensions>
					<ns3:TrackPointExtension>
						<ns3:hr>178</ns3:hr>
						<ns3:speed>0.405840</ns3:speed>
						<ns3:cad>55</ns3:cad>
					</ns3:TrackPointExtension>
				</extensions>
			</trkpt>
			<trkpt lat="-6.451885" lon="-35.676740">
				<time>2025-10-26T13:15:45Z</time>
				<ele>-20000.000000</ele>
				<extensions>
					<ns3:TrackPointExtension>
						<ns3:hr>176</ns3:hr>
						<ns3:speed>0.558040</ns3:speed>
						<ns3:cad>55</ns3:cad>
					</ns3:TrackPointExtension>
				</extensions>
			</trkpt>
			<trkpt lat="-6.451870" lon="-35.676738">
				<time>2025-10-26T13:15:46Z</time>
				<ele>-20000.000000</ele>
				<extensions>
					<ns3:TrackPointExtension>
						<ns3:hr>177</ns3:hr>
						<ns3:speed>0.658330</ns3:speed>
						<ns3:cad>56</ns3:cad>
					</ns3:TrackPointExtension>
				</extensions>
			</trkpt>
			<trkpt lat="-6.451855" lon="-35.676733">
				<time>2025-10-26T13:15:47Z</time>
				<ele>-20000.000000</ele>
				<extensions>
					<ns3:TrackPointExtension>
						<ns3:hr>177</ns3:hr>
						<ns3:speed>0.789270</ns3:speed>
						<ns3:cad>58</ns3:cad>
					</ns3:TrackPointExtension>
				</extensions>
			</trkpt>
			<trkpt lat="-6.451840" lon="-35.676725">
				<time>2025-10-26T13:15:48Z</time>
				<ele>-20000.000000</ele>
				<extensions>
					<ns3:TrackPointExtension>
						<ns3:hr>177</ns3:hr>
						<ns3:speed>1.076430</ns3:speed>
						<ns3:cad>59</ns3:cad>
					</ns3:TrackPointExtension>
				</extensions>
			</trkpt>
			<trkpt lat="-6.451824" lon="-35.676716">
				<time>2025-10-26T13:15:49Z</time>
				<ele>-20000.000000</ele>
				<extensions>
					<ns3:TrackPointExtension>
						<ns3:hr>177</ns3:hr>
						<ns3:speed>1.297020</ns3:speed>
						<ns3:cad>58</ns3:cad>
					</ns3:TrackPointExtension>
				</extensions>
			</trkpt>
			<trkpt lat="-6.451809" lon="-35.676707">
				<time>2025-10-26T13:15:50Z</time>
				<ele>-20000.000000</ele>
				<extensions>
					<ns3:TrackPointExtension>
						<ns3:hr>177</ns3:hr>
						<ns3:speed>1.519760</ns3:speed>
						<ns3:cad>68</ns3:cad>
					</ns3:TrackPointExtension>
				</extensions>
			</trkpt>
			<trkpt lat="-6.451797" lon="-35.676702">
				<time>2025-10-26T13:15:51Z</time>
				<ele>-20000.000000</ele>
				<extensions>
					<ns3:TrackPointExtension>
						<ns3:hr>180</ns3:hr>
						<ns3:speed>1.623380</ns3:speed>
						<ns3:cad>70</ns3:cad>
					</ns3:TrackPointExtension>
				</extensions>
			</trkpt>
			<trkpt lat="-6.451789" lon="-35.676699">
				<time>2025-10-26T13:15:52Z</time>
				<ele>-20000.000000</ele>
				<extensions>
					<ns3:TrackPointExtension>
						<ns3:hr>188</ns3:hr>
						<ns3:speed>1.623380</ns3:speed>
						<ns3:cad>69</ns3:cad>
					</ns3:TrackPointExtension>
				</extensions>
			</trkpt>
			<trkpt lat="-6.451783" lon="-35.676697">
				<time>2025-10-26T13:15:53Z</time>
				<ele>-20000.000000</ele>
				<extensions>
					<ns3:TrackPointExtension>
						<ns3:hr>191</ns3:hr>
						<ns3:speed>1.623380</ns3:speed>
						<ns3:cad>69</ns3:cad>
					</ns3:TrackPointExtension>
				</extensions>
			</trkpt>
			<trkpt lat="-6.451780" lon="-35.676696">
				<time>2025-10-26T13:15:54Z</time>
				<ele>-20000.000000</ele>
				<extensions>
					<ns3:TrackPointExtension>
						<ns3:hr>190</ns3:hr>
						<ns3:speed>0.998000</ns3:speed>
						<ns3:cad>68</ns3:cad>
					</ns3:TrackPointExtension>
				</extensions>
			</trkpt>
			<trkpt lat="-6.451775" lon="-35.676696">
				<time>2025-10-26T13:15:55Z</time>
				<ele>-20000.000000</ele>
				<extensions>
					<ns3:TrackPointExtension>
						<ns3:hr>186</ns3:hr>
						<ns3:speed>0.582410</ns3:speed>
						<ns3:cad>68</ns3:cad>
					</ns3:TrackPointExtension>
				</extensions>
			</trkpt>
			<trkpt lat="-6.451770" lon="-35.676698">
				<time>2025-10-26T13:15:56Z</time>
				<ele>-20000.000000</ele>
				<extensions>
					<ns3:TrackPointExtension>
						<ns3:hr>186</ns3:hr>
						<ns3:speed>0.314760</ns3:speed>
						<ns3:cad>68</ns3:cad>
					</ns3:TrackPointExtension>
				</extensions>
			</trkpt>
			<trkpt lat="-6.451764" lon="-35.676700">
				<time>2025-10-26T13:15:57Z</time>
				<ele>-20000.000000</ele>
				<extensions>
					<ns3:TrackPointExtension>
						<ns3:hr>185</ns3:hr>
						<ns3:speed>0.314760</ns3:speed>
						<ns3:cad>58</ns3:cad>
					</ns3:TrackPointExtension>
				</extensions>
			</trkpt>
			<trkpt lat="-6.451756" lon="-35.676701">
				<time>2025-10-26T13:15:58Z</time>
				<ele>-20000.000000</ele>
				<extensions>
					<ns3:TrackPointExtension>
						<ns3:hr>185</ns3:hr>
						<ns3:speed>0.333560</ns3:speed>
						<ns3:cad>55</ns3:cad>
					</ns3:TrackPointExtension>
				</extensions>
			</trkpt>
			<trkpt lat="-6.451748" lon="-35.676704">
				<time>2025-10-26T13:15:59Z</time>
				<ele>-20000.000000</ele>
				<extensions>
					<ns3:TrackPointExtension>
						<ns3:hr>185</ns3:hr>
						<ns3:speed>0.413390</ns3:speed>
						<ns3:cad>54</ns3:cad>
					</ns3:TrackPointExtension>
				</extensions>
			</trkpt>
			<trkpt lat="-6.451740" lon="-35.676706">
				<time>2025-10-26T13:16:00Z</time>
				<ele>-20000.000000</ele>
				<extensions>
					<ns3:TrackPointExtension>
						<ns3:hr>183</ns3:hr>
						<ns3:speed>0.413390</ns3:speed>
						<ns3:cad>54</ns3:cad>
					</ns3:TrackPointExtension>
				</extensions>
			</trkpt>
			<trkpt lat="-6.451729" lon="-35.676703">
				<time>2025-10-26T13:16:01Z</time>
				<ele>-20000.000000</ele>
				<extensions>
					<ns3:TrackPointExtension>
						<ns3:hr>182</ns3:hr>
						<ns3:speed>0.541130</ns3:speed>
						<ns3:cad>54</ns3:cad>
					</ns3:TrackPointExtension>
				</extensions>
			</trkpt>
			<trkpt lat="-6.451715" lon="-35.676697">
				<time>2025-10-26T13:16:02Z</time>
				<ele>-20000.000000</ele>
				<extensions>
					<ns3:TrackPointExtension>
						<ns3:hr>182</ns3:hr>
						<ns3:speed>0.632110</ns3:speed>
						<ns3:cad>53</ns3:cad>
					</ns3:TrackPointExtension>
				</extensions>
			</trkpt>
			<trkpt lat="-6.451699" lon="-35.676692">
				<time>2025-10-26T13:16:03Z</time>
				<ele>-20000.000000</ele>
				<extensions>
					<ns3:TrackPointExtension>
						<ns3:hr>181</ns3:hr>
						<ns3:speed>0.632110</ns3:speed>
						<ns3:cad>52</ns3:cad>
					</ns3:TrackPointExtension>
				</extensions>
			</trkpt>
			<trkpt lat="-6.451681" lon="-35.676684">
				<time>2025-10-26T13:16:04Z</time>
				<ele>-20000.000000</ele>
				<extensions>
					<ns3:TrackPointExtension>
						<ns3:hr>183</ns3:hr>
						<ns3:speed>0.669790</ns3:speed>
						<ns3:cad>51</ns3:cad>
					</ns3:TrackPointExtension>
				</extensions>
			</trkpt>
			<trkpt lat="-6.451660" lon="-35.676673">
				<time>2025-10-26T13:16:05Z</time>
				<ele>-20000.000000</ele>
				<extensions>
					<ns3:TrackPointExtension>
						<ns3:hr>184</ns3:hr>
						<ns3:speed>0.679350</ns3:speed>
						<ns3:cad>51</ns3:cad>
					</ns3:TrackPointExtension>
				</extensions>
			</trkpt>
			<trkpt lat="-6.451638" lon="-35.676661">
				<time>2025-10-26T13:16:06Z</time>
				<ele>-20000.000000</ele>
				<extensions>
					<ns3:TrackPointExtension>
						<ns3:hr>186</ns3:hr>
						<ns3:speed>0.693960</ns3:speed>
						<ns3:cad>66</ns3:cad>
					</ns3:TrackPointExtension>
				</extensions>
			</trkpt>
			<trkpt lat="-6.451614" lon="-35.676648">
				<time>2025-10-26T13:16:08Z</time>
				<ele>-20000.000000</ele>
				<extensions>
					<ns3:TrackPointExtension>
						<ns3:hr>185</ns3:hr>
						<ns3:speed>1.005030</ns3:speed>
						<ns3:cad>67</ns3:cad>
					</ns3:TrackPointExtension>
				</extensions>
			</trkpt>
			<trkpt lat="-6.451590" lon="-35.676633">
				<time>2025-10-26T13:16:09Z</time>
				<ele>-20000.000000</ele>
				<extensions>
					<ns3:TrackPointExtension>
						<ns3:hr>185</ns3:hr>
						<ns3:speed>2.283110</ns3:speed>
						<ns3:cad>68</ns3:cad>
					</ns3:TrackPointExtension>
				</extensions>
			</trkpt>
			<trkpt lat="-6.451568" lon="-35.676619">
				<time>2025-10-26T13:16:10Z</time>
				<ele>-20000.000000</ele>
				<extensions>
					<ns3:TrackPointExtension>
						<ns3:hr>184</ns3:hr>
						<ns3:speed>2.283110</ns3:speed>
						<ns3:cad>68</ns3:cad>
					</ns3:TrackPointExtension>
				</extensions>
			</trkpt>
			<trkpt lat="-6.451547" lon="-35.676606">
				<time>2025-10-26T13:16:11Z</time>
				<ele>-20000.000000</ele>
				<extensions>
					<ns3:TrackPointExtension>
						<ns3:hr>184</ns3:hr>
						<ns3:speed>2.583980</ns3:speed>
						<ns3:cad>68</ns3:cad>
					</ns3:TrackPointExtension>
				</extensions>
			</trkpt>
			<trkpt lat="-6.451537" lon="-35.676590">
				<time>2025-10-26T13:16:12Z</time>
				<ele>-20000.000000</ele>
				<extensions>
					<ns3:TrackPointExtension>
						<ns3:hr>186</ns3:hr>
						<ns3:speed>2.638520</ns3:speed>
						<ns3:cad>68</ns3:cad>
					</ns3:TrackPointExtension>
				</extensions>
			</trkpt>
			<trkpt lat="-6.451534" lon="-35.676577">
				<time>2025-10-26T13:16:13Z</time>
				<ele>-20000.000000</ele>
				<extensions>
					<ns3:TrackPointExtension>
						<ns3:hr>185</ns3:hr>
						<ns3:speed>2.624670</ns3:speed>
						<ns3:cad>69</ns3:cad>
					</ns3:TrackPointExtension>
				</extensions>
			</trkpt>
			<trkpt lat="-6.451533" lon="-35.676566">
				<time>2025-10-26T13:16:14Z</time>
				<ele>-20000.000000</ele>
				<extensions>
					<ns3:TrackPointExtension>
						<ns3:hr>184</ns3:hr>
						<ns3:speed>2.624670</ns3:speed>
						<ns3:cad>70</ns3:cad>
					</ns3:TrackPointExtension>
				</extensions>
			</trkpt>
			<trkpt lat="-6.451533" lon="-35.676557">
				<time>2025-10-26T13:16:15Z</time>
				<ele>-20000.000000</ele>
				<extensions>
					<ns3:TrackPointExtension>
						<ns3:hr>184</ns3:hr>
						<ns3:speed>2.457000</ns3:speed>
						<ns3:cad>73</ns3:cad>
					</ns3:TrackPointExtension>
				</extensions>
			</trkpt>
			<trkpt lat="-6.451533" lon="-35.676550">
				<time>2025-10-26T13:16:16Z</time>
				<ele>-20000.000000</ele>
				<extensions>
					<ns3:TrackPointExtension>
						<ns3:hr>184</ns3:hr>
						<ns3:speed>1.923080</ns3:speed>
						<ns3:cad>73</ns3:cad>
					</ns3:TrackPointExtension>
				</extensions>
			</trkpt>
			<trkpt lat="-6.451531" lon="-35.676542">
				<time>2025-10-26T13:16:17Z</time>
				<ele>-20000.000000</ele>
				<extensions>
					<ns3:TrackPointExtension>
						<ns3:hr>184</ns3:hr>
						<ns3:speed>1.340480</ns3:speed>
						<ns3:cad>73</ns3:cad>
					</ns3:TrackPointExtension>
				</extensions>
			</trkpt>
			<trkpt lat="-6.451527" lon="-35.676535">
				<time>2025-10-26T13:16:17Z</time>
				<ele>-20000.000000</ele>
				<extensions>
					<ns3:TrackPointExtension>
						<ns3:hr>184</ns3:hr>
						<ns3:speed>1.340480</ns3:speed>
						<ns3:cad>73</ns3:cad>
					</ns3:TrackPointExtension>
				</extensions>
			</trkpt>
			<trkpt lat="-6.451522" lon="-35.676526">
				<time>2025-10-26T13:16:18Z</time>
				<ele>-20000.000000</ele>
				<extensions>
					<ns3:TrackPointExtension>
						<ns3:hr>182</ns3:hr>
						<ns3:speed>1.144160</ns3:speed>
						<ns3:cad>73</ns3:cad>
					</ns3:TrackPointExtension>
				</extensions>
			</trkpt>
			<trkpt lat="-6.451520" lon="-35.676517">
				<time>2025-10-26T13:16:20Z</time>
				<ele>-20000.000000</ele>
				<extensions>
					<ns3:TrackPointExtension>
						<ns3:hr>182</ns3:hr>
						<ns3:speed>1.114830</ns3:speed>
						<ns3:cad>72</ns3:cad>
					</ns3:TrackPointExtension>
				</extensions>
			</trkpt>
			<trkpt lat="-6.451521" lon="-35.676507">
				<time>2025-10-26T13:16:20Z</time>
				<ele>-20000.000000</ele>
				<extensions>
					<ns3:TrackPointExtension>
						<ns3:hr>182</ns3:hr>
						<ns3:speed>1.114830</ns3:speed>
						<ns3:cad>72</ns3:cad>
					</ns3:TrackPointExtension>
				</extensions>
			</trkpt>
			<trkpt lat="-6.451523" lon="-35.676496">
				<time>2025-10-26T13:16:21Z</time>
				<ele>-20000.000000</ele>
				<extensions>
					<ns3:TrackPointExtension>
						<ns3:hr>182</ns3:hr>
						<ns3:speed>0.974660</ns3:speed>
						<ns3:cad>71</ns3:cad>
					</ns3:TrackPointExtension>
				</extensions>
			</trkpt>
			<trkpt lat="-6.451525" lon="-35.676484">
				<time>2025-10-26T13:16:22Z</time>
				<ele>-20000.000000</ele>
				<extensions>
					<ns3:TrackPointExtension>
						<ns3:hr>181</ns3:hr>
						<ns3:speed>1.049320</ns3:speed>
						<ns3:cad>71</ns3:cad>
					</ns3:TrackPointExtension>
				</extensions>
			</trkpt>
			<trkpt lat="-6.451528" lon="-35.676473">
				<time>2025-10-26T13:16:23Z</time>
				<ele>-20000.000000</ele>
				<extensions>
					<ns3:TrackPointExtension>
						<ns3:hr>181</ns3:hr>
						<ns3:speed>1.136360</ns3:speed>
						<ns3:cad>70</ns3:cad>
					</ns3:TrackPointExtension>
				</extensions>
			</trkpt>
			<trkpt lat="-6.451530" lon="-35.676462">
				<time>2025-10-26T13:16:24Z</time>
				<ele>-20000.000000</ele>
				<extensions>
					<ns3:TrackPointExtension>
						<ns3:hr>182</ns3:hr>
						<ns3:speed>1.168220</ns3:speed>
						<ns3:cad>71</ns3:cad>
					</ns3:TrackPointExtension>
				</extensions>
			</trkpt>
			<trkpt lat="-6.451534" lon="-35.676450">
				<time>2025-10-26T13:16:25Z</time>
				<ele>-20000.000000</ele>
				<extensions>
					<ns3:TrackPointExtension>
						<ns3:hr>182</ns3:hr>
						<ns3:speed>1.190480</ns3:speed>
						<ns3:cad>70</ns3:cad>
					</ns3:TrackPointExtension>
				</extensions>
			</trkpt>
			<trkpt lat="-6.451539" lon="-35.676435">
				<time>2025-10-26T13:16:26Z</time>
				<ele>-20000.000000</ele>
				<extensions>
					<ns3:TrackPointExtension>
						<ns3:hr>182</ns3:hr>
						<ns3:speed>1.206270</ns3:speed>
						<ns3:cad>60</ns3:cad>
					</ns3:TrackPointExtension>
				</extensions>
			</trkpt>
			<trkpt lat="-6.451547" lon="-35.676419">
				<time>2025-10-26T13:16:27Z</time>
				<ele>-20000.000000</ele>
				<extensions>
					<ns3:TrackPointExtension>
						<ns3:hr>184</ns3:hr>
						<ns3:speed>1.233050</ns3:speed>
						<ns3:cad>55</ns3:cad>
					</ns3:TrackPointExtension>
				</extensions>
			</trkpt>
			<trkpt lat="-6.451555" lon="-35.676403">
				<time>2025-10-26T13:16:28Z</time>
				<ele>-20000.000000</ele>
				<extensions>
					<ns3:TrackPointExtension>
						<ns3:hr>184</ns3:hr>
						<ns3:speed>1.278770</ns3:speed>
						<ns3:cad>54</ns3:cad>
					</ns3:TrackPointExtension>
				</extensions>
			</trkpt>
			<trkpt lat="-6.451564" lon="-35.676389">
				<time>2025-10-26T13:16:29Z</time>
				<ele>-20000.000000</ele>
				<extensions>
					<ns3:TrackPointExtension>
						<ns3:hr>185</ns3:hr>
						<ns3:speed>1.445090</ns3:speed>
						<ns3:cad>54</ns3:cad>
					</ns3:TrackPointExtension>
				</extensions>
			</trkpt>
			<trkpt lat="-6.451574" lon="-35.676376">
				<time>2025-10-26T13:16:30Z</time>
				<ele>-20000.000000</ele>
				<extensions>
					<ns3:TrackPointExtension>
						<ns3:hr>185</ns3:hr>
						<ns3:speed>1.666670</ns3:speed>
						<ns3:cad>55</ns3:cad>
					</ns3:TrackPointExtension>
				</extensions>
			</trkpt>
			<trkpt lat="-6.451584" lon="-35.676364">
				<time>2025-10-26T13:16:31Z</time>
				<ele>-20000.000000</ele>
				<extensions>
					<ns3:TrackPointExtension>
						<ns3:hr>185</ns3:hr>
						<ns3:speed>1.773050</ns3:speed>
						<ns3:cad>59</ns3:cad>
					</ns3:TrackPointExtension>
				</extensions>
			</trkpt>
			<trkpt lat="-6.451593" lon="-35.676352">
				<time>2025-10-26T13:16:32Z</time>
				<ele>-20000.000000</ele>
				<extensions>
					<ns3:TrackPointExtension>
						<ns3:hr>185</ns3:hr>
						<ns3:speed>1.700680</ns3:speed>
						<ns3:cad>59</ns3:cad>
					</ns3:TrackPointExtension>
				</extensions>
			</trkpt>
			<trkpt lat="-6.451599" lon="-35.676341">
				<time>2025-10-26T13:16:33Z</time>
				<ele>-20000.000000</ele>
				<extensions>
					<ns3:TrackPointExtension>
						<ns3:hr>186</ns3:hr>
						<ns3:speed>1.605140</ns3:speed>
						<ns3:cad>64</ns3:cad>
					</ns3:TrackPointExtension>
				</extensions>
			</trkpt>
			<trkpt lat="-6.451605" lon="-35.676329">
				<time>2025-10-26T13:16:34Z</time>
				<ele>-20000.000000</ele>
				<extensions>
					<ns3:TrackPointExtension>
						<ns3:hr>189</ns3:hr>
						<ns3:speed>1.605140</ns3:speed>
						<ns3:cad>64</ns3:cad>
					</ns3:TrackPointExtension>
				</extensions>
			</trkpt>
			<trkpt lat="-6.451610" lon="-35.676317">
				<time>2025-10-26T13:16:35Z</time>
				<ele>-20000.000000</ele>
				<extensions>
					<ns3:TrackPointExtension>
						<ns3:hr>187</ns3:hr>
						<ns3:speed>1.418440</ns3:speed>
						<ns3:cad>64</ns3:cad>
					</ns3:TrackPointExtension>
				</extensions>
			</trkpt>
			<trkpt lat="-6.451616" lon="-35.676306">
				<time>2025-10-26T13:16:36Z</time>
				<ele>-20000.000000</ele>
				<extensions>
					<ns3:TrackPointExtension>
						<ns3:hr>186</ns3:hr>
						<ns3:speed>1.344090</ns3:speed>
						<ns3:cad>64</ns3:cad>
					</ns3:TrackPointExtension>
				</extensions>
			</trkpt>
			<trkpt lat="-6.451624" lon="-35.676296">
				<time>2025-10-26T13:16:37Z</time>
				<ele>-20000.000000</ele>
				<extensions>
					<ns3:TrackPointExtension>
						<ns3:hr>185</ns3:hr>
						<ns3:speed>1.412430</ns3:speed>
						<ns3:cad>72</ns3:cad>
					</ns3:TrackPointExtension>
				</extensions>
			</trkpt>
			<trkpt lat="-6.451634" lon="-35.676286">
				<time>2025-10-26T13:16:38Z</time>
				<ele>-20000.000000</ele>
				<extensions>
					<ns3:TrackPointExtension>
						<ns3:hr>186</ns3:hr>
						<ns3:speed>1.367990</ns3:speed>
						<ns3:cad>74</ns3:cad>
					</ns3:TrackPointExtension>
				</extensions>
			</trkpt>
			<trkpt lat="-6.451645" lon="-35.676278">
				<time>2025-10-26T13:16:39Z</time>
				<ele>-20000.000000</ele>
				<extensions>
					<ns3:TrackPointExtension>
						<ns3:hr>184</ns3:hr>
						<ns3:speed>1.367990</ns3:speed>
						<ns3:cad>60</ns3:cad>
					</ns3:TrackPointExtension>
				</extensions>
			</trkpt>
			<trkpt lat="-6.451656" lon="-35.676270">
				<time>2025-10-26T13:16:40Z</time>
				<ele>-20000.000000</ele>
				<extensions>
					<ns3:TrackPointExtension>
						<ns3:hr>184</ns3:hr>
						<ns3:speed>1.402520</ns3:speed>
						<ns3:cad>62</ns3:cad>
					</ns3:TrackPointExtension>
				</extensions>
			</trkpt>
			<trkpt lat="-6.451666" lon="-35.676262">
				<time>2025-10-26T13:16:41Z</time>
				<ele>-20000.000000</ele>
				<extensions>
					<ns3:TrackPointExtension>
						<ns3:hr>185</ns3:hr>
						<ns3:speed>1.416430</ns3:speed>
						<ns3:cad>62</ns3:cad>
					</ns3:TrackPointExtension>
				</extensions>
			</trkpt>
			<trkpt lat="-6.451673" lon="-35.676255">
				<time>2025-10-26T13:16:41Z</time>
				<ele>-20000.000000</ele>
				<extensions>
					<ns3:TrackPointExtension>
						<ns3:hr>185</ns3:hr>
						<ns3:speed>1.416430</ns3:speed>
						<ns3:cad>62</ns3:cad>
					</ns3:TrackPointExtension>
				</extensions>
			</trkpt>
			<trkpt lat="-6.451679" lon="-35.676245">
				<time>2025-10-26T13:16:43Z</time>
				<ele>-20000.000000</ele>
				<extensions>
					<ns3:TrackPointExtension>
						<ns3:hr>184</ns3:hr>
						<ns3:speed>1.410440</ns3:speed>
						<ns3:cad>73</ns3:cad>
					</ns3:TrackPointExtension>
				</extensions>
			</trkpt>
			<trkpt lat="-6.451684" lon="-35.676234">
				<time>2025-10-26T13:16:43Z</time>
				<ele>-20000.000000</ele>
				<extensions>
					<ns3:TrackPointExtension>
						<ns3:hr>184</ns3:hr>
						<ns3:speed>1.410440</ns3:speed>
						<ns3:cad>73</ns3:cad>
					</ns3:TrackPointExtension>
				</extensions>
			</trkpt>
			<trkpt lat="-6.451690" lon="-35.676220">
				<time>2025-10-26T13:16:44Z</time>
				<ele>-20000.000000</ele>
				<extensions>
					<ns3:TrackPointExtension>
						<ns3:hr>184</ns3:hr>
						<ns3:speed>1.424500</ns3:speed>
						<ns3:cad>72</ns3:cad>
					</ns3:TrackPointExtension>
				</extensions>
			</trkpt>
			<trkpt lat="-6.451696" lon="-35.676203">
				<time>2025-10-26T13:16:46Z</time>
				<ele>-20000.000000</ele>
				<extensions>
					<ns3:TrackPointExtension>
						<ns3:hr>183</ns3:hr>
						<ns3:speed>1.440920</ns3:speed>
						<ns3:cad>70</ns3:cad>
					</ns3:TrackPointExtension>
				</extensions>
			</trkpt>
			<trkpt lat="-6.451700" lon="-35.676185">
				<time>2025-10-26T13:16:46Z</time>
				<ele>-20000.000000</ele>
				<extensions>
					<ns3:TrackPointExtension>
						<ns3:hr>183</ns3:hr>
						<ns3:speed>1.440920</ns3:speed>
						<ns3:cad>70</ns3:cad>
					</ns3:TrackPointExtension>
				</extensions>
			</trkpt>
			<trkpt lat="-6.451706" lon="-35.676167">
				<time>2025-10-26T13:16:48Z</time>
				<ele>-20000.000000</ele>
				<extensions>
					<ns3:TrackPointExtension>
						<ns3:hr>182</ns3:hr>
						<ns3:speed>1.663890</ns3:speed>
						<ns3:cad>75</ns3:cad>
					</ns3:TrackPointExtension>
				</extensions>
			</trkpt>
			<trkpt lat="-6.451715" lon="-35.676152">
				<time>2025-10-26T13:16:49Z</time>
				<ele>-20000.000000</ele>
				<extensions>
					<ns3:TrackPointExtension>
						<ns3:hr>182</ns3:hr>
						<ns3:speed>1.814880</ns3:speed>
						<ns3:cad>75</ns3:cad>
					</ns3:TrackPointExtension>
				</extensions>
			</trkpt>
			<trkpt lat="-6.451727" lon="-35.676141">
				<time>2025-10-26T13:16:50Z</time>
				<ele>-20000.000000</ele>
				<extensions>
					<ns3:TrackPointExtension>
						<ns3:hr>182</ns3:hr>
						<ns3:speed>1.834860</ns3:speed>
						<ns3:cad>75</ns3:cad>
					</ns3:TrackPointExtension>
				</extensions>
			</trkpt>
			<trkpt lat="-6.451738" lon="-35.676133">
				<time>2025-10-26T13:16:51Z</time>
				<ele>-20000.000000</ele>
				<extensions>
					<ns3:TrackPointExtension>
						<ns3:hr>183</ns3:hr>
						<ns3:speed>1.795330</ns3:speed>
						<ns3:cad>75</ns3:cad>
					</ns3:TrackPointExtension>
				</extensions>
			</trkpt>
			<trkpt lat="-6.451749" lon="-35.676126">
				<time>2025-10-26T13:16:52Z</time>
				<ele>-20000.000000</ele>
				<extensions>
					<ns3:TrackPointExtension>
						<ns3:hr>184</ns3:hr>
						<ns3:speed>1.795330</ns3:speed>
						<ns3:cad>75</ns3:cad>
					</ns3:TrackPointExtension>
				</extensions>
			</trkpt>
			<trkpt lat="-6.451759" lon="-35.676121">
				<time>2025-10-26T13:16:52Z</time>
				<ele>-20000.000000</ele>
				<extensions>
					<ns3:TrackPointExtension>
						<ns3:hr>184</ns3:hr>
						<ns3:speed>1.795330</ns3:speed>
						<ns3:cad>75</ns3:cad>
					</ns3:TrackPointExtension>
				</extensions>
			</trkpt>
			<trkpt lat="-6.451767" lon="-35.676115">
				<time>2025-10-26T13:16:53Z</time>
				<ele>-20000.000000</ele>
				<extensions>
					<ns3:TrackPointExtension>
						<ns3:hr>183</ns3:hr>
						<ns3:speed>1.700680</ns3:speed>
						<ns3:cad>75</ns3:cad>
					</ns3:TrackPointExtension>
				</extensions>
			</trkpt>
			<trkpt lat="-6.451774" lon="-35.676108">
				<time>2025-10-26T13:16:55Z</time>
				<ele>-20000.000000</ele>
				<extensions>
					<ns3:TrackPointExtension>
						<ns3:hr>183</ns3:hr>
						<ns3:speed>1.366120</ns3:speed>
						<ns3:cad>75</ns3:cad>
					</ns3:TrackPointExtension>
				</extensions>
			</trkpt>
			<trkpt lat="-6.451782" lon="-35.676102">
				<time>2025-10-26T13:16:56Z</time>
				<ele>-20000.000000</ele>
				<extensions>
					<ns3:TrackPointExtension>
						<ns3:hr>183</ns3:hr>
						<ns3:speed>1.312340</ns3:speed>
						<ns3:cad>75</ns3:cad>
					</ns3:TrackPointExtension>
				</extensions>
			</trkpt>
			<trkpt lat="-6.451789" lon="-35.676096">
				<time>2025-10-26T13:16:56Z</time>
				<ele>-20000.000000</ele>
				<extensions>
					<ns3:TrackPointExtension>
						<ns3:hr>183</ns3:hr>
						<ns3:speed>1.312340</ns3:speed>
						<ns3:cad>75</ns3:cad>
					</ns3:TrackPointExtension>
				</extensions>
			</trkpt>
			<trkpt lat="-6.451796" lon="-35.676088">
				<time>2025-10-26T13:16:58Z</time>
				<ele>-20000.000000</ele>
				<extensions>
					<ns3:TrackPointExtension>
						<ns3:hr>183</ns3:hr>
						<ns3:speed>1.240690</ns3:speed>
						<ns3:cad>55</ns3:cad>
					</ns3:TrackPointExtension>
				</extensions>
			</trkpt>
			<trkpt lat="-6.451805" lon="-35.676082">
				<time>2025-10-26T13:16:58Z</time>
				<ele>-20000.000000</ele>
				<extensions>
					<ns3:TrackPointExtension>
						<ns3:hr>183</ns3:hr>
						<ns3:speed>1.240690</ns3:speed>
						<ns3:cad>55</ns3:cad>
					</ns3:TrackPointExtension>
				</extensions>
			</trkpt>
			<trkpt lat="-6.451814" lon="-35.676075">
				<time>2025-10-26T13:16:59Z</time>
				<ele>-20000.000000</ele>
				<extensions>
					<ns3:TrackPointExtension>
						<ns3:hr>184</ns3:hr>
						<ns3:speed>1.190480</ns3:speed>
						<ns3:cad>55</ns3:cad>
					</ns3:TrackPointExtension>
				</extensions>
			</trkpt>
			<trkpt lat="-6.451823" lon="-35.676068">
				<time>2025-10-26T13:17:01Z</time>
				<ele>-20000.000000</ele>
				<extensions>
					<ns3:TrackPointExtension>
						<ns3:hr>181</ns3:hr>
						<ns3:speed>1.158750</ns3:speed>
						<ns3:cad>53</ns3:cad>
					</ns3:TrackPointExtension>
				</extensions>
			</trkpt>
			<trkpt lat="-6.451831" lon="-35.676061">
				<time>2025-10-26T13:17:01Z</time>
				<ele>-20000.000000</ele>
				<extensions>
					<ns3:TrackPointExtension>
						<ns3:hr>181</ns3:hr>
						<ns3:speed>1.158750</ns3:speed>
						<ns3:cad>53</ns3:cad>
					</ns3:TrackPointExtension>
				</extensions>
			</trkpt>
			<trkpt lat="-6.451841" lon="-35.676053">
				<time>2025-10-26T13:17:03Z</time>
				<ele>-20000.000000</ele>
				<extensions>
					<ns3:TrackPointExtension>
						<ns3:hr>183</ns3:hr>
						<ns3:speed>1.141550</ns3:speed>
						<ns3:cad>52</ns3:cad>
					</ns3:TrackPointExtension>
				</extensions>
			</trkpt>
			<trkpt lat="-6.451851" lon="-35.676044">
				<time>2025-10-26T13:17:04Z</time>
				<ele>-20000.000000</ele>
				<extensions>
					<ns3:TrackPointExtension>
						<ns3:hr>183</ns3:hr>
						<ns3:speed>1.164140</ns3:speed>
						<ns3:cad>52</ns3:cad>
					</ns3:TrackPointExtension>
				</extensions>
			</trkpt>
			<trkpt lat="-6.451860" lon="-35.676035">
				<time>2025-10-26T13:17:05Z</time>
				<ele>-20000.000000</ele>
				<extensions>
					<ns3:TrackPointExtension>
						<ns3:hr>184</ns3:hr>
						<ns3:speed>1.183430</ns3:speed>
						<ns3:cad>53</ns3:cad>
					</ns3:TrackPointExtension>
				</extensions>
			</trkpt>
			<trkpt lat="-6.451871" lon="-35.676025">
				<time>2025-10-26T13:17:06Z</time>
				<ele>-20000.000000</ele>
				<extensions>
					<ns3:TrackPointExtension>
						<ns3:hr>185</ns3:hr>
						<ns3:speed>1.209190</ns3:speed>
						<ns3:cad>53</ns3:cad>
					</ns3:TrackPointExtension>
				</extensions>
			</trkpt>
			<trkpt lat="-6.451882" lon="-35.676015">
				<time>2025-10-26T13:17:07Z</time>
				<ele>-20000.000000</ele>
				<extensions>
					<ns3:TrackPointExtension>
						<ns3:hr>188</ns3:hr>
						<ns3:speed>1.240690</ns3:speed>
						<ns3:cad>53</ns3:cad>
					</ns3:TrackPointExtension>
				</extensions>
			</trkpt>
			<trkpt lat="-6.451892" lon="-35.676005">
				<time>2025-10-26T13:17:08Z</time>
				<ele>-20000.000000</ele>
				<extensions>
					<ns3:TrackPointExtension>
						<ns3:hr>191</ns3:hr>
						<ns3:speed>1.190480</ns3:speed>
						<ns3:cad>53</ns3:cad>
					</ns3:TrackPointExtension>
				</extensions>
			</trkpt>
			<trkpt lat="-6.451903" lon="-35.675996">
				<time>2025-10-26T13:17:09Z</time>
				<ele>-20000.000000</ele>
				<extensions>
					<ns3:TrackPointExtension>
						<ns3:hr>191</ns3:hr>
						<ns3:speed>1.131220</ns3:speed>
						<ns3:cad>53</ns3:cad>
					</ns3:TrackPointExtension>
				</extensions>
			</trkpt>
			<trkpt lat="-6.451914" lon="-35.675989">
				<time>2025-10-26T13:17:10Z</time>
				<ele>-20000.000000</ele>
				<extensions>
					<ns3:TrackPointExtension>
						<ns3:hr>188</ns3:hr>
						<ns3:speed>1.152070</ns3:speed>
						<ns3:cad>53</ns3:cad>
					</ns3:TrackPointExtension>
				</extensions>
			</trkpt>
			<trkpt lat="-6.451925" lon="-35.675983">
				<time>2025-10-26T13:17:11Z</time>
				<ele>-20000.000000</ele>
				<extensions>
					<ns3:TrackPointExtension>
						<ns3:hr>188</ns3:hr>
						<ns3:speed>1.165500</ns3:speed>
						<ns3:cad>53</ns3:cad>
					</ns3:TrackPointExtension>
				</extensions>
			</trkpt>
			<trkpt lat="-6.451936" lon="-35.675977">
				<time>2025-10-26T13:17:12Z</time>
				<ele>-20000.000000</ele>
				<extensions>
					<ns3:TrackPointExtension>
						<ns3:hr>188</ns3:hr>
						<ns3:speed>1.165500</ns3:speed>
						<ns3:cad>54</ns3:cad>
					</ns3:TrackPointExtension>
				</extensions>
			</trkpt>
			<trkpt lat="-6.451945" lon="-35.675973">
				<time>2025-10-26T13:17:13Z</time>
				<ele>-20000.000000</ele>
				<extensions>
					<ns3:TrackPointExtension>
						<ns3:hr>188</ns3:hr>
						<ns3:speed>1.250000</ns3:speed>
						<ns3:cad>54</ns3:cad>
					</ns3:TrackPointExtension>
				</extensions>
			</trkpt>
			<trkpt lat="-6.451954" lon="-35.675972">
				<time>2025-10-26T13:17:13Z</time>
				<ele>-20000.000000</ele>
				<extensions>
					<ns3:TrackPointExtension>
						<ns3:hr>188</ns3:hr>
						<ns3:speed>1.250000</ns3:speed>
						<ns3:cad>54</ns3:cad>
					</ns3:TrackPointExtension>
				</extensions>
			</trkpt>
			<trkpt lat="-6.451963" lon="-35.675967">
				<time>2025-10-26T13:17:14Z</time>
				<ele>-20000.000000</ele>
				<extensions>
					<ns3:TrackPointExtension>
						<ns3:hr>186</ns3:hr>
						<ns3:speed>1.317520</ns3:speed>
						<ns3:cad>54</ns3:cad>
					</ns3:TrackPointExtension>
				</extensions>
			</trkpt>
			<trkpt lat="-6.451967" lon="-35.675962">
				<time>2025-10-26T13:17:15Z</time>
				<ele>-20000.000000</ele>
				<extensions>
					<ns3:TrackPointExtension>
						<ns3:hr>186</ns3:hr>
						<ns3:speed>1.109880</ns3:speed>
						<ns3:cad>55</ns3:cad>
					</ns3:TrackPointExtension>
				</extensions>
			</trkpt>
			<trkpt lat="-6.451971" lon="-35.675958">
				<time>2025-10-26T13:17:16Z</time>
				<ele>-20000.000000</ele>
				<extensions>
					<ns3:TrackPointExtension>
						<ns3:hr>186</ns3:hr>
						<ns3:speed>0.770420</ns3:speed>
						<ns3:cad>55</ns3:cad>
					</ns3:TrackPointExtension>
				</extensions>
			</trkpt>
			<trkpt lat="-6.451973" lon="-35.675954">
				<time>2025-10-26T13:17:17Z</time>
				<ele>-20000.000000</ele>
				<extensions>
					<ns3:TrackPointExtension>
						<ns3:hr>185</ns3:hr>
						<ns3:speed>0.497510</ns3:speed>
						<ns3:cad>58</ns3:cad>
					</ns3:TrackPointExtension>
				</extensions>
			</trkpt>
			<trkpt lat="-6.451977" lon="-35.675953">
				<time>2025-10-26T13:17:19Z</time>
				<ele>-20000.000000</ele>
				<extensions>
					<ns3:TrackPointExtension>
						<ns3:hr>184</ns3:hr>
						<ns3:speed>0.385060</ns3:speed>
						<ns3:cad>58</ns3:cad>
					</ns3:TrackPointExtension>
				</extensions>
			</trkpt>
			<trkpt lat="-6.451981" lon="-35.675953">
				<time>2025-10-26T13:17:20Z</time>
				<ele>-20000.000000</ele>
				<extensions>
					<ns3:TrackPointExtension>
						<ns3:hr>184</ns3:hr>
						<ns3:speed>0.404860</ns3:speed>
						<ns3:cad>54</ns3:cad>
					</ns3:TrackPointExtension>
				</extensions>
			</trkpt>
			<trkpt lat="-6.451983" lon="-35.675948">
				<time>2025-10-26T13:17:20Z</time>
				<ele>-20000.000000</ele>
				<extensions>
					<ns3:TrackPointExtension>
						<ns3:hr>184</ns3:hr>
						<ns3:speed>0.404860</ns3:speed>
						<ns3:cad>54</ns3:cad>
					</ns3:TrackPointExtension>
				</extensions>
			</trkpt>
			<trkpt lat="-6.451984" lon="-35.675942">
				<time>2025-10-26T13:17:21Z</time>
				<ele>-20000.000000</ele>
				<extensions>
					<ns3:TrackPointExtension>
						<ns3:hr>185</ns3:hr>
						<ns3:speed>0.412540</ns3:speed>
						<ns3:cad>51</ns3:cad>
					</ns3:TrackPointExtension>
				</extensions>
			</trkpt>
			<trkpt lat="-6.451981" lon="-35.675935">
				<time>2025-10-26T13:17:23Z</time>
				<ele>-20000.000000</ele>
				<extensions>
					<ns3:TrackPointExtension>
						<ns3:hr>185</ns3:hr>
						<ns3:speed>0.421940</ns3:speed>
						<ns3:cad>55</ns3:cad>
					</ns3:TrackPointExtension>
				</extensions>
			</trkpt>
			<trkpt lat="-6.451978" lon="-35.675928">
				<time>2025-10-26T13:17:24Z</time>
				<ele>-20000.000000</ele>
				<extensions>
					<ns3:TrackPointExtension>
						<ns3:hr>186</ns3:hr>
						<ns3:speed>0.422480</ns3:speed>
						<ns3:cad>56</ns3:cad>
					</ns3:TrackPointExtension>
				</extensions>
			</trkpt>
			<trkpt lat="-6.451976" lon="-35.675924">
				<time>2025-10-26T13:17:25Z</time>
				<ele>-20000.000000</ele>
				<extensions>
					<ns3:TrackPointExtension>
						<ns3:hr>185</ns3:hr>
						<ns3:speed>0.424630</ns3:speed>
						<ns3:cad>56</ns3:cad>
					</ns3:TrackPointExtension>
				</extensions>
			</trkpt>
			<trkpt lat="-6.451975" lon="-35.675922">
				<time>2025-10-26T13:17:26Z</time>
				<ele>-20000.000000</ele>
				<extensions>
					<ns3:TrackPointExtension>
						<ns3:hr>186</ns3:hr>
						<ns3:speed>0.427720</ns3:speed>
						<ns3:cad>57</ns3:cad>
					</ns3:TrackPointExtension>
				</extensions>
			</trkpt>
			<trkpt lat="-6.451975" lon="-35.675919">
				<time>2025-10-26T13:17:26Z</time>
				<ele>-20000.000000</ele>
				<extensions>
					<ns3:TrackPointExtension>
						<ns3:hr>186</ns3:hr>
						<ns3:speed>0.427720</ns3:speed>
						<ns3:cad>57</ns3:cad>
					</ns3:TrackPointExtension>
				</extensions>
			</trkpt>
			<trkpt lat="-6.451975" lon="-35.675917">
				<time>2025-10-26T13:17:28Z</time>
				<ele>-20000.000000</ele>
				<extensions>
					<ns3:TrackPointExtension>
						<ns3:hr>186</ns3:hr>
						<ns3:speed>0.433840</ns3:speed>
						<ns3:cad>58</ns3:cad>
					</ns3:TrackPointExtension>
				</extensions>
			</trkpt>
			<trkpt lat="-6.451976" lon="-35.675915">
				<time>2025-10-26T13:17:28Z</time>
				<ele>-20000.000000</ele>
				<extensions>
					<ns3:TrackPointExtension>
						<ns3:hr>186</ns3:hr>
						<ns3:speed>0.433840</ns3:speed>
						<ns3:cad>58</ns3:cad>
					</ns3:TrackPointExtension>
				</extensions>
			</trkpt>
			<trkpt lat="-6.451978" lon="-35.675912">
				<time>2025-10-26T13:17:29Z</time>
				<ele>-20000.000000</ele>
				<extensions>
					<ns3:TrackPointExtension>
						<ns3:hr>187</ns3:hr>
						<ns3:speed>0.436110</ns3:speed>
						<ns3:cad>59</ns3:cad>
					</ns3:TrackPointExtension>
				</extensions>
			</trkpt>
			<trkpt lat="-6.451982" lon="-35.675910">
				<time>2025-10-26T13:17:31Z</time>
				<ele>-20000.000000</ele>
				<extensions>
					<ns3:TrackPointExtension>
						<ns3:hr>186</ns3:hr>
						<ns3:speed>0.439560</ns3:speed>
						<ns3:cad>61</ns3:cad>
					</ns3:TrackPointExtension>
				</extensions>
			</trkpt>
			<trkpt lat="-6.451987" lon="-35.675907">
				<time>2025-10-26T13:17:31Z</time>
				<ele>-20000.000000</ele>
				<extensions>
					<ns3:TrackPointExtension>
						<ns3:hr>186</ns3:hr>
						<ns3:speed>0.439560</ns3:speed>
						<ns3:cad>61</ns3:cad>
					</ns3:TrackPointExtension>
				</extensions>
			</trkpt>
			<trkpt lat="-6.451995" lon="-35.675906">
				<time>2025-10-26T13:17:33Z</time>
				<ele>-20000.000000</ele>
				<extensions>
					<ns3:TrackPointExtension>
						<ns3:hr>185</ns3:hr>
						<ns3:speed>0.442280</ns3:speed>
						<ns3:cad>68</ns3:cad>
					</ns3:TrackPointExtension>
				</extensions>
			</trkpt>
			<trkpt lat="-6.452004" lon="-35.675907">
				<time>2025-10-26T13:17:33Z</time>
				<ele>-20000.000000</ele>
				<extensions>
					<ns3:TrackPointExtension>
						<ns3:hr>185</ns3:hr>
						<ns3:speed>0.442280</ns3:speed>
						<ns3:cad>68</ns3:cad>
					</ns3:TrackPointExtension>
				</extensions>
			</trkpt>
			<trkpt lat="-6.452014" lon="-35.675909">
				<time>2025-10-26T13:17:35Z</time>
				<ele>-20000.000000</ele>
				<extensions>
					<ns3:TrackPointExtension>
						<ns3:hr>183</ns3:hr>
						<ns3:speed>0.445240</ns3:speed>
						<ns3:cad>69</ns3:cad>
					</ns3:TrackPointExtension>
				</extensions>
			</trkpt>
			<trkpt lat="-6.452025" lon="-35.675912">
				<time>2025-10-26T13:17:36Z</time>
				<ele>-20000.000000</ele>
				<extensions>
					<ns3:TrackPointExtension>
						<ns3:hr>183</ns3:hr>
						<ns3:speed>0.448830</ns3:speed>
						<ns3:cad>54</ns3:cad>
					</ns3:TrackPointExtension>
				</extensions>
			</trkpt>
			<trkpt lat="-6.452039" lon="-35.675915">
				<time>2025-10-26T13:17:36Z</time>
				<ele>-20000.000000</ele>
				<extensions>
					<ns3:TrackPointExtension>
						<ns3:hr>183</ns3:hr>
						<ns3:speed>0.448830</ns3:speed>
						<ns3:cad>54</ns3:cad>
					</ns3:TrackPointExtension>
				</extensions>
			</trkpt>
			<trkpt lat="-6.452056" lon="-35.675920">
				<time>2025-10-26T13:17:37Z</time>
				<ele>-20000.000000</ele>
				<extensions>
					<ns3:TrackPointExtension>
						<ns3:hr>183</ns3:hr>
						<ns3:speed>0.543770</ns3:speed>
						<ns3:cad>54</ns3:cad>
					</ns3:TrackPointExtension>
				</extensions>
			</trkpt>
			<trkpt lat="-6.452074" lon="-35.675924">
				<time>2025-10-26T13:17:38Z</time>
				<ele>-20000.000000</ele>
				<extensions>
					<ns3:TrackPointExtension>
						<ns3:hr>183</ns3:hr>
						<ns3:speed>0.687760</ns3:speed>
						<ns3:cad>55</ns3:cad>
					</ns3:TrackPointExtension>
				</extensions>
			</trkpt>
			<trkpt lat="-6.452089" lon="-35.675927">
				<time>2025-10-26T13:17:40Z</time>
				<ele>-20000.000000</ele>
				<extensions>
					<ns3:TrackPointExtension>
						<ns3:hr>183</ns3:hr>
						<ns3:speed>0.939850</ns3:speed>
						<ns3:cad>62</ns3:cad>
					</ns3:TrackPointExtension>
				</extensions>
			</trkpt>
			<trkpt lat="-6.452100" lon="-35.675931">
				<time>2025-10-26T13:17:41Z</time>
				<ele>-20000.000000</ele>
				<extensions>
					<ns3:TrackPointExtension>
						<ns3:hr>182</ns3:hr>
						<ns3:speed>1.020410</ns3:speed>
						<ns3:cad>61</ns3:cad>
					</ns3:TrackPointExtension>
				</extensions>
			</trkpt>
			<trkpt lat="-6.452108" lon="-35.675933">
				<time>2025-10-26T13:17:41Z</time>
				<ele>-20000.000000</ele>
				<extensions>
					<ns3:TrackPointExtension>
						<ns3:hr>182</ns3:hr>
						<ns3:speed>1.020410</ns3:speed>
						<ns3:cad>61</ns3:cad>
					</ns3:TrackPointExtension>
				</extensions>
			</trkpt>
			<trkpt lat="-6.452120" lon="-35.675939">
				<time>2025-10-26T13:17:43Z</time>
				<ele>-20000.000000</ele>
				<extensions>
					<ns3:TrackPointExtension>
						<ns3:hr>181</ns3:hr>
						<ns3:speed>1.209190</ns3:speed>
						<ns3:cad>82</ns3:cad>
					</ns3:TrackPointExtension>
				</extensions>
			</trkpt>
			<trkpt lat="-6.452135" lon="-35.675948">
				<time>2025-10-26T13:17:44Z</time>
				<ele>-20000.000000</ele>
				<extensions>
					<ns3:TrackPointExtension>
						<ns3:hr>181</ns3:hr>
						<ns3:speed>1.510570</ns3:speed>
						<ns3:cad>82</ns3:cad>
					</ns3:TrackPointExtension>
				</extensions>
			</trkpt>
			<trkpt lat="-6.452151" lon="-35.675961">
				<time>2025-10-26T13:17:45Z</time>
				<ele>-20000.000000</ele>
				<extensions>
					<ns3:TrackPointExtension>
						<ns3:hr>182</ns3:hr>
						<ns3:speed>1.620750</ns3:speed>
						<ns3:cad>82</ns3:cad>
					</ns3:TrackPointExtension>
				</extensions>
			</trkpt>
			<trkpt lat="-6.452173" lon="-35.675972">
				<time>2025-10-26T13:17:46Z</time>
				<ele>-20000.000000</ele>
				<extensions>
					<ns3:TrackPointExtension>
						<ns3:hr>181</ns3:hr>
						<ns3:speed>1.620750</ns3:speed>
						<ns3:cad>82</ns3:cad>
					</ns3:TrackPointExtension>
				</extensions>
			</trkpt>
			<trkpt lat="-6.452199" lon="-35.675984">
				<time>2025-10-26T13:17:46Z</time>
				<ele>-20000.000000</ele>
				<extensions>
					<ns3:TrackPointExtension>
						<ns3:hr>181</ns3:hr>
						<ns3:speed>1.620750</ns3:speed>
						<ns3:cad>82</ns3:cad>
					</ns3:TrackPointExtension>
				</extensions>
			</trkpt>
			<trkpt lat="-6.452226" lon="-35.675994">
				<time>2025-10-26T13:17:47Z</time>
				<ele>-20000.000000</ele>
				<extensions>
					<ns3:TrackPointExtension>
						<ns3:hr>182</ns3:hr>
						<ns3:speed>1.751310</ns3:speed>
						<ns3:cad>82</ns3:cad>
					</ns3:TrackPointExtension>
				</extensions>
			</trkpt>
			<trkpt lat="-6.452255" lon="-35.676005">
				<time>2025-10-26T13:17:49Z</time>
				<ele>-20000.000000</ele>
				<extensions>
					<ns3:TrackPointExtension>
						<ns3:hr>182</ns3:hr>
						<ns3:speed>2.444990</ns3:speed>
						<ns3:cad>83</ns3:cad>
					</ns3:TrackPointExtension>
				</extensions>
			</trkpt>
			<trkpt lat="-6.452284" lon="-35.676014">
				<time>2025-10-26T13:17:50Z</time>
				<ele>-20000.000000</ele>
				<extensions>
					<ns3:TrackPointExtension>
						<ns3:hr>182</ns3:hr>
						<ns3:speed>2.688170</ns3:speed>
						<ns3:cad>83</ns3:cad>
					</ns3:TrackPointExtension>
				</extensions>
			</trkpt>
			<trkpt lat="-6.452314" lon="-35.676023">
				<time>2025-10-26T13:17:50Z</time>
				<ele>-20000.000000</ele>
				<extensions>
					<ns3:TrackPointExtension>
						<ns3:hr>182</ns3:hr>
						<ns3:speed>2.688170</ns3:speed>
						<ns3:cad>83</ns3:cad>
					</ns3:TrackPointExtension>
				</extensions>
			</trkpt>
			<trkpt lat="-6.452345" lon="-35.676032">
				<time>2025-10-26T13:17:52Z</time>
				<ele>-20000.000000</ele>
				<extensions>
					<ns3:TrackPointExtension>
						<ns3:hr>181</ns3:hr>
						<ns3:speed>2.666670</ns3:speed>
						<ns3:cad>83</ns3:cad>
					</ns3:TrackPointExtension>
				</extensions>
			</trkpt>
			<trkpt lat="-6.452375" lon="-35.676042">
				<time>2025-10-26T13:17:52Z</time>
				<ele>-20000.000000</ele>
				<extensions>
					<ns3:TrackPointExtension>
						<ns3:hr>181</ns3:hr>
						<ns3:speed>2.666670</ns3:speed>
						<ns3:cad>83</ns3:cad>
					</ns3:TrackPointExtension>
				</extensions>
			</trkpt>
			<trkpt lat="-6.452403" lon="-35.676053">
				<time>2025-10-26T13:17:53Z</time>
				<ele>-20000.000000</ele>
				<extensions>
					<ns3:TrackPointExtension>
						<ns3:hr>181</ns3:hr>
						<ns3:speed>2.732240</ns3:speed>
						<ns3:cad>82</ns3:cad>
					</ns3:TrackPointExtension>
				</extensions>
			</trkpt>
			<trkpt lat="-6.452431" lon="-35.676066">
				<time>2025-10-26T13:17:55Z</time>
				<ele>-20000.000000</ele>
				<extensions>
					<ns3:TrackPointExtension>
						<ns3:hr>180</ns3:hr>
						<ns3:speed>2.631580</ns3:speed>
						<ns3:cad>81</ns3:cad>
					</ns3:TrackPointExtension>
				</extensions>
			</trkpt>
			<trkpt lat="-6.452461" lon="-35.676078">
				<time>2025-10-26T13:17:56Z</time>
				<ele>-20000.000000</ele>
				<extensions>
					<ns3:TrackPointExtension>
						<ns3:hr>180</ns3:hr>
						<ns3:speed>2.617800</ns3:speed>
						<ns3:cad>81</ns3:cad>
					</ns3:TrackPointExtension>
				</extensions>
			</trkpt>
			<trkpt lat="-6.452490" lon="-35.676088">
				<time>2025-10-26T13:17:56Z</time>
				<ele>-20000.000000</ele>
				<extensions>
					<ns3:TrackPointExtension>
						<ns3:hr>180</ns3:hr>
						<ns3:speed>2.617800</ns3:speed>
						<ns3:cad>81</ns3:cad>
					</ns3:TrackPointExtension>
				</extensions>
			</trkpt>
			<trkpt lat="-6.452519" lon="-35.676099">
				<time>2025-10-26T13:17:58Z</time>
				<ele>-20000.000000</ele>
				<extensions>
					<ns3:TrackPointExtension>
						<ns3:hr>180</ns3:hr>
						<ns3:speed>2.932550</ns3:speed>
						<ns3:cad>80</ns3:cad>
					</ns3:TrackPointExtension>
				</extensions>
			</trkpt>
			<trkpt lat="-6.452548" lon="-35.676109">
				<time>2025-10-26T13:17:59Z</time>
				<ele>-20000.000000</ele>
				<extensions>
					<ns3:TrackPointExtension>
						<ns3:hr>180</ns3:hr>
						<ns3:speed>3.134800</ns3:speed>
						<ns3:cad>80</ns3:cad>
					</ns3:TrackPointExtension>
				</extensions>
			</trkpt>
			<trkpt lat="-6.452574" lon="-35.676117">
				<time>2025-10-26T13:17:59Z</time>
				<ele>-20000.000000</ele>
				<extensions>
					<ns3:TrackPointExtension>
						<ns3:hr>180</ns3:hr>
						<ns3:speed>3.134800</ns3:speed>
						<ns3:cad>80</ns3:cad>
					</ns3:TrackPointExtension>
				</extensions>
			</trkpt>
			<trkpt lat="-6.452599" lon="-35.676126">
				<time>2025-10-26T13:18:01Z</time>
				<ele>-20000.000000</ele>
				<extensions>
					<ns3:TrackPointExtension>
						<ns3:hr>181</ns3:hr>
						<ns3:speed>3.095980</ns3:speed>
						<ns3:cad>79</ns3:cad>
					</ns3:TrackPointExtension>
				</extensions>
			</trkpt>
			<trkpt lat="-6.452621" lon="-35.676134">
				<time>2025-10-26T13:18:01Z</time>
				<ele>-20000.000000</ele>
				<extensions>
					<ns3:TrackPointExtension>
						<ns3:hr>181</ns3:hr>
						<ns3:speed>3.095980</ns3:speed>
						<ns3:cad>79</ns3:cad>
					</ns3:TrackPointExtension>
				</extensions>
			</trkpt>
			<trkpt lat="-6.452635" lon="-35.676148">
				<time>2025-10-26T13:18:02Z</time>
				<ele>-20000.000000</ele>
				<extensions>
					<ns3:TrackPointExtension>
						<ns3:hr>182</ns3:hr>
						<ns3:speed>3.067480</ns3:speed>
						<ns3:cad>77</ns3:cad>
					</ns3:TrackPointExtension>
				</extensions>
			</trkpt>
			<trkpt lat="-6.452651" lon="-35.676157">
				<time>2025-10-26T13:18:03Z</time>
				<ele>-20000.000000</ele>
				<extensions>
					<ns3:TrackPointExtension>
						<ns3:hr>182</ns3:hr>
						<ns3:speed>3.012050</ns3:speed>
						<ns3:cad>77</ns3:cad>
					</ns3:TrackPointExtension>
				</extensions>
			</trkpt>
			<trkpt lat="-6.452668" lon="-35.676165">
				<time>2025-10-26T13:18:04Z</time>
				<ele>-20000.000000</ele>
				<extensions>
					<ns3:TrackPointExtension>
						<ns3:hr>182</ns3:hr>
						<ns3:speed>2.898550</ns3:speed>
						<ns3:cad>76</ns3:cad>
					</ns3:TrackPointExtension>
				</extensions>
			</trkpt>
			<trkpt lat="-6.452686" lon="-35.676170">
				<time>2025-10-26T13:18:05Z</time>
				<ele>-20000.000000</ele>
				<extensions>
					<ns3:TrackPointExtension>
						<ns3:hr>182</ns3:hr>
						<ns3:speed>2.747250</ns3:speed>
						<ns3:cad>76</ns3:cad>
					</ns3:TrackPointExtension>
				</extensions>
			</trkpt>
			<trkpt lat="-6.452704" lon="-35.676173">
				<time>2025-10-26T13:18:06Z</time>
				<ele>-20000.000000</ele>
				<extensions>
					<ns3:TrackPointExtension>
						<ns3:hr>183</ns3:hr>
						<ns3:speed>2.570690</ns3:speed>
						<ns3:cad>80</ns3:cad>
					</ns3:TrackPointExtension>
				</extensions>
			</trkpt>
			<trkpt lat="-6.452722" lon="-35.676177">
				<time>2025-10-26T13:18:07Z</time>
				<ele>-20000.000000</ele>
				<extensions>
					<ns3:TrackPointExtension>
						<ns3:hr>183</ns3:hr>
						<ns3:speed>2.433090</ns3:speed>
						<ns3:cad>81</ns3:cad>
					</ns3:TrackPointExtension>
				</extensions>
			</trkpt>
			<trkpt lat="-6.452732" lon="-35.676174">
				<time>2025-10-26T13:18:08Z</time>
				<ele>-20000.000000</ele>
				<extensions>
					<ns3:TrackPointExtension>
						<ns3:hr>184</ns3:hr>
						<ns3:speed>2.336450</ns3:speed>
						<ns3:cad>81</ns3:cad>
					</ns3:TrackPointExtension>
				</extensions>
			</trkpt>
			<trkpt lat="-6.452739" lon="-35.676167">
				<time>2025-10-26T13:18:09Z</time>
				<ele>-20000.000000</ele>
				<extensions>
					<ns3:TrackPointExtension>
						<ns3:hr>184</ns3:hr>
						<ns3:speed>2.283110</ns3:speed>
						<ns3:cad>82</ns3:cad>
					</ns3:TrackPointExtension>
				</extensions>
			</trkpt>
			<trkpt lat="-6.452741" lon="-35.676158">
				<time>2025-10-26T13:18:10Z</time>
				<ele>-20000.000000</ele>
				<extensions>
					<ns3:TrackPointExtension>
						<ns3:hr>184</ns3:hr>
						<ns3:speed>2.247190</ns3:speed>
						<ns3:cad>87</ns3:cad>
					</ns3:TrackPointExtension>
				</extensions>
			</trkpt>
			<trkpt lat="-6.452741" lon="-35.676149">
				<time>2025-10-26T13:18:11Z</time>
				<ele>-20000.000000</ele>
				<extensions>
					<ns3:TrackPointExtension>
						<ns3:hr>184</ns3:hr>
						<ns3:speed>2.066120</ns3:speed>
						<ns3:cad>92</ns3:cad>
					</ns3:TrackPointExtension>
				</extensions>
			</trkpt>
			<trkpt lat="-6.452738" lon="-35.676137">
				<time>2025-10-26T13:18:12Z</time>
				<ele>-20000.000000</ele>
				<extensions>
					<ns3:TrackPointExtension>
						<ns3:hr>184</ns3:hr>
						<ns3:speed>1.724140</ns3:speed>
						<ns3:cad>95</ns3:cad>
					</ns3:TrackPointExtension>
				</extensions>
			</trkpt>
			<trkpt lat="-6.452734" lon="-35.676124">
				<time>2025-10-26T13:18:13Z</time>
				<ele>-20000.000000</ele>
				<extensions>
					<ns3:TrackPointExtension>
						<ns3:hr>184</ns3:hr>
						<ns3:speed>1.386960</ns3:speed>
						<ns3:cad>95</ns3:cad>
					</ns3:TrackPointExtension>
				</extensions>
			</trkpt>
			<trkpt lat="-6.452728" lon="-35.676110">
				<time>2025-10-26T13:18:14Z</time>
				<ele>-20000.000000</ele>
				<extensions>
					<ns3:TrackPointExtension>
						<ns3:hr>185</ns3:hr>
						<ns3:speed>1.228500</ns3:speed>
						<ns3:cad>62</ns3:cad>
					</ns3:TrackPointExtension>
				</extensions>
			</trkpt>
			<trkpt lat="-6.452723" lon="-35.676096">
				<time>2025-10-26T13:18:15Z</time>
				<ele>-20000.000000</ele>
				<extensions>
					<ns3:TrackPointExtension>
						<ns3:hr>186</ns3:hr>
						<ns3:speed>1.228500</ns3:speed>
						<ns3:cad>58</ns3:cad>
					</ns3:TrackPointExtension>
				</extensions>
			</trkpt>
			<trkpt lat="-6.452717" lon="-35.676080">
				<time>2025-10-26T13:18:16Z</time>
				<ele>-20000.000000</ele>
				<extensions>
					<ns3:TrackPointExtension>
						<ns3:hr>187</ns3:hr>
						<ns3:speed>1.257860</ns3:speed>
						<ns3:cad>58</ns3:cad>
					</ns3:TrackPointExtension>
				</extensions>
			</trkpt>
			<trkpt lat="-6.452712" lon="-35.676064">
				<time>2025-10-26T13:18:17Z</time>
				<ele>-20000.000000</ele>
				<extensions>
					<ns3:TrackPointExtension>
						<ns3:hr>187</ns3:hr>
						<ns3:speed>1.355010</ns3:speed>
						<ns3:cad>57</ns3:cad>
					</ns3:TrackPointExtension>
				</extensions>
			</trkpt>
			<trkpt lat="-6.452706" lon="-35.676044">
				<time>2025-10-26T13:18:19Z</time>
				<ele>-20000.000000</ele>
				<extensions>
					<ns3:TrackPointExtension>
						<ns3:hr>186</ns3:hr>
						<ns3:speed>1.577290</ns3:speed>
						<ns3:cad>56</ns3:cad>
					</ns3:TrackPointExtension>
				</extensions>
			</trkpt>
			<trkpt lat="-6.452700" lon="-35.676023">
				<time>2025-10-26T13:18:20Z</time>
				<ele>-20000.000000</ele>
				<extensions>
					<ns3:TrackPointExtension>
						<ns3:hr>186</ns3:hr>
						<ns3:speed>1.644740</ns3:speed>
						<ns3:cad>58</ns3:cad>
					</ns3:TrackPointExtension>
				</extensions>
			</trkpt>
			<trkpt lat="-6.452693" lon="-35.676000">
				<time>2025-10-26T13:18:21Z</time>
				<ele>-20000.000000</ele>
				<extensions>
					<ns3:TrackPointExtension>
						<ns3:hr>185</ns3:hr>
						<ns3:speed>1.769910</ns3:speed>
						<ns3:cad>58</ns3:cad>
					</ns3:TrackPointExtension>
				</extensions>
			</trkpt>
			<trkpt lat="-6.452686" lon="-35.675976">
				<time>2025-10-26T13:18:21Z</time>
				<ele>-20000.000000</ele>
				<extensions>
					<ns3:TrackPointExtension>
						<ns3:hr>185</ns3:hr>
						<ns3:speed>1.769910</ns3:speed>
						<ns3:cad>58</ns3:cad>
					</ns3:TrackPointExtension>
				</extensions>
			</trkpt>
			<trkpt lat="-6.452679" lon="-35.675950">
				<time>2025-10-26T13:18:22Z</time>
				<ele>-20000.000000</ele>
				<extensions>
					<ns3:TrackPointExtension>
						<ns3:hr>185</ns3:hr>
						<ns3:speed>2.020200</ns3:speed>
						<ns3:cad>59</ns3:cad>
					</ns3:TrackPointExtension>
				</extensions>
			</trkpt>
			<trkpt lat="-6.452671" lon="-35.675924">
				<time>2025-10-26T13:18:24Z</time>
				<ele>-20000.000000</ele>
				<extensions>
					<ns3:TrackPointExtension>
						<ns3:hr>185</ns3:hr>
						<ns3:speed>2.570690</ns3:speed>
						<ns3:cad>81</ns3:cad>
					</ns3:TrackPointExtension>
				</extensions>
			</trkpt>
			<trkpt lat="-6.452660" lon="-35.675895">
				<time>2025-10-26T13:18:25Z</time>
				<ele>-20000.000000</ele>
				<extensions>
					<ns3:TrackPointExtension>
						<ns3:hr>184</ns3:hr>
						<ns3:speed>2.747250</ns3:speed>
						<ns3:cad>81</ns3:cad>
					</ns3:TrackPointExtension>
				</extensions>
			</trkpt>
			<trkpt lat="-6.452644" lon="-35.675867">
				<time>2025-10-26T13:18:26Z</time>
				<ele>-20000.000000</ele>
				<extensions>
					<ns3:TrackPointExtension>
						<ns3:hr>184</ns3:hr>
						<ns3:speed>2.898550</ns3:speed>
						<ns3:cad>82</ns3:cad>
					</ns3:TrackPointExtension>
				</extensions>
			</trkpt>
			<trkpt lat="-6.452627" lon="-35.675837">
				<time>2025-10-26T13:18:27Z</time>
				<ele>-20000.000000</ele>
				<extensions>
					<ns3:TrackPointExtension>
						<ns3:hr>184</ns3:hr>
						<ns3:speed>3.058100</ns3:speed>
						<ns3:cad>82</ns3:cad>
					</ns3:TrackPointExtension>
				</extensions>
			</trkpt>
			<trkpt lat="-6.452610" lon="-35.675807">
				<time>2025-10-26T13:18:28Z</time>
				<ele>-20000.000000</ele>
				<extensions>
					<ns3:TrackPointExtension>
						<ns3:hr>184</ns3:hr>
						<ns3:speed>3.225810</ns3:speed>
						<ns3:cad>83</ns3:cad>
					</ns3:TrackPointExtension>
				</extensions>
			</trkpt>
			<trkpt lat="-6.452594" lon="-35.675778">
				<time>2025-10-26T13:18:29Z</time>
				<ele>-20000.000000</ele>
				<extensions>
					<ns3:TrackPointExtension>
						<ns3:hr>184</ns3:hr>
						<ns3:speed>3.355700</ns3:speed>
						<ns3:cad>83</ns3:cad>
					</ns3:TrackPointExtension>
				</extensions>
			</trkpt>
			<trkpt lat="-6.452578" lon="-35.675750">
				<time>2025-10-26T13:18:30Z</time>
				<ele>-20000.000000</ele>
				<extensions>
					<ns3:TrackPointExtension>
						<ns3:hr>184</ns3:hr>
						<ns3:speed>3.424660</ns3:speed>
						<ns3:cad>83</ns3:cad>
					</ns3:TrackPointExtension>
				</extensions>
			</trkpt>
			<trkpt lat="-6.452563" lon="-35.675722">
				<time>2025-10-26T13:18:31Z</time>
				<ele>-20000.000000</ele>
				<extensions>
					<ns3:TrackPointExtension>
						<ns3:hr>183</ns3:hr>
						<ns3:speed>3.448280</ns3:speed>
						<ns3:cad>82</ns3:cad>
					</ns3:TrackPointExtension>
				</extensions>
			</trkpt>
			<trkpt lat="-6.452546" lon="-35.675694">
				<time>2025-10-26T13:18:32Z</time>
				<ele>-20000.000000</ele>
				<extensions>
					<ns3:TrackPointExtension>
						<ns3:hr>183</ns3:hr>
						<ns3:speed>3.448280</ns3:speed>
						<ns3:cad>81</ns3:cad>
					</ns3:TrackPointExtension>
				</extensions>
			</trkpt>
			<trkpt lat="-6.452530" lon="-35.675666">
				<time>2025-10-26T13:18:33Z</time>
				<ele>-20000.000000</ele>
				<extensions>
					<ns3:TrackPointExtension>
						<ns3:hr>183</ns3:hr>
						<ns3:speed>3.460210</ns3:speed>
						<ns3:cad>81</ns3:cad>
					</ns3:TrackPointExtension>
				</extensions>
			</trkpt>
			<trkpt lat="-6.452517" lon="-35.675637">
				<time>2025-10-26T13:18:34Z</time>
				<ele>-20000.000000</ele>
				<extensions>
					<ns3:TrackPointExtension>
						<ns3:hr>183</ns3:hr>
						<ns3:speed>3.460210</ns3:speed>
						<ns3:cad>79</ns3:cad>
					</ns3:TrackPointExtension>
				</extensions>
			</trkpt>
			<trkpt lat="-6.452506" lon="-35.675607">
				<time>2025-10-26T13:18:35Z</time>
				<ele>-20000.000000</ele>
				<extensions>
					<ns3:TrackPointExtension>
						<ns3:hr>183</ns3:hr>
						<ns3:speed>3.448280</ns3:speed>
						<ns3:cad>79</ns3:cad>
					</ns3:TrackPointExtension>
				</extensions>
			</trkpt>
			<trkpt lat="-6.452496" lon="-35.675577">
				<time>2025-10-26T13:18:36Z</time>
				<ele>-20000.000000</ele>
				<extensions>
					<ns3:TrackPointExtension>
						<ns3:hr>182</ns3:hr>
						<ns3:speed>3.436430</ns3:speed>
						<ns3:cad>79</ns3:cad>
					</ns3:TrackPointExtension>
				</extensions>
			</trkpt>
			<trkpt lat="-6.452486" lon="-35.675546">
				<time>2025-10-26T13:18:37Z</time>
				<ele>-20000.000000</ele>
				<extensions>
					<ns3:TrackPointExtension>
						<ns3:hr>182</ns3:hr>
						<ns3:speed>3.436430</ns3:speed>
						<ns3:cad>80</ns3:cad>
					</ns3:TrackPointExtension>
				</extensions>
			</trkpt>
			<trkpt lat="-6.452475" lon="-35.675514">
				<time>2025-10-26T13:18:38Z</time>
				<ele>-20000.000000</ele>
				<extensions>
					<ns3:TrackPointExtension>
						<ns3:hr>182</ns3:hr>
						<ns3:speed>3.436430</ns3:speed>
						<ns3:cad>84</ns3:cad>
					</ns3:TrackPointExtension>
				</extensions>
			</trkpt>
			<trkpt lat="-6.452464" lon="-35.675484">
				<time>2025-10-26T13:18:39Z</time>
				<ele>-20000.000000</ele>
				<extensions>
					<ns3:TrackPointExtension>
						<ns3:hr>182</ns3:hr>
						<ns3:speed>3.436430</ns3:speed>
						<ns3:cad>82</ns3:cad>
					</ns3:TrackPointExtension>
				</extensions>
			</trkpt>
			<trkpt lat="-6.452452" lon="-35.675451">
				<time>2025-10-26T13:18:40Z</time>
				<ele>-20000.000000</ele>
				<extensions>
					<ns3:TrackPointExtension>
						<ns3:hr>181</ns3:hr>
						<ns3:speed>3.448280</ns3:speed>
						<ns3:cad>82</ns3:cad>
					</ns3:TrackPointExtension>
				</extensions>
			</trkpt>
			<trkpt lat="-6.452441" lon="-35.675419">
				<time>2025-10-26T13:18:41Z</time>
				<ele>-20000.000000</ele>
				<extensions>
					<ns3:TrackPointExtension>
						<ns3:hr>181</ns3:hr>
						<ns3:speed>3.460210</ns3:speed>
						<ns3:cad>82</ns3:cad>
					</ns3:TrackPointExtension>
				</extensions>
			</trkpt>
			<trkpt lat="-6.452430" lon="-35.675387">
				<time>2025-10-26T13:18:42Z</time>
				<ele>-20000.000000</ele>
				<extensions>
					<ns3:TrackPointExtension>
						<ns3:hr>181</ns3:hr>
						<ns3:speed>3.496500</ns3:speed>
						<ns3:cad>81</ns3:cad>
					</ns3:TrackPointExtension>
				</extensions>
			</trkpt>
			<trkpt lat="-6.452421" lon="-35.675357">
				<time>2025-10-26T13:18:43Z</time>
				<ele>-20000.000000</ele>
				<extensions>
					<ns3:TrackPointExtension>
						<ns3:hr>181</ns3:hr>
						<ns3:speed>3.508770</ns3:speed>
						<ns3:cad>81</ns3:cad>
					</ns3:TrackPointExtension>
				</extensions>
			</trkpt>
			<trkpt lat="-6.452416" lon="-35.675328">
				<time>2025-10-26T13:18:44Z</time>
				<ele>-20000.000000</ele>
				<extensions>
					<ns3:TrackPointExtension>
						<ns3:hr>180</ns3:hr>
						<ns3:speed>3.508770</ns3:speed>
						<ns3:cad>81</ns3:cad>
					</ns3:TrackPointExtension>
				</extensions>
			</trkpt>
			<trkpt lat="-6.452414" lon="-35.675301">
				<time>2025-10-26T13:18:45Z</time>
				<ele>-20000.000000</ele>
				<extensions>
					<ns3:TrackPointExtension>
						<ns3:hr>181</ns3:hr>
						<ns3:speed>3.496500</ns3:speed>
						<ns3:cad>81</ns3:cad>
					</ns3:TrackPointExtension>
				</extensions>
			</trkpt>
			<trkpt lat="-6.452415" lon="-35.675278">
				<time>2025-10-26T13:18:46Z</time>
				<ele>-20000.000000</ele>
				<extensions>
					<ns3:TrackPointExtension>
						<ns3:hr>181</ns3:hr>
						<ns3:speed>3.460210</ns3:speed>
						<ns3:cad>81</ns3:cad>
					</ns3:TrackPointExtension>
				</extensions>
			</trkpt>
			<trkpt lat="-6.452420" lon="-35.675254">
				<time>2025-10-26T13:18:47Z</time>
				<ele>-20000.000000</ele>
				<extensions>
					<ns3:TrackPointExtension>
						<ns3:hr>181</ns3:hr>
						<ns3:speed>3.389830</ns3:speed>
						<ns3:cad>81</ns3:cad>
					</ns3:TrackPointExtension>
				</extensions>
			</trkpt>
			<trkpt lat="-6.452429" lon="-35.675231">
				<time>2025-10-26T13:18:48Z</time>
				<ele>-20000.000000</ele>
				<extensions>
					<ns3:TrackPointExtension>
						<ns3:hr>181</ns3:hr>
						<ns3:speed>3.257330</ns3:speed>
						<ns3:cad>81</ns3:cad>
					</ns3:TrackPointExtension>
				</extensions>
			</trkpt>
			<trkpt lat="-6.452438" lon="-35.675210">
				<time>2025-10-26T13:18:49Z</time>
				<ele>-20000.000000</ele>
				<extensions>
					<ns3:TrackPointExtension>
						<ns3:hr>180</ns3:hr>
						<ns3:speed>3.115260</ns3:speed>
						<ns3:cad>81</ns3:cad>
					</ns3:TrackPointExtension>
				</extensions>
			</trkpt>
			<trkpt lat="-6.452445" lon="-35.675188">
				<time>2025-10-26T13:18:50Z</time>
				<ele>-20000.000000</ele>
				<extensions>
					<ns3:TrackPointExtension>
						<ns3:hr>180</ns3:hr>
						<ns3:speed>2.985070</ns3:speed>
						<ns3:cad>81</ns3:cad>
					</ns3:TrackPointExtension>
				</extensions>
			</trkpt>
			<trkpt lat="-6.452451" lon="-35.675163">
				<time>2025-10-26T13:18:51Z</time>
				<ele>-20000.000000</ele>
				<extensions>
					<ns3:TrackPointExtension>
						<ns3:hr>181</ns3:hr>
						<ns3:speed>2.923980</ns3:speed>
						<ns3:cad>81</ns3:cad>
					</ns3:TrackPointExtension>
				</extensions>
			</trkpt>
			<trkpt lat="-6.452456" lon="-35.675136">
				<time>2025-10-26T13:18:52Z</time>
				<ele>-20000.000000</ele>
				<extensions>
					<ns3:TrackPointExtension>
						<ns3:hr>181</ns3:hr>
						<ns3:speed>2.923980</ns3:speed>
						<ns3:cad>80</ns3:cad>
					</ns3:TrackPointExtension>
				</extensions>
			</trkpt>
			<trkpt lat="-6.452463" lon="-35.675109">
				<time>2025-10-26T13:18:53Z</time>
				<ele>-20000.000000</ele>
				<extensions>
					<ns3:TrackPointExtension>
						<ns3:hr>181</ns3:hr>
						<ns3:speed>2.949850</ns3:speed>
						<ns3:cad>80</ns3:cad>
					</ns3:TrackPointExtension>
				</extensions>
			</trkpt>
			<trkpt lat="-6.452469" lon="-35.675083">
				<time>2025-10-26T13:18:54Z</time>
				<ele>-20000.000000</ele>
				<extensions>
					<ns3:TrackPointExtension>
						<ns3:hr>182</ns3:hr>
						<ns3:speed>2.967360</ns3:speed>
						<ns3:cad>81</ns3:cad>
					</ns3:TrackPointExtension>
				</extensions>
			</trkpt>
			<trkpt lat="-6.452476" lon="-35.675054">
				<time>2025-10-26T13:18:55Z</time>
				<ele>-20000.000000</ele>
				<extensions>
					<ns3:TrackPointExtension>
						<ns3:hr>182</ns3:hr>
						<ns3:speed>2.967360</ns3:speed>
						<ns3:cad>81</ns3:cad>
					</ns3:TrackPointExtension>
				</extensions>
			</trkpt>
			<trkpt lat="-6.452483" lon="-35.675028">
				<time>2025-10-26T13:18:56Z</time>
				<ele>-20000.000000</ele>
				<extensions>
					<ns3:TrackPointExtension>
						<ns3:hr>182</ns3:hr>
						<ns3:speed>2.967360</ns3:speed>
						<ns3:cad>81</ns3:cad>
					</ns3:TrackPointExtension>
				</extensions>
			</trkpt>
			<trkpt lat="-6.452488" lon="-35.675001">
				<time>2025-10-26T13:18:57Z</time>
				<ele>-20000.000000</ele>
				<extensions>
					<ns3:TrackPointExtension>
						<ns3:hr>181</ns3:hr>
						<ns3:speed>2.967360</ns3:speed>
						<ns3:cad>81</ns3:cad>
					</ns3:TrackPointExtension>
				</extensions>
			</trkpt>
			<trkpt lat="-6.452492" lon="-35.674973">
				<time>2025-10-26T13:18:58Z</time>
				<ele>-20000.000000</ele>
				<extensions>
					<ns3:TrackPointExtension>
						<ns3:hr>181</ns3:hr>
						<ns3:speed>2.967360</ns3:speed>
						<ns3:cad>81</ns3:cad>
					</ns3:TrackPointExtension>
				</extensions>
			</trkpt>
			<trkpt lat="-6.452496" lon="-35.674944">
				<time>2025-10-26T13:18:59Z</time>
				<ele>-20000.000000</ele>
				<extensions>
					<ns3:TrackPointExtension>
						<ns3:hr>181</ns3:hr>
						<ns3:speed>2.976190</ns3:speed>
						<ns3:cad>81</ns3:cad>
					</ns3:TrackPointExtension>
				</extensions>
			</trkpt>
			<trkpt lat="-6.452503" lon="-35.674919">
				<time>2025-10-26T13:19:00Z</time>
				<ele>-20000.000000</ele>
				<extensions>
					<ns3:TrackPointExtension>
						<ns3:hr>181</ns3:hr>
						<ns3:speed>2.985070</ns3:speed>
						<ns3:cad>80</ns3:cad>
					</ns3:TrackPointExtension>
				</extensions>
			</trkpt>
			<trkpt lat="-6.452510" lon="-35.674901">
				<time>2025-10-26T13:19:01Z</time>
				<ele>-20000.000000</ele>
				<extensions>
					<ns3:TrackPointExtension>
						<ns3:hr>181</ns3:hr>
						<ns3:speed>2.985070</ns3:speed>
						<ns3:cad>79</ns3:cad>
					</ns3:TrackPointExtension>
				</extensions>
			</trkpt>
			<trkpt lat="-6.452516" lon="-35.674885">
				<time>2025-10-26T13:19:02Z</time>
				<ele>-20000.000000</ele>
				<extensions>
					<ns3:TrackPointExtension>
						<ns3:hr>180</ns3:hr>
						<ns3:speed>2.994010</ns3:speed>
						<ns3:cad>78</ns3:cad>
					</ns3:TrackPointExtension>
				</extensions>
			</trkpt>
			<trkpt lat="-6.452519" lon="-35.674872">
				<time>2025-10-26T13:19:03Z</time>
				<ele>-20000.000000</ele>
				<extensions>
					<ns3:TrackPointExtension>
						<ns3:hr>180</ns3:hr>
						<ns3:speed>2.890170</ns3:speed>
						<ns3:cad>78</ns3:cad>
					</ns3:TrackPointExtension>
				</extensions>
			</trkpt>
			<trkpt lat="-6.452522" lon="-35.674860">
				<time>2025-10-26T13:19:04Z</time>
				<ele>-20000.000000</ele>
				<extensions>
					<ns3:TrackPointExtension>
						<ns3:hr>180</ns3:hr>
						<ns3:speed>2.544530</ns3:speed>
						<ns3:cad>78</ns3:cad>
					</ns3:TrackPointExtension>
				</extensions>
			</trkpt>
			<trkpt lat="-6.452527" lon="-35.674847">
				<time>2025-10-26T13:19:05Z</time>
				<ele>-20000.000000</ele>
				<extensions>
					<ns3:TrackPointExtension>
						<ns3:hr>180</ns3:hr>
						<ns3:speed>2.036660</ns3:speed>
						<ns3:cad>77</ns3:cad>
					</ns3:TrackPointExtension>
				</extensions>
			</trkpt>
			<trkpt lat="-6.452531" lon="-35.674836">
				<time>2025-10-26T13:19:06Z</time>
				<ele>-20000.000000</ele>
				<extensions>
					<ns3:TrackPointExtension>
						<ns3:hr>180</ns3:hr>
						<ns3:speed>1.663890</ns3:speed>
						<ns3:cad>76</ns3:cad>
					</ns3:TrackPointExtension>
				</extensions>
			</trkpt>
			<trkpt lat="-6.452535" lon="-35.674826">
				<time>2025-10-26T13:19:07Z</time>
				<ele>-20000.000000</ele>
				<extensions>
					<ns3:TrackPointExtension>
						<ns3:hr>180</ns3:hr>
						<ns3:speed>1.497010</ns3:speed>
						<ns3:cad>76</ns3:cad>
					</ns3:TrackPointExtension>
				</extensions>
			</trkpt>
			<trkpt lat="-6.452540" lon="-35.674816">
				<time>2025-10-26T13:19:08Z</time>
				<ele>-20000.000000</ele>
				<extensions>
					<ns3:TrackPointExtension>
						<ns3:hr>181</ns3:hr>
						<ns3:speed>1.420450</ns3:speed>
						<ns3:cad>76</ns3:cad>
					</ns3:TrackPointExtension>
				</extensions>
			</trkpt>
			<trkpt lat="-6.452544" lon="-35.674807">
				<time>2025-10-26T13:19:09Z</time>
				<ele>-20000.000000</ele>
				<extensions>
					<ns3:TrackPointExtension>
						<ns3:hr>180</ns3:hr>
						<ns3:speed>1.358700</ns3:speed>
						<ns3:cad>57</ns3:cad>
					</ns3:TrackPointExtension>
				</extensions>
			</trkpt>
			<trkpt lat="-6.452549" lon="-35.674797">
				<time>2025-10-26T13:19:10Z</time>
				<ele>-20000.000000</ele>
				<extensions>
					<ns3:TrackPointExtension>
						<ns3:hr>180</ns3:hr>
						<ns3:speed>1.288660</ns3:speed>
						<ns3:cad>57</ns3:cad>
					</ns3:TrackPointExtension>
				</extensions>
			</trkpt>
			<trkpt lat="-6.452553" lon="-35.674785">
				<time>2025-10-26T13:19:11Z</time>
				<ele>-20000.000000</ele>
				<extensions>
					<ns3:TrackPointExtension>
						<ns3:hr>179</ns3:hr>
						<ns3:speed>1.264220</ns3:speed>
						<ns3:cad>58</ns3:cad>
					</ns3:TrackPointExtension>
				</extensions>
			</trkpt>
			<trkpt lat="-6.452558" lon="-35.674772">
				<time>2025-10-26T13:19:12Z</time>
				<ele>-20000.000000</ele>
				<extensions>
					<ns3:TrackPointExtension>
						<ns3:hr>181</ns3:hr>
						<ns3:speed>1.264220</ns3:speed>
						<ns3:cad>58</ns3:cad>
					</ns3:TrackPointExtension>
				</extensions>
			</trkpt>
			<trkpt lat="-6.452563" lon="-35.674757">
				<time>2025-10-26T13:19:13Z</time>
				<ele>-20000.000000</ele>
				<extensions>
					<ns3:TrackPointExtension>
						<ns3:hr>181</ns3:hr>
						<ns3:speed>1.246880</ns3:speed>
						<ns3:cad>58</ns3:cad>
					</ns3:TrackPointExtension>
				</extensions>
			</trkpt>
			<trkpt lat="-6.452570" lon="-35.674738">
				<time>2025-10-26T13:19:14Z</time>
				<ele>-20000.000000</ele>
				<extensions>
					<ns3:TrackPointExtension>
						<ns3:hr>181</ns3:hr>
						<ns3:speed>1.264220</ns3:speed>
						<ns3:cad>58</ns3:cad>
					</ns3:TrackPointExtension>
				</extensions>
			</trkpt>
			<trkpt lat="-6.452578" lon="-35.674716">
				<time>2025-10-26T13:19:15Z</time>
				<ele>-20000.000000</ele>
				<extensions>
					<ns3:TrackPointExtension>
						<ns3:hr>182</ns3:hr>
						<ns3:speed>1.345900</ns3:speed>
						<ns3:cad>79</ns3:cad>
					</ns3:TrackPointExtension>
				</extensions>
			</trkpt>
			<trkpt lat="-6.452588" lon="-35.674693">
				<time>2025-10-26T13:19:16Z</time>
				<ele>-20000.000000</ele>
				<extensions>
					<ns3:TrackPointExtension>
						<ns3:hr>182</ns3:hr>
						<ns3:speed>1.545600</ns3:speed>
						<ns3:cad>79</ns3:cad>
					</ns3:TrackPointExtension>
				</extensions>
			</trkpt>
			<trkpt lat="-6.452598" lon="-35.674668">
				<time>2025-10-26T13:19:17Z</time>
				<ele>-20000.000000</ele>
				<extensions>
					<ns3:TrackPointExtension>
						<ns3:hr>181</ns3:hr>
						<ns3:speed>1.876170</ns3:speed>
						<ns3:cad>79</ns3:cad>
					</ns3:TrackPointExtension>
				</extensions>
			</trkpt>
			<trkpt lat="-6.452609" lon="-35.674642">
				<time>2025-10-26T13:19:18Z</time>
				<ele>-20000.000000</ele>
				<extensions>
					<ns3:TrackPointExtension>
						<ns3:hr>180</ns3:hr>
						<ns3:speed>2.257340</ns3:speed>
						<ns3:cad>78</ns3:cad>
					</ns3:TrackPointExtension>
				</extensions>
			</trkpt>
			<trkpt lat="-6.452621" lon="-35.674616">
				<time>2025-10-26T13:19:19Z</time>
				<ele>-20000.000000</ele>
				<extensions>
					<ns3:TrackPointExtension>
						<ns3:hr>180</ns3:hr>
						<ns3:speed>2.551020</ns3:speed>
						<ns3:cad>78</ns3:cad>
					</ns3:TrackPointExtension>
				</extensions>
			</trkpt>
			<trkpt lat="-6.452631" lon="-35.674591">
				<time>2025-10-26T13:19:20Z</time>
				<ele>-20000.000000</ele>
				<extensions>
					<ns3:TrackPointExtension>
						<ns3:hr>180</ns3:hr>
						<ns3:speed>2.724800</ns3:speed>
						<ns3:cad>78</ns3:cad>
					</ns3:TrackPointExtension>
				</extensions>
			</trkpt>
			<trkpt lat="-6.452638" lon="-35.674568">
				<time>2025-10-26T13:19:21Z</time>
				<ele>-20000.000000</ele>
				<extensions>
					<ns3:TrackPointExtension>
						<ns3:hr>180</ns3:hr>
						<ns3:speed>2.808990</ns3:speed>
						<ns3:cad>78</ns3:cad>
					</ns3:TrackPointExtension>
				</extensions>
			</trkpt>
			<trkpt lat="-6.452643" lon="-35.674546">
				<time>2025-10-26T13:19:22Z</time>
				<ele>-20000.000000</ele>
				<extensions>
					<ns3:TrackPointExtension>
						<ns3:hr>179</ns3:hr>
						<ns3:speed>2.808990</ns3:speed>
						<ns3:cad>78</ns3:cad>
					</ns3:TrackPointExtension>
				</extensions>
			</trkpt>
			<trkpt lat="-6.452646" lon="-35.674524">
				<time>2025-10-26T13:19:23Z</time>
				<ele>-20000.000000</ele>
				<extensions>
					<ns3:TrackPointExtension>
						<ns3:hr>179</ns3:hr>
						<ns3:speed>2.793300</ns3:speed>
						<ns3:cad>78</ns3:cad>
					</ns3:TrackPointExtension>
				</extensions>
			</trkpt>
			<trkpt lat="-6.452649" lon="-35.674503">
				<time>2025-10-26T13:19:24Z</time>
				<ele>-20000.000000</ele>
				<extensions>
					<ns3:TrackPointExtension>
						<ns3:hr>179</ns3:hr>
						<ns3:speed>2.747250</ns3:speed>
						<ns3:cad>79</ns3:cad>
					</ns3:TrackPointExtension>
				</extensions>
			</trkpt>
			<trkpt lat="-6.452651" lon="-35.674484">
				<time>2025-10-26T13:19:25Z</time>
				<ele>-20000.000000</ele>
				<extensions>
					<ns3:TrackPointExtension>
						<ns3:hr>178</ns3:hr>
						<ns3:speed>2.638520</ns3:speed>
						<ns3:cad>79</ns3:cad>
					</ns3:TrackPointExtension>
				</extensions>
			</trkpt>
			<trkpt lat="-6.452654" lon="-35.674465">
				<time>2025-10-26T13:19:26Z</time>
				<ele>-20000.000000</ele>
				<extensions>
					<ns3:TrackPointExtension>
						<ns3:hr>178</ns3:hr>
						<ns3:speed>2.544530</ns3:speed>
						<ns3:cad>79</ns3:cad>
					</ns3:TrackPointExtension>
				</extensions>
			</trkpt>
			<trkpt lat="-6.452655" lon="-35.674449">
				<time>2025-10-26T13:19:27Z</time>
				<ele>-20000.000000</ele>
				<extensions>
					<ns3:TrackPointExtension>
						<ns3:hr>179</ns3:hr>
						<ns3:speed>2.352940</ns3:speed>
						<ns3:cad>79</ns3:cad>
					</ns3:TrackPointExtension>
				</extensions>
			</trkpt>
			<trkpt lat="-6.452655" lon="-35.674435">
				<time>2025-10-26T13:19:28Z</time>
				<ele>-20000.000000</ele>
				<extensions>
					<ns3:TrackPointExtension>
						<ns3:hr>180</ns3:hr>
						<ns3:speed>2.159830</ns3:speed>
						<ns3:cad>79</ns3:cad>
					</ns3:TrackPointExtension>
				</extensions>
			</trkpt>
			<trkpt lat="-6.452654" lon="-35.674421">
				<time>2025-10-26T13:19:29Z</time>
				<ele>-20000.000000</ele>
				<extensions>
					<ns3:TrackPointExtension>
						<ns3:hr>178</ns3:hr>
						<ns3:speed>1.964640</ns3:speed>
						<ns3:cad>79</ns3:cad>
					</ns3:TrackPointExtension>
				</extensions>
			</trkpt>
			<trkpt lat="-6.452653" lon="-35.674405">
				<time>2025-10-26T13:19:30Z</time>
				<ele>-20000.000000</ele>
				<extensions>
					<ns3:TrackPointExtension>
						<ns3:hr>178</ns3:hr>
						<ns3:speed>1.824820</ns3:speed>
						<ns3:cad>78</ns3:cad>
					</ns3:TrackPointExtension>
				</extensions>
			</trkpt>
			<trkpt lat="-6.452655" lon="-35.674388">
				<time>2025-10-26T13:19:31Z</time>
				<ele>-20000.000000</ele>
				<extensions>
					<ns3:TrackPointExtension>
						<ns3:hr>178</ns3:hr>
						<ns3:speed>1.748250</ns3:speed>
						<ns3:cad>76</ns3:cad>
					</ns3:TrackPointExtension>
				</extensions>
			</trkpt>
			<trkpt lat="-6.452658" lon="-35.674371">
				<time>2025-10-26T13:19:32Z</time>
				<ele>-20000.000000</ele>
				<extensions>
					<ns3:TrackPointExtension>
						<ns3:hr>177</ns3:hr>
						<ns3:speed>1.655630</ns3:speed>
						<ns3:cad>73</ns3:cad>
					</ns3:TrackPointExtension>
				</extensions>
			</trkpt>
			<trkpt lat="-6.452664" lon="-35.674356">
				<time>2025-10-26T13:19:33Z</time>
				<ele>-20000.000000</ele>
				<extensions>
					<ns3:TrackPointExtension>
						<ns3:hr>177</ns3:hr>
						<ns3:speed>1.626020</ns3:speed>
						<ns3:cad>66</ns3:cad>
					</ns3:TrackPointExtension>
				</extensions>
			</trkpt>
			<trkpt lat="-6.452670" lon="-35.674341">
				<time>2025-10-26T13:19:34Z</time>
				<ele>-20000.000000</ele>
				<extensions>
					<ns3:TrackPointExtension>
						<ns3:hr>178</ns3:hr>
						<ns3:speed>1.612900</ns3:speed>
						<ns3:cad>61</ns3:cad>
					</ns3:TrackPointExtension>
				</extensions>
			</trkpt>
			<trkpt lat="-6.452673" lon="-35.674328">
				<time>2025-10-26T13:19:35Z</time>
				<ele>-20000.000000</ele>
				<extensions>
					<ns3:TrackPointExtension>
						<ns3:hr>175</ns3:hr>
						<ns3:speed>1.628660</ns3:speed>
						<ns3:cad>58</ns3:cad>
					</ns3:TrackPointExtension>
				</extensions>
			</trkpt>
			<trkpt lat="-6.452677" lon="-35.674313">
				<time>2025-10-26T13:19:36Z</time>
				<ele>-20000.000000</ele>
				<extensions>
					<ns3:TrackPointExtension>
						<ns3:hr>175</ns3:hr>
						<ns3:speed>1.628660</ns3:speed>
						<ns3:cad>58</ns3:cad>
					</ns3:TrackPointExtension>
				</extensions>
			</trkpt>
			<trkpt lat="-6.452680" lon="-35.674298">
				<time>2025-10-26T13:19:37Z</time>
				<ele>-20000.000000</ele>
				<extensions>
					<ns3:TrackPointExtension>
						<ns3:hr>175</ns3:hr>
						<ns3:speed>1.607720</ns3:speed>
						<ns3:cad>57</ns3:cad>
					</ns3:TrackPointExtension>
				</extensions>
			</trkpt>
			<trkpt lat="-6.452684" lon="-35.674283">
				<time>2025-10-26T13:19:38Z</time>
				<ele>-20000.000000</ele>
				<extensions>
					<ns3:TrackPointExtension>
						<ns3:hr>175</ns3:hr>
						<ns3:speed>1.582280</ns3:speed>
						<ns3:cad>57</ns3:cad>
					</ns3:TrackPointExtension>
				</extensions>
			</trkpt>
			<trkpt lat="-6.452685" lon="-35.674267">
				<time>2025-10-26T13:19:39Z</time>
				<ele>-20000.000000</ele>
				<extensions>
					<ns3:TrackPointExtension>
						<ns3:hr>174</ns3:hr>
						<ns3:speed>1.577290</ns3:speed>
						<ns3:cad>58</ns3:cad>
					</ns3:TrackPointExtension>
				</extensions>
			</trkpt>
			<trkpt lat="-6.452687" lon="-35.674249">
				<time>2025-10-26T13:19:40Z</time>
				<ele>-20000.000000</ele>
				<extensions>
					<ns3:TrackPointExtension>
						<ns3:hr>174</ns3:hr>
						<ns3:speed>1.577290</ns3:speed>
						<ns3:cad>58</ns3:cad>
					</ns3:TrackPointExtension>
				</extensions>
			</trkpt>
			<trkpt lat="-6.452690" lon="-35.674232">
				<time>2025-10-26T13:19:41Z</time>
				<ele>-20000.000000</ele>
				<extensions>
					<ns3:TrackPointExtension>
						<ns3:hr>174</ns3:hr>
						<ns3:speed>1.582280</ns3:speed>
						<ns3:cad>58</ns3:cad>
					</ns3:TrackPointExtension>
				</extensions>
			</trkpt>
			<trkpt lat="-6.452695" lon="-35.674216">
				<time>2025-10-26T13:19:42Z</time>
				<ele>-20000.000000</ele>
				<extensions>
					<ns3:TrackPointExtension>
						<ns3:hr>174</ns3:hr>
						<ns3:speed>1.597440</ns3:speed>
						<ns3:cad>58</ns3:cad>
					</ns3:TrackPointExtension>
				</extensions>
			</trkpt>
			<trkpt lat="-6.452701" lon="-35.674198">
				<time>2025-10-26T13:19:43Z</time>
				<ele>-20000.000000</ele>
				<extensions>
					<ns3:TrackPointExtension>
						<ns3:hr>175</ns3:hr>
						<ns3:speed>1.508300</ns3:speed>
						<ns3:cad>76</ns3:cad>
					</ns3:TrackPointExtension>
				</extensions>
			</trkpt>
			<trkpt lat="-6.452707" lon="-35.674180">
				<time>2025-10-26T13:19:44Z</time>
				<ele>-20000.000000</ele>
				<extensions>
					<ns3:TrackPointExtension>
						<ns3:hr>175</ns3:hr>
						<ns3:speed>1.414430</ns3:speed>
						<ns3:cad>75</ns3:cad>
					</ns3:TrackPointExtension>
				</extensions>
			</trkpt>
			<trkpt lat="-6.452715" lon="-35.674160">
				<time>2025-10-26T13:19:45Z</time>
				<ele>-20000.000000</ele>
				<extensions>
					<ns3:TrackPointExtension>
						<ns3:hr>175</ns3:hr>
						<ns3:speed>1.443000</ns3:speed>
						<ns3:cad>75</ns3:cad>
					</ns3:TrackPointExtension>
				</extensions>
			</trkpt>
			<trkpt lat="-6.452723" lon="-35.674138">
				<time>2025-10-26T13:19:46Z</time>
				<ele>-20000.000000</ele>
				<extensions>
					<ns3:TrackPointExtension>
						<ns3:hr>175</ns3:hr>
						<ns3:speed>1.658370</ns3:speed>
						<ns3:cad>75</ns3:cad>
					</ns3:TrackPointExtension>
				</extensions>
			</trkpt>
			<trkpt lat="-6.452732" lon="-35.674114">
				<time>2025-10-26T13:19:47Z</time>
				<ele>-20000.000000</ele>
				<extensions>
					<ns3:TrackPointExtension>
						<ns3:hr>176</ns3:hr>
						<ns3:speed>1.941750</ns3:speed>
						<ns3:cad>75</ns3:cad>
					</ns3:TrackPointExtension>
				</extensions>
			</trkpt>
			<trkpt lat="-6.452740" lon="-35.674086">
				<time>2025-10-26T13:19:48Z</time>
				<ele>-20000.000000</ele>
				<extensions>
					<ns3:TrackPointExtension>
						<ns3:hr>177</ns3:hr>
						<ns3:speed>2.132200</ns3:speed>
						<ns3:cad>92</ns3:cad>
					</ns3:TrackPointExtension>
				</extensions>
			</trkpt>
			<trkpt lat="-6.452749" lon="-35.674058">
				<time>2025-10-26T13:19:49Z</time>
				<ele>-20000.000000</ele>
				<extensions>
					<ns3:TrackPointExtension>
						<ns3:hr>177</ns3:hr>
						<ns3:speed>2.341920</ns3:speed>
						<ns3:cad>92</ns3:cad>
					</ns3:TrackPointExtension>
				</extensions>
			</trkpt>
			<trkpt lat="-6.452760" lon="-35.674026">
				<time>2025-10-26T13:19:50Z</time>
				<ele>-20000.000000</ele>
				<extensions>
					<ns3:TrackPointExtension>
						<ns3:hr>177</ns3:hr>
						<ns3:speed>2.577320</ns3:speed>
						<ns3:cad>93</ns3:cad>
					</ns3:TrackPointExtension>
				</extensions>
			</trkpt>
			<trkpt lat="-6.452772" lon="-35.673992">
				<time>2025-10-26T13:19:51Z</time>
				<ele>-20000.000000</ele>
				<extensions>
					<ns3:TrackPointExtension>
						<ns3:hr>177</ns3:hr>
						<ns3:speed>2.832860</ns3:speed>
						<ns3:cad>93</ns3:cad>
					</ns3:TrackPointExtension>
				</extensions>
			</trkpt>
			<trkpt lat="-6.452785" lon="-35.673958">
				<time>2025-10-26T13:19:52Z</time>
				<ele>-20000.000000</ele>
				<extensions>
					<ns3:TrackPointExtension>
						<ns3:hr>177</ns3:hr>
						<ns3:speed>3.095980</ns3:speed>
						<ns3:cad>93</ns3:cad>
					</ns3:TrackPointExtension>
				</extensions>
			</trkpt>
			<trkpt lat="-6.452801" lon="-35.673920">
				<time>2025-10-26T13:19:53Z</time>
				<ele>-20000.000000</ele>
				<extensions>
					<ns3:TrackPointExtension>
						<ns3:hr>177</ns3:hr>
						<ns3:speed>3.344480</ns3:speed>
						<ns3:cad>92</ns3:cad>
					</ns3:TrackPointExtension>
				</extensions>
			</trkpt>
			<trkpt lat="-6.452818" lon="-35.673881">
				<time>2025-10-26T13:19:54Z</time>
				<ele>-20000.000000</ele>
				<extensions>
					<ns3:TrackPointExtension>
						<ns3:hr>177</ns3:hr>
						<ns3:speed>3.521130</ns3:speed>
						<ns3:cad>91</ns3:cad>
					</ns3:TrackPointExtension>
				</extensions>
			</trkpt>
			<trkpt lat="-6.452837" lon="-35.673841">
				<time>2025-10-26T13:19:55Z</time>
				<ele>-20000.000000</ele>
				<extensions>
					<ns3:TrackPointExtension>
						<ns3:hr>178</ns3:hr>
						<ns3:speed>3.378380</ns3:speed>
						<ns3:cad>91</ns3:cad>
					</ns3:TrackPointExtension>
				</extensions>
			</trkpt>
			<trkpt lat="-6.452857" lon="-35.673799">
				<time>2025-10-26T13:19:56Z</time>
				<ele>-20000.000000</ele>
				<extensions>
					<ns3:TrackPointExtension>
						<ns3:hr>179</ns3:hr>
						<ns3:speed>3.125000</ns3:speed>
						<ns3:cad>90</ns3:cad>
					</ns3:TrackPointExtension>
				</extensions>
			</trkpt>
			<trkpt lat="-6.452875" lon="-35.673760">
				<time>2025-10-26T13:19:57Z</time>
				<ele>-20000.000000</ele>
				<extensions>
					<ns3:TrackPointExtension>
						<ns3:hr>179</ns3:hr>
						<ns3:speed>3.184710</ns3:speed>
						<ns3:cad>89</ns3:cad>
					</ns3:TrackPointExtension>
				</extensions>
			</trkpt>
			<trkpt lat="-6.452891" lon="-35.673723">
				<time>2025-10-26T13:19:58Z</time>
				<ele>-20000.000000</ele>
				<extensions>
					<ns3:TrackPointExtension>
						<ns3:hr>179</ns3:hr>
						<ns3:speed>3.378380</ns3:speed>
						<ns3:cad>88</ns3:cad>
					</ns3:TrackPointExtension>
				</extensions>
			</trkpt>
			<trkpt lat="-6.452906" lon="-35.673688">
				<time>2025-10-26T13:19:59Z</time>
				<ele>-20000.000000</ele>
				<extensions>
					<ns3:TrackPointExtension>
						<ns3:hr>179</ns3:hr>
						<ns3:speed>3.472220</ns3:speed>
						<ns3:cad>87</ns3:cad>
					</ns3:TrackPointExtension>
				</extensions>
			</trkpt>
			<trkpt lat="-6.452919" lon="-35.673654">
				<time>2025-10-26T13:20:00Z</time>
				<ele>-20000.000000</ele>
				<extensions>
					<ns3:TrackPointExtension>
						<ns3:hr>180</ns3:hr>
						<ns3:speed>3.472220</ns3:speed>
						<ns3:cad>86</ns3:cad>
					</ns3:TrackPointExtension>
				</extensions>
			</trkpt>
			<trkpt lat="-6.452927" lon="-35.673624">
				<time>2025-10-26T13:20:01Z</time>
				<ele>-20000.000000</ele>
				<extensions>
					<ns3:TrackPointExtension>
						<ns3:hr>181</ns3:hr>
						<ns3:speed>3.745320</ns3:speed>
						<ns3:cad>84</ns3:cad>
					</ns3:TrackPointExtension>
				</extensions>
			</trkpt>
			<trkpt lat="-6.452927" lon="-35.673593">
				<time>2025-10-26T13:20:02Z</time>
				<ele>-20000.000000</ele>
				<extensions>
					<ns3:TrackPointExtension>
						<ns3:hr>181</ns3:hr>
						<ns3:speed>3.968250</ns3:speed>
						<ns3:cad>84</ns3:cad>
					</ns3:TrackPointExtension>
				</extensions>
			</trkpt>
			<trkpt lat="-6.452918" lon="-35.673563">
				<time>2025-10-26T13:20:03Z</time>
				<ele>-20000.000000</ele>
				<extensions>
					<ns3:TrackPointExtension>
						<ns3:hr>181</ns3:hr>
						<ns3:speed>3.816790</ns3:speed>
						<ns3:cad>83</ns3:cad>
					</ns3:TrackPointExtension>
				</extensions>
			</trkpt>
			<trkpt lat="-6.452898" lon="-35.673531">
				<time>2025-10-26T13:20:04Z</time>
				<ele>-20000.000000</ele>
				<extensions>
					<ns3:TrackPointExtension>
						<ns3:hr>181</ns3:hr>
						<ns3:speed>3.717470</ns3:speed>
						<ns3:cad>82</ns3:cad>
					</ns3:TrackPointExtension>
				</extensions>
			</trkpt>
			<trkpt lat="-6.452870" lon="-35.673501">
				<time>2025-10-26T13:20:05Z</time>
				<ele>-20000.000000</ele>
				<extensions>
					<ns3:TrackPointExtension>
						<ns3:hr>180</ns3:hr>
						<ns3:speed>3.690040</ns3:speed>
						<ns3:cad>82</ns3:cad>
					</ns3:TrackPointExtension>
				</extensions>
			</trkpt>
			<trkpt lat="-6.452839" lon="-35.673471">
				<time>2025-10-26T13:20:06Z</time>
				<ele>-20000.000000</ele>
				<extensions>
					<ns3:TrackPointExtension>
						<ns3:hr>180</ns3:hr>
						<ns3:speed>3.690040</ns3:speed>
						<ns3:cad>82</ns3:cad>
					</ns3:TrackPointExtension>
				</extensions>
			</trkpt>
			<trkpt lat="-6.452808" lon="-35.673442">
				<time>2025-10-26T13:20:07Z</time>
				<ele>-20000.000000</ele>
				<extensions>
					<ns3:TrackPointExtension>
						<ns3:hr>181</ns3:hr>
						<ns3:speed>3.731340</ns3:speed>
						<ns3:cad>82</ns3:cad>
					</ns3:TrackPointExtension>
				</extensions>
			</trkpt>
			<trkpt lat="-6.452779" lon="-35.673414">
				<time>2025-10-26T13:20:08Z</time>
				<ele>-20000.000000</ele>
				<extensions>
					<ns3:TrackPointExtension>
						<ns3:hr>180</ns3:hr>
						<ns3:speed>3.831420</ns3:speed>
						<ns3:cad>82</ns3:cad>
					</ns3:TrackPointExtension>
				</extensions>
			</trkpt>
			<trkpt lat="-6.452750" lon="-35.673392">
				<time>2025-10-26T13:20:09Z</time>
				<ele>-20000.000000</ele>
				<extensions>
					<ns3:TrackPointExtension>
						<ns3:hr>180</ns3:hr>
						<ns3:speed>3.906250</ns3:speed>
						<ns3:cad>82</ns3:cad>
					</ns3:TrackPointExtension>
				</extensions>
			</trkpt>
			<trkpt lat="-6.452724" lon="-35.673376">
				<time>2025-10-26T13:20:10Z</time>
				<ele>-20000.000000</ele>
				<extensions>
					<ns3:TrackPointExtension>
						<ns3:hr>181</ns3:hr>
						<ns3:speed>3.906250</ns3:speed>
						<ns3:cad>82</ns3:cad>
					</ns3:TrackPointExtension>
				</extensions>
			</trkpt>
			<trkpt lat="-6.452702" lon="-35.673365">
				<time>2025-10-26T13:20:11Z</time>
				<ele>-20000.000000</ele>
				<extensions>
					<ns3:TrackPointExtension>
						<ns3:hr>181</ns3:hr>
						<ns3:speed>3.921570</ns3:speed>
						<ns3:cad>81</ns3:cad>
					</ns3:TrackPointExtension>
				</extensions>
			</trkpt>
			<trkpt lat="-6.452684" lon="-35.673359">
				<time>2025-10-26T13:20:12Z</time>
				<ele>-20000.000000</ele>
				<extensions>
					<ns3:TrackPointExtension>
						<ns3:hr>182</ns3:hr>
						<ns3:speed>3.460210</ns3:speed>
						<ns3:cad>80</ns3:cad>
					</ns3:TrackPointExtension>
				</extensions>
			</trkpt>
			<trkpt lat="-6.452669" lon="-35.673354">
				<time>2025-10-26T13:20:13Z</time>
				<ele>-20000.000000</ele>
				<extensions>
					<ns3:TrackPointExtension>
						<ns3:hr>185</ns3:hr>
						<ns3:speed>2.531650</ns3:speed>
						<ns3:cad>78</ns3:cad>
					</ns3:TrackPointExtension>
				</extensions>
			</trkpt>
			<trkpt lat="-6.452653" lon="-35.673352">
				<time>2025-10-26T13:20:14Z</time>
				<ele>-20000.000000</ele>
				<extensions>
					<ns3:TrackPointExtension>
						<ns3:hr>187</ns3:hr>
						<ns3:speed>1.545600</ns3:speed>
						<ns3:cad>76</ns3:cad>
					</ns3:TrackPointExtension>
				</extensions>
			</trkpt>
			<trkpt lat="-6.452639" lon="-35.673351">
				<time>2025-10-26T13:20:15Z</time>
				<ele>-20000.000000</ele>
				<extensions>
					<ns3:TrackPointExtension>
						<ns3:hr>189</ns3:hr>
						<ns3:speed>0.787400</ns3:speed>
						<ns3:cad>75</ns3:cad>
					</ns3:TrackPointExtension>
				</extensions>
			</trkpt>
			<trkpt lat="-6.452623" lon="-35.673351">
				<time>2025-10-26T13:20:16Z</time>
				<ele>-20000.000000</ele>
				<extensions>
					<ns3:TrackPointExtension>
						<ns3:hr>188</ns3:hr>
						<ns3:speed>0.496520</ns3:speed>
						<ns3:cad>75</ns3:cad>
					</ns3:TrackPointExtension>
				</extensions>
			</trkpt>
			<trkpt lat="-6.452607" lon="-35.673348">
				<time>2025-10-26T13:20:17Z</time>
				<ele>-20000.000000</ele>
				<extensions>
					<ns3:TrackPointExtension>
						<ns3:hr>188</ns3:hr>
						<ns3:speed>0.571100</ns3:speed>
						<ns3:cad>60</ns3:cad>
					</ns3:TrackPointExtension>
				</extensions>
			</trkpt>
			<trkpt lat="-6.452593" lon="-35.673341">
				<time>2025-10-26T13:20:18Z</time>
				<ele>-20000.000000</ele>
				<extensions>
					<ns3:TrackPointExtension>
						<ns3:hr>189</ns3:hr>
						<ns3:speed>0.658760</ns3:speed>
						<ns3:cad>59</ns3:cad>
					</ns3:TrackPointExtension>
				</extensions>
			</trkpt>
			<trkpt lat="-6.452582" lon="-35.673334">
				<time>2025-10-26T13:20:19Z</time>
				<ele>-20000.000000</ele>
				<extensions>
					<ns3:TrackPointExtension>
						<ns3:hr>189</ns3:hr>
						<ns3:speed>0.682590</ns3:speed>
						<ns3:cad>60</ns3:cad>
					</ns3:TrackPointExtension>
				</extensions>
			</trkpt>
			<trkpt lat="-6.452571" lon="-35.673325">
				<time>2025-10-26T13:20:20Z</time>
				<ele>-20000.000000</ele>
				<extensions>
					<ns3:TrackPointExtension>
						<ns3:hr>189</ns3:hr>
						<ns3:speed>0.831260</ns3:speed>
						<ns3:cad>55</ns3:cad>
					</ns3:TrackPointExtension>
				</extensions>
			</trkpt>
			<trkpt lat="-6.452560" lon="-35.673317">
				<time>2025-10-26T13:20:21Z</time>
				<ele>-20000.000000</ele>
				<extensions>
					<ns3:TrackPointExtension>
						<ns3:hr>189</ns3:hr>
						<ns3:speed>0.934580</ns3:speed>
						<ns3:cad>55</ns3:cad>
					</ns3:TrackPointExtension>
				</extensions>
			</trkpt>
			<trkpt lat="-6.452549" lon="-35.673309">
				<time>2025-10-26T13:20:22Z</time>
				<ele>-20000.000000</ele>
				<extensions>
					<ns3:TrackPointExtension>
						<ns3:hr>190</ns3:hr>
						<ns3:speed>0.978470</ns3:speed>
						<ns3:cad>55</ns3:cad>
					</ns3:TrackPointExtension>
				</extensions>
			</trkpt>
			<trkpt lat="-6.452539" lon="-35.673302">
				<time>2025-10-26T13:20:23Z</time>
				<ele>-20000.000000</ele>
				<extensions>
					<ns3:TrackPointExtension>
						<ns3:hr>188</ns3:hr>
						<ns3:speed>0.957850</ns3:speed>
						<ns3:cad>55</ns3:cad>
					</ns3:TrackPointExtension>
				</extensions>
			</trkpt>
			<trkpt lat="-6.452530" lon="-35.673295">
				<time>2025-10-26T13:20:24Z</time>
				<ele>-20000.000000</ele>
				<extensions>
					<ns3:TrackPointExtension>
						<ns3:hr>190</ns3:hr>
						<ns3:speed>0.944290</ns3:speed>
						<ns3:cad>55</ns3:cad>
					</ns3:TrackPointExtension>
				</extensions>
			</trkpt>
			<trkpt lat="-6.452520" lon="-35.673289">
				<time>2025-10-26T13:20:25Z</time>
				<ele>-20000.000000</ele>
				<extensions>
					<ns3:TrackPointExtension>
						<ns3:hr>191</ns3:hr>
						<ns3:speed>1.008060</ns3:speed>
						<ns3:cad>54</ns3:cad>
					</ns3:TrackPointExtension>
				</extensions>
			</trkpt>
			<trkpt lat="-6.452509" lon="-35.673283">
				<time>2025-10-26T13:20:26Z</time>
				<ele>-20000.000000</ele>
				<extensions>
					<ns3:TrackPointExtension>
						<ns3:hr>189</ns3:hr>
						<ns3:speed>1.160090</ns3:speed>
						<ns3:cad>52</ns3:cad>
					</ns3:TrackPointExtension>
				</extensions>
			</trkpt>
			<trkpt lat="-6.452499" lon="-35.673277">
				<time>2025-10-26T13:20:27Z</time>
				<ele>-20000.000000</ele>
				<extensions>
					<ns3:TrackPointExtension>
						<ns3:hr>188</ns3:hr>
						<ns3:speed>1.257860</ns3:speed>
						<ns3:cad>51</ns3:cad>
					</ns3:TrackPointExtension>
				</extensions>
			</trkpt>
			<trkpt lat="-6.452487" lon="-35.673270">
				<time>2025-10-26T13:20:28Z</time>
				<ele>-20000.000000</ele>
				<extensions>
					<ns3:TrackPointExtension>
						<ns3:hr>188</ns3:hr>
						<ns3:speed>1.256280</ns3:speed>
						<ns3:cad>51</ns3:cad>
					</ns3:TrackPointExtension>
				</extensions>
			</trkpt>
			<trkpt lat="-6.452476" lon="-35.673263">
				<time>2025-10-26T13:20:29Z</time>
				<ele>-20000.000000</ele>
				<extensions>
					<ns3:TrackPointExtension>
						<ns3:hr>186</ns3:hr>
						<ns3:speed>1.256280</ns3:speed>
						<ns3:cad>51</ns3:cad>
					</ns3:TrackPointExtension>
				</extensions>
			</trkpt>
			<trkpt lat="-6.452465" lon="-35.673255">
				<time>2025-10-26T13:20:30Z</time>
				<ele>-20000.000000</ele>
				<extensions>
					<ns3:TrackPointExtension>
						<ns3:hr>186</ns3:hr>
						<ns3:speed>1.261030</ns3:speed>
						<ns3:cad>51</ns3:cad>
					</ns3:TrackPointExtension>
				</extensions>
			</trkpt>
			<trkpt lat="-6.452455" lon="-35.673248">
				<time>2025-10-26T13:20:31Z</time>
				<ele>-20000.000000</ele>
				<extensions>
					<ns3:TrackPointExtension>
						<ns3:hr>185</ns3:hr>
						<ns3:speed>1.275510</ns3:speed>
						<ns3:cad>52</ns3:cad>
					</ns3:TrackPointExtension>
				</extensions>
			</trkpt>
			<trkpt lat="-6.452444" lon="-35.673241">
				<time>2025-10-26T13:20:32Z</time>
				<ele>-20000.000000</ele>
				<extensions>
					<ns3:TrackPointExtension>
						<ns3:hr>185</ns3:hr>
						<ns3:speed>1.291990</ns3:speed>
						<ns3:cad>52</ns3:cad>
					</ns3:TrackPointExtension>
				</extensions>
			</trkpt>
			<trkpt lat="-6.452434" lon="-35.673235">
				<time>2025-10-26T13:20:33Z</time>
				<ele>-20000.000000</ele>
				<extensions>
					<ns3:TrackPointExtension>
						<ns3:hr>186</ns3:hr>
						<ns3:speed>1.300390</ns3:speed>
						<ns3:cad>52</ns3:cad>
					</ns3:TrackPointExtension>
				</extensions>
			</trkpt>
			<trkpt lat="-6.452424" lon="-35.673228">
				<time>2025-10-26T13:20:34Z</time>
				<ele>-20000.000000</ele>
				<extensions>
					<ns3:TrackPointExtension>
						<ns3:hr>186</ns3:hr>
						<ns3:speed>1.300390</ns3:speed>
						<ns3:cad>52</ns3:cad>
					</ns3:TrackPointExtension>
				</extensions>
			</trkpt>
			<trkpt lat="-6.452413" lon="-35.673223">
				<time>2025-10-26T13:20:35Z</time>
				<ele>-20000.000000</ele>
				<extensions>
					<ns3:TrackPointExtension>
						<ns3:hr>186</ns3:hr>
						<ns3:speed>1.295340</ns3:speed>
						<ns3:cad>52</ns3:cad>
					</ns3:TrackPointExtension>
				</extensions>
			</trkpt>
			<trkpt lat="-6.452402" lon="-35.673218">
				<time>2025-10-26T13:20:36Z</time>
				<ele>-20000.000000</ele>
				<extensions>
					<ns3:TrackPointExtension>
						<ns3:hr>186</ns3:hr>
						<ns3:speed>1.291990</ns3:speed>
						<ns3:cad>52</ns3:cad>
					</ns3:TrackPointExtension>
				</extensions>
			</trkpt>
			<trkpt lat="-6.452391" lon="-35.673213">
				<time>2025-10-26T13:20:37Z</time>
				<ele>-20000.000000</ele>
				<extensions>
					<ns3:TrackPointExtension>
						<ns3:hr>185</ns3:hr>
						<ns3:speed>1.287000</ns3:speed>
						<ns3:cad>52</ns3:cad>
					</ns3:TrackPointExtension>
				</extensions>
			</trkpt>
			<trkpt lat="-6.452381" lon="-35.673209">
				<time>2025-10-26T13:20:38Z</time>
				<ele>-20000.000000</ele>
				<extensions>
					<ns3:TrackPointExtension>
						<ns3:hr>185</ns3:hr>
						<ns3:speed>1.278770</ns3:speed>
						<ns3:cad>52</ns3:cad>
					</ns3:TrackPointExtension>
				</extensions>
			</trkpt>
			<trkpt lat="-6.452372" lon="-35.673205">
				<time>2025-10-26T13:20:39Z</time>
				<ele>-20000.000000</ele>
				<extensions>
					<ns3:TrackPointExtension>
						<ns3:hr>183</ns3:hr>
						<ns3:speed>1.272260</ns3:speed>
						<ns3:cad>52</ns3:cad>
					</ns3:TrackPointExtension>
				</extensions>
			</trkpt>
			<trkpt lat="-6.452364" lon="-35.673201">
				<time>2025-10-26T13:20:40Z</time>
				<ele>-20000.000000</ele>
				<extensions>
					<ns3:TrackPointExtension>
						<ns3:hr>183</ns3:hr>
						<ns3:speed>1.261030</ns3:speed>
						<ns3:cad>52</ns3:cad>
					</ns3:TrackPointExtension>
				</extensions>
			</trkpt>
			<trkpt lat="-6.452357" lon="-35.673196">
				<time>2025-10-26T13:20:41Z</time>
				<ele>-20000.000000</ele>
				<extensions>
					<ns3:TrackPointExtension>
						<ns3:hr>182</ns3:hr>
						<ns3:speed>1.228500</ns3:speed>
						<ns3:cad>51</ns3:cad>
					</ns3:TrackPointExtension>
				</extensions>
			</trkpt>
			<trkpt lat="-6.452350" lon="-35.673190">
				<time>2025-10-26T13:20:42Z</time>
				<ele>-20000.000000</ele>
				<extensions>
					<ns3:TrackPointExtension>
						<ns3:hr>181</ns3:hr>
						<ns3:speed>1.176470</ns3:speed>
						<ns3:cad>51</ns3:cad>
					</ns3:TrackPointExtension>
				</extensions>
			</trkpt>
		</trkseg>
	</trk>
</gpx>